Timestamp,Antenna_ID,RSSI,Phase,Platform_ID,RSSI_KF,Phase_KF
2025-03-28 19:05:29.657383+00:00,9,-55.5,1.374446786,K1,-55.5,1.374446786
2025-03-28 19:05:29.933519+00:00,17,-71.0,0.619728238,K1,-55.94035181494508,1.271314046793174
2025-03-28 19:05:30.352120+00:00,9,-55.0,1.294679785,K1,-55.90556909219685,1.2743024021307499
2025-03-28 19:05:31.076169+00:00,9,-66.0,1.564660404,K1,-56.358608924603715,1.3094891758394562
2025-03-28 19:05:31.301442+00:00,17,-71.5,5.338253142,K1,-57.14634029091172,1.7767073608003408
2025-03-28 19:05:31.692612+00:00,9,-60.5,0.042951462,K1,-57.34220276761212,1.5827393523493067
2025-03-28 19:05:31.912688+00:00,17,-69.5,5.267690026,K1,-58.12058447817133,1.9830611964636122
2025-03-28 19:05:32.356944+00:00,9,-63.5,5.967185265,K1,-58.49134165480857,2.4055971841530885
2025-03-28 19:05:32.530490+00:00,17,-69.0,2.061670179,K1,-59.26003400073983,2.3698333319044877
2025-03-28 19:05:32.996648+00:00,9,-63.0,5.896622149,K1,-59.54713450548521,2.7307058486193556
2025-03-28 19:05:33.152232+00:00,17,-69.0,4.939418137,K1,-60.30183543949388,2.9537433113634552
2025-03-28 19:05:33.380344+00:00,17,-69.5,1.785553637,K1,-61.06006504673006,2.8370476936163147
2025-03-28 19:05:33.801463+00:00,9,-63.0,5.875146418,K1,-61.224206452036505,3.1378601515951674
2025-03-28 19:05:34.003976+00:00,17,-68.5,4.988505522,K1,-61.853083266943024,3.3197742110640447
2025-03-28 19:05:34.423683+00:00,9,-63.0,5.887418264,K1,-61.95395745917846,3.5706723137798786
2025-03-28 19:05:34.610278+00:00,17,-70.0,5.418020143,K1,-62.67177537109535,3.7503101878756198
2025-03-28 19:05:35.118704+00:00,9,-64.0,5.049864754,K1,-62.791659414535715,3.876177530969909
2025-03-28 19:05:35.351636+00:00,17,-72.0,5.154175447,K1,-63.63075081348678,3.999553732948983
2025-03-28 19:05:35.852598+00:00,9,-66.0,1.165825399,K1,-63.84833371206442,3.726719514168156
2025-03-28 19:05:36.150468+00:00,17,-70.5,5.301437603,K1,-64.46310799723436,3.8780035222799345
2025-03-28 19:05:36.622968+00:00,9,-66.5,1.727262367,K1,-64.65235171419323,3.671750614947016
2025-03-28 19:05:36.828620+00:00,17,-70.5,4.914874444,K1,-65.19797310115503,3.790789548828216
2025-03-28 19:05:37.488459+00:00,9,-66.0,1.945087639,K1,-65.27306947498057,3.614261244727798
2025-03-28 19:05:37.729186+00:00,17,-72.5,1.779417714,K1,-65.95169183939822,3.4389440510550893
2025-03-28 19:05:38.247929+00:00,9,-59.0,1.276272016,K1,-65.29738200835457,3.232469637103364
2025-03-28 19:05:38.944344+00:00,9,-57.5,1.920543946,K1,-64.56206313603239,3.107300197318571
2025-03-28 19:05:39.245376+00:00,17,-75.0,5.7248163,K1,-65.5479438097626,3.3568997692614997
2025-03-28 19:05:39.637747+00:00,9,-58.5,2.135301257,K1,-64.88139624997655,3.24046280434804
2025-03-28 19:05:39.966679+00:00,17,-74.5,2.423689645,K1,-65.79201888696184,3.162640058441432
2025-03-28 19:05:40.350712+00:00,9,-56.5,2.086213872,K1,-64.91155563103237,3.0601077919792306
2025-03-28 19:05:40.616126+00:00,17,-75.0,5.589825991,K1,-65.8681596115843,3.301011227742907
2025-03-28 19:05:41.171254+00:00,9,-57.0,2.135301257,K1,-65.02677860673103,3.1900234864423216
2025-03-28 19:05:41.790162+00:00,9,-56.0,1.951223562,K1,-64.16994264126451,3.0720960192661892
2025-03-28 19:05:42.488178+00:00,9,-58.0,1.184233168,K1,-63.58405485831429,2.892405008820574
2025-03-28 19:05:43.195964+00:00,9,-58.0,1.135145783,K1,-63.05363363804018,2.725163398242629
2025-03-28 19:05:43.832501+00:00,9,-58.0,1.239456477,K1,-62.573471536998696,2.5837785585934263
2025-03-28 19:05:44.512768+00:00,9,-58.0,1.374446786,K1,-62.13883868109392,2.4687029233892424
2025-03-28 19:05:45.358310+00:00,9,-71.0,5.945709534,K1,-62.98109235206425,2.7995424669512263
2025-03-28 19:05:48.482616+00:00,9,-60.0,1.607611866,K1,-62.69769898602285,2.6861350234845958
2025-03-28 19:05:48.753371+00:00,17,-73.5,0.521553468,K1,-63.72472459506085,2.4801919932658736
2025-03-28 19:05:49.274779+00:00,9,-62.0,2.810252803,K1,-63.5607312187884,2.5115936687832074
2025-03-28 19:05:49.583049+00:00,17,-74.0,0.582912699,K1,-64.5534143760166,2.328105713899453
2025-03-28 19:05:50.027573+00:00,9,-61.5,3.086369345,K1,-64.26304274918397,2.4002426702566604
2025-03-28 19:05:50.292776+00:00,17,-73.0,3.60178689,K1,-65.09394790263443,2.5145487960284774
2025-03-28 19:05:50.716129+00:00,9,-62.0,5.91809788,K1,-64.79969353678842,2.8383327664613742
2025-03-28 19:05:50.922782+00:00,17,-73.5,0.932660319,K1,-65.62717783526848,2.6570459076198323
2025-03-28 19:05:51.379926+00:00,9,-62.5,6.040816343,K1,-65.32974404061676,2.978941222867289
2025-03-28 19:05:51.649645+00:00,17,-74.5,0.840621472,K1,-66.20197087341742,2.7755262639010834
2025-03-28 19:05:52.066932+00:00,9,-61.5,6.178874614,K1,-65.75473532662778,3.099279231354382
2025-03-28 19:05:52.343307+00:00,17,-73.5,0.539961237,K1,-66.49145033387423,2.855818321150609
2025-03-28 19:05:52.728787+00:00,9,-60.0,1.251728323,K1,-65.87398778646087,2.703226313425833
2025-03-28 19:05:52.921373+00:00,9,-60.0,0.877437011,K1,-65.31525194756004,2.5295453856791097
2025-03-28 19:05:53.162636+00:00,17,-69.5,2.178252719,K1,-65.71331015151958,2.4961282471594495
2025-03-28 19:05:53.451921+00:00,1,-60.5,1.736466252,K1,-65.21741037153805,2.423864660568072
2025-03-28 19:05:53.581125+00:00,9,-57.0,2.221204181,K1,-64.43575042548945,2.4045864238239045
2025-03-28 19:05:53.883604+00:00,17,-68.5,5.908893995,K1,-64.82235351712802,2.7379358778441625
2025-03-28 19:05:54.256181+00:00,1,-59.0,4.853515213,K1,-64.26851236652735,2.9391814178600515
2025-03-28 19:05:54.411627+00:00,9,-59.0,2.251883797,K1,-63.767352780000806,2.873801960554232
2025-03-28 19:05:54.658501+00:00,17,-68.0,5.752427955,K1,-64.16997825315808,3.147632147358528
2025-03-28 19:05:55.032924+00:00,1,-60.5,4.491495747,K1,-63.820875239959406,3.2754674931254444
2025-03-28 19:05:55.171990+00:00,9,-58.5,2.485048876,K1,-63.31473141252797,3.20027877882764
2025-03-28 19:05:55.413125+00:00,17,-68.5,5.908893995,K1,-63.80797647894491,3.45793616517348
2025-03-28 19:05:55.768450+00:00,1,-60.0,4.718524904,K1,-63.44574493974143,3.577849789805029
2025-03-28 19:05:55.904735+00:00,9,-60.0,2.828660573,K1,-63.11797014837677,3.5065831173399182
2025-03-28 19:05:56.197729+00:00,17,-68.5,5.878214379,K1,-63.62993349284831,3.7321846325502417
2025-03-28 19:05:56.615844+00:00,9,-59.5,2.435961491,K1,-63.237075038393066,3.608881383613975
2025-03-28 19:05:56.843665+00:00,9,-60.5,5.921165841,K1,-62.97671161124772,3.8288374429349052
2025-03-28 19:05:56.992007+00:00,17,-68.5,5.961049342,K1,-63.50211296001015,4.031664069922462
2025-03-28 19:05:57.303020+00:00,1,-62.0,4.773748212,K1,-63.359224810866365,4.102254804921746
2025-03-28 19:05:57.434503+00:00,9,-59.0,2.638446955,K1,-62.9445544349544,3.963010134607341
2025-03-28 19:05:57.678625+00:00,17,-68.0,5.556078414,K1,-63.42545278322079,4.114550686349666
2025-03-28 19:05:58.147912+00:00,9,-62.5,2.481980915,K1,-63.33741923686747,3.9592525672723253
2025-03-28 19:05:58.369117+00:00,17,-67.5,5.638913376,K1,-63.733384121964455,4.119030210205274
2025-03-28 19:05:58.736759+00:00,1,-61.0,1.116738014,K1,-63.473371323985134,3.8334373414008183
2025-03-28 19:05:58.877910+00:00,9,-63.5,0.908116626,K1,-63.475904373490096,3.5551663904093345
2025-03-28 19:05:59.532980+00:00,9,-60.5,1.184233168,K1,-63.19282181409203,3.329631521969825
2025-03-28 19:05:59.826865+00:00,17,-73.0,3.847223816,K1,-64.12572857177372,3.378867454032736
2025-03-28 19:06:00.372196+00:00,9,-60.0,2.116893487,K1,-63.73326906733776,3.2588222679478953
2025-03-28 19:06:00.580429+00:00,17,-69.0,4.246058821,K1,-64.23426632761677,3.3527330750326105
2025-03-28 19:06:00.730110+00:00,17,-70.0,4.227651051,K1,-64.78273119584382,3.435959584313601
2025-03-28 19:06:01.222942+00:00,9,-59.5,1.699650713,K1,-64.28021187616213,3.2707933301473204
2025-03-28 19:06:01.881386+00:00,9,-59.5,1.718058482,K1,-63.825494648609016,3.1230895428233354
2025-03-28 19:06:02.449095+00:00,1,-64.0,3.393165503,K1,-63.842094454924414,3.1487804983234184
2025-03-28 19:06:02.551898+00:00,9,-59.0,1.767145868,K1,-63.381490634509674,3.0173526083102464
2025-03-28 19:06:02.817666+00:00,17,-72.0,0.889708857,K1,-64.2013256117988,2.8149606579307758
2025-03-28 19:06:03.207681+00:00,9,-60.0,1.043106936,K1,-63.80167486219852,2.6464132077823344
2025-03-28 19:06:03.913741+00:00,9,-58.5,1.521708942,K1,-63.297353476723046,2.539425800644844
2025-03-28 19:06:04.128710+00:00,17,-71.0,0.865165164,K1,-64.03006709992364,2.3801618862565492
2025-03-28 19:06:04.618445+00:00,9,-59.5,1.828505099,K1,-63.59914483318178,2.327685576882813
2025-03-28 19:06:04.827129+00:00,17,-70.5,0.751650586,K1,-64.25558812666722,2.177765370108524
2025-03-28 19:06:05.265702+00:00,9,-59.5,1.491029326,K1,-63.80321318610088,2.112439657054363
2025-03-28 19:06:05.916321+00:00,9,-60.5,1.491029326,K1,-63.48899529458547,2.053328047471959
2025-03-28 19:06:06.248585+00:00,17,-72.0,0.920388473,K1,-64.29860394239738,1.9455572583611835
2025-03-28 19:06:06.666613+00:00,9,-64.0,0.56450493,K1,-64.27019926598348,1.8141847628972354
2025-03-28 19:06:06.888214+00:00,17,-69.5,5.792311455,K1,-64.76768364833124,2.192603755232743
2025-03-28 19:06:07.335084+00:00,9,-68.5,0.325203927,K1,-65.12271994748505,2.0149674918376648
2025-03-28 19:06:07.477711+00:00,9,-70.0,0.521553468,K1,-65.58667082916297,1.8729065990573983
2025-03-28 19:06:07.707515+00:00,17,-74.0,1.417398248,K1,-66.3869881061757,1.8295764026327976
2025-03-28 19:06:08.198097+00:00,9,-68.0,5.773903686,K1,-66.54042573610548,2.2047802282107427
2025-03-28 19:06:08.404630+00:00,17,-68.5,5.175651178,K1,-66.72683008445,2.4873840958165854
2025-03-28 19:06:08.520048+00:00,17,-69.0,5.141903601,K1,-66.94306519471967,2.739895056853393
2025-03-28 19:06:08.873968+00:00,1,-59.5,5.534602683,K1,-66.23504420038337,3.005741401926324
2025-03-28 19:06:09.057936+00:00,9,-68.0,5.810719225,K1,-66.40293548280633,3.2725646986449872
2025-03-28 19:06:09.230108+00:00,17,-68.5,5.310641488,K1,-66.60241858108334,3.4664365943040276
2025-03-28 19:06:09.537007+00:00,1,-60.5,5.319845372,K1,-66.02192649041079,3.6427419597382396
2025-03-28 19:06:09.764823+00:00,9,-70.5,2.742757649,K1,-66.44790288317907,3.5571310223738704
2025-03-28 19:06:09.920898+00:00,17,-68.5,5.258486141,K1,-66.64310846113962,3.7189722953254605
2025-03-28 19:06:10.252399+00:00,1,-60.0,5.583690068,K1,-66.01118328753509,3.896353427992035
2025-03-28 19:06:10.451996+00:00,9,-69.5,6.013204689,K1,-66.34305670490569,4.097718739060151
2025-03-28 19:06:10.614799+00:00,17,-69.0,1.929747831,K1,-66.5957982284253,3.8914906755609615
2025-03-28 19:06:10.947782+00:00,1,-60.5,5.135767678,K1,-66.01593589779588,4.009852428344869
2025-03-28 19:06:11.093829+00:00,9,-65.5,4.979301637,K1,-65.96685753578977,4.10207120868388
2025-03-28 19:06:11.281346+00:00,17,-69.5,5.246214295,K1,-66.30294743693403,4.210907730504152
2025-03-28 19:06:11.795592+00:00,9,-67.5,5.154175447,K1,-66.41681696857006,4.300635998441124
2025-03-28 19:06:11.983777+00:00,17,-69.5,5.368932758,K1,-66.71010451381412,4.402257644343319
2025-03-28 19:06:12.584151+00:00,9,-68.5,5.669592992,K1,-66.88036818225383,4.5228128204076725
2025-03-28 19:06:12.779118+00:00,17,-69.0,5.089748254,K1,-67.0819979935054,4.57674250929361
2025-03-28 19:06:13.276868+00:00,9,-69.5,5.933437688,K1,-67.31201024568203,4.705798032312487
2025-03-28 19:06:13.524071+00:00,17,-68.5,1.932815793,K1,-67.4250176783574,4.442018313160123
2025-03-28 19:06:13.901954+00:00,1,-60.5,5.675728915,K1,-66.76627591208485,4.5593749378992054
2025-03-28 19:06:14.098810+00:00,9,-69.5,5.988660996,K1,-67.0263212026294,4.6953356626547205
2025-03-28 19:06:14.253432+00:00,17,-68.5,5.329049257,K1,-67.16650478323619,4.755617618870561
2025-03-28 19:06:14.538292+00:00,1,-59.5,5.252350218,K1,-66.43722911395297,4.802869268604481
2025-03-28 19:06:14.692586+00:00,9,-65.0,0.362019466,K1,-66.30051280663525,4.380433777636216
2025-03-28 19:06:14.917804+00:00,17,-68.0,5.095884177,K1,-66.46217639329379,4.448490941051408
2025-03-28 19:06:15.227310+00:00,1,-62.0,4.921010368,K1,-66.03771221206182,4.493439314670663
2025-03-28 19:06:15.412624+00:00,9,-62.5,0.300660234,K1,-65.70118761393323,4.094601531771896
2025-03-28 19:06:15.592754+00:00,17,-68.5,1.816233253,K1,-65.9674244237703,3.8778719270281905
2025-03-28 19:06:15.893917+00:00,1,-60.0,1.626019635,K1,-65.39977364108795,3.663664653454676
2025-03-28 19:06:16.101880+00:00,9,-63.0,0.377359274,K1,-65.17149536072964,3.351055110655359
2025-03-28 19:06:16.404413+00:00,17,-68.5,4.939418137,K1,-65.48811910482324,3.502148019600748
2025-03-28 19:06:16.616780+00:00,25,-72.0,1.92667987,K1,-66.1075612668678,3.352281734799532
2025-03-28 19:06:17.014882+00:00,9,-64.0,6.185010537,K1,-65.90707966580563,3.6217448410785282
2025-03-28 19:06:17.234231+00:00,17,-67.5,5.117359908,K1,-66.05860608830373,3.7640151076205126
2025-03-28 19:06:17.535170+00:00,1,-62.5,4.878058905,K1,-65.72009396182398,3.869988436920297
2025-03-28 19:06:17.699886+00:00,9,-62.0,0.177941771,K1,-65.36622031397596,3.5187827859054908
2025-03-28 19:06:17.924553+00:00,17,-67.0,4.727728788,K1,-65.52163347912895,3.6337836800237806
2025-03-28 19:06:18.215619+00:00,1,-61.0,1.607611866,K1,-65.09151344723925,3.4410442443117732
2025-03-28 19:06:18.343735+00:00,9,-60.0,0.619728238,K1,-64.60718362784931,3.1726667793514656
2025-03-28 19:06:18.598381+00:00,17,-67.5,5.172583217,K1,-64.88236255953062,3.362908674434382
2025-03-28 19:06:18.879045+00:00,1,-60.5,4.96396183,K1,-64.46549066300042,3.5152087309314397
2025-03-28 19:06:19.022999+00:00,9,-62.5,5.91809788,K1,-64.27852351704496,3.7437833737452206
2025-03-28 19:06:19.272681+00:00,17,-66.5,4.976233676,K1,-64.48984129414968,3.86102011258222
2025-03-28 19:06:19.654627+00:00,1,-60.5,4.982369599,K1,-64.11030795236121,3.9676883949816366
2025-03-28 19:06:19.775682+00:00,9,-63.0,5.761631839,K1,-64.00468999502745,4.138337125116992
2025-03-28 19:06:19.983185+00:00,17,-67.0,5.0222531,K1,-64.28961862553383,4.222419563257998
2025-03-28 19:06:20.400752+00:00,1,-61.5,2.319378951,K1,-64.02425637144695,4.041392973506433
2025-03-28 19:06:20.545425+00:00,9,-63.5,5.780039609,K1,-63.97438652501948,4.206781599045527
2025-03-28 19:06:20.745849+00:00,17,-67.5,5.163379332,K1,-64.30976023173216,4.297777883751901
2025-03-28 19:06:21.246737+00:00,9,-64.5,5.853670687,K1,-64.3278567748447,4.445782065258465
2025-03-28 19:06:21.442909+00:00,17,-68.5,5.203262833,K1,-64.72473157359566,4.517837364185554
2025-03-28 19:06:21.632889+00:00,25,-70.5,2.067806102,K1,-65.27410353202758,4.2847783315399495
2025-03-28 19:06:21.893312+00:00,1,-61.0,5.773903686,K1,-64.86752976704109,4.426431264690243
2025-03-28 19:06:22.009121+00:00,9,-61.5,0.245436926,K1,-64.54719376071124,4.028714504454844
2025-03-28 19:06:22.219077+00:00,17,-65.5,5.025321061,K1,-64.6378293798785,4.123516625383489
2025-03-28 19:06:22.615844+00:00,9,-62.0,5.325981296,K1,-64.38690606594079,4.237900983350579
2025-03-28 19:06:23.363621+00:00,9,-68.5,0.813009818,K1,-64.77816380548374,3.9121084784822835
2025-03-28 19:06:23.696827+00:00,17,-67.5,5.847534763,K1,-65.03707826110903,4.096215752780567
2025-03-28 19:06:24.009503+00:00,9,-59.5,3.681553891,K1,-64.5103641235654,4.0567710755337165
2025-03-28 19:06:24.252954+00:00,9,-69.0,6.252505691,K1,-64.93744038599618,4.265640159502274
2025-03-28 19:06:24.508671+00:00,17,-75.0,0.497009775,K1,-65.89464058412194,3.9071494882332853
2025-03-28 19:06:24.868311+00:00,9,-59.0,3.460660657,K1,-65.23878843652889,3.8646772730006242
2025-03-28 19:06:25.518130+00:00,9,-56.5,4.246058821,K1,-64.40751186836987,3.9009561629958176
2025-03-28 19:06:26.185977+00:00,9,-54.5,4.301282129,K1,-63.46506057494953,3.939037139275533
2025-03-28 19:06:26.890784+00:00,9,-54.0,4.313553976,K1,-62.56469742629244,3.974663024146337
2025-03-28 19:06:27.623465+00:00,9,-49.5,3.963806356,K1,-61.321919103022005,3.973630284436035
2025-03-28 19:06:28.503448+00:00,9,-49.0,3.736777199,K1,-60.14979750979553,3.9510996531649853
2025-03-28 19:06:29.113142+00:00,9,-49.0,3.779728661,K1,-59.089173891667016,3.9347980009069405
2025-03-28 19:06:29.786647+00:00,9,-49.0,3.675417968,K1,-58.12944201245517,3.910124495515442
2025-03-28 19:06:30.416403+00:00,9,-49.0,3.755184969,K1,-57.261004553367876,3.895385885145204
2025-03-28 19:06:31.144298+00:00,9,-47.5,4.14788405,K1,-56.3324897568555,3.919404753375217
2025-03-28 19:06:31.805899+00:00,9,-58.0,3.546563582,K1,-56.491111538622974,3.8839382660400124
2025-03-28 19:06:32.126585+00:00,9,-53.0,6.17273869,K1,-56.15901982591416,4.10166022777984
2025-03-28 19:06:32.671822+00:00,9,-54.5,3.614058736,K1,-56.001205694423234,4.055277173920606
2025-03-28 19:06:33.278178+00:00,9,-54.0,3.706097584,K1,-55.81084115889029,4.022061492675018
2025-03-28 19:06:33.498564+00:00,17,-72.5,6.240233845,K1,-57.398396091437576,4.233064964611497
2025-03-28 19:06:33.907629+00:00,9,-51.5,3.534291735,K1,-56.83731162347665,4.166594215668229
2025-03-28 19:06:34.189110+00:00,17,-74.5,6.000932842,K1,-58.51747347711809,4.3410855343691885
2025-03-28 19:06:34.354623+00:00,25,-71.5,5.565282298,K1,-59.75243529961319,4.457537155988561
2025-03-28 19:06:34.666501+00:00,9,-51.0,2.926835343,K1,-58.91986057466809,4.311929265464854
2025-03-28 19:06:34.960553+00:00,17,-75.0,6.092971689,K1,-60.44948258280977,4.481350787033354
2025-03-28 19:06:35.375513+00:00,9,-51.0,2.859340189,K1,-59.550601289439456,4.327057155456857
2025-03-28 19:06:35.604620+00:00,17,-74.5,5.884350302,K1,-60.972661675317376,4.475194544510089
2025-03-28 19:06:36.247991+00:00,9,-51.0,2.951379036,K1,-60.02401301159463,4.330241713162575
2025-03-28 19:06:36.520786+00:00,17,-74.5,6.080699843,K1,-61.40104014434168,4.496753906179496
2025-03-28 19:06:36.877134+00:00,9,-51.0,2.932971266,K1,-60.4116420121783,4.347999204550465
2025-03-28 19:06:37.151281+00:00,17,-74.0,5.737088147,K1,-61.70423350550429,4.480136181813846
2025-03-28 19:06:37.664809+00:00,9,-51.5,2.951379036,K1,-60.73355658950398,4.334713277603396
2025-03-28 19:06:38.020644+00:00,17,-75.5,6.043884304,K1,-62.13821336673881,4.497298038127037
2025-03-28 19:06:38.178187+00:00,25,-72.5,5.546874529,K1,-63.123877511723514,4.597138919925502
2025-03-28 19:06:38.493594+00:00,9,-51.5,2.957514959,K1,-62.01815707040287,4.441169818578216
2025-03-28 19:06:38.900613+00:00,17,-76.5,5.338253142,K1,-63.395741249098855,4.526504799721548
2025-03-28 19:06:39.327109+00:00,9,-52.0,3.337942194,K1,-62.31172225195948,4.41344287459285
2025-03-28 19:06:39.590466+00:00,17,-75.5,5.387340527,K1,-63.56625614369354,4.506084812787284
2025-03-28 19:06:40.106811+00:00,9,-56.5,3.061825653,K1,-62.89407907938697,4.368699772904445
2025-03-28 19:06:40.782542+00:00,9,-53.5,2.736621726,K1,-62.00046803995675,4.2134484760396225
2025-03-28 19:06:41.374779+00:00,9,-54.0,2.417553722,K1,-61.23942414191235,4.042614127690774
2025-03-28 19:06:42.068866+00:00,9,-56.0,2.859340189,K1,-60.74102432923208,3.930055286600717
2025-03-28 19:06:42.563546+00:00,1,-62.5,1.153553552,K1,-60.908346752665416,3.6659407757403017
2025-03-28 19:06:42.728132+00:00,9,-55.5,2.755029495,K1,-60.393878189817876,3.579290411236007
2025-03-28 19:06:43.341253+00:00,1,-62.5,1.153553552,K1,-60.59422286267604,3.348542381775355
2025-03-28 19:06:43.449907+00:00,9,-55.5,2.785709111,K1,-60.10963531035344,3.29500291080932
2025-03-28 19:06:44.218646+00:00,9,-55.0,3.141592654,K1,-59.62358165014812,3.2804097721005516
2025-03-28 19:06:44.913790+00:00,9,-57.0,2.656854725,K1,-59.37401365038929,3.2210941468995506
2025-03-28 19:06:45.689484+00:00,9,-55.5,2.865476112,K1,-59.00549840417559,3.1872660090777156
2025-03-28 19:06:47.036902+00:00,9,-56.5,1.742602175,K1,-58.767163063976156,3.0498424745845747
2025-03-28 19:06:47.324166+00:00,17,-74.5,5.902758072,K1,-60.26374794992155,3.3212258481828565
2025-03-28 19:06:47.847931+00:00,9,-55.5,1.767145868,K1,-59.810596797888586,3.173394111328932
2025-03-28 19:06:48.522263+00:00,9,-56.0,1.681242944,K1,-59.44811407482076,3.0314533479655865
2025-03-28 19:06:49.150804+00:00,9,-55.0,1.871456561,K1,-59.02498757052864,2.92110874411713
2025-03-28 19:06:49.853554+00:00,9,-56.0,1.527844865,K1,-58.73723586391431,2.7885746263290048
2025-03-28 19:06:50.567714+00:00,9,-55.5,1.638291481,K1,-58.42929405495287,2.679154031883297
2025-03-28 19:06:51.283642+00:00,9,-55.5,1.638291481,K1,-58.150645186540956,2.580142062946422
2025-03-28 19:06:51.997037+00:00,9,-56.0,1.773281791,K1,-57.94606523098071,2.503389542534805
2025-03-28 19:06:52.611813+00:00,9,-55.5,1.711922559,K1,-57.71338346674401,2.4281013074822435
2025-03-28 19:06:53.213731+00:00,9,-56.0,1.748738098,K1,-57.55039799816101,2.3634769351892553
2025-03-28 19:06:53.882915+00:00,9,-55.5,1.681242944,K1,-57.35535404857337,2.2985794800103876
2025-03-28 19:06:54.485319+00:00,9,-55.5,1.67510702,K1,-57.17886363947146,2.2392717108998945
2025-03-28 19:06:55.129170+00:00,9,-57.0,2.104621641,K1,-57.16184924972302,2.226463133507075
2025-03-28 19:06:55.566055+00:00,17,-75.5,0.006135923,K1,-58.90626440896313,2.015254680854162
2025-03-28 19:06:55.932847+00:00,9,-59.0,1.981903178,K1,-58.91518099974656,2.0120821217474942
2025-03-28 19:06:56.563549+00:00,9,-60.0,3.288854809,K1,-59.01837432249996,2.133535023999013
2025-03-28 19:06:57.208909+00:00,9,-54.5,1.920543946,K1,-58.58856431762958,2.1132742643235174
2025-03-28 19:06:57.834719+00:00,9,-56.0,1.589204096,K1,-58.34232733889426,2.0634221304536258
2025-03-28 19:06:58.462538+00:00,9,-57.5,2.098485718,K1,-58.26220101650664,2.0667575514830507
2025-03-28 19:06:59.111291+00:00,9,-56.5,2.147573103,K1,-58.094571782311576,2.0744451245152655
2025-03-28 19:06:59.854891+00:00,9,-56.0,2.000310947,K1,-57.89532580495338,2.0673931166636303
2025-03-28 19:07:00.463247+00:00,9,-56.5,2.110757564,K1,-57.76259554663097,2.0715181563328833
2025-03-28 19:07:01.104267+00:00,9,-56.5,2.12302941,K1,-57.64249124377487,2.0764181603186738
2025-03-28 19:07:01.746240+00:00,9,-56.5,2.190524565,K1,-57.53381185335652,2.087272523160548
2025-03-28 19:07:02.368595+00:00,9,-56.5,1.828505099,K1,-57.435470581471726,2.0626572921282498
2025-03-28 19:07:03.000492+00:00,9,-56.5,2.092349795,K1,-57.34648401540166,2.0654817891470936
2025-03-28 19:07:03.751736+00:00,9,-56.5,1.877592484,K1,-57.2659622894856,2.0476088336555085
2025-03-28 19:07:04.369898+00:00,9,-56.0,1.859184715,K1,-57.14553772547815,2.0296850040706653
2025-03-28 19:07:04.994322+00:00,9,-54.0,1.748738098,K1,-56.84631869478047,2.0029599515522767
2025-03-28 19:07:05.611300+00:00,9,-54.5,2.172116796,K1,-56.62312531201685,2.0190509831814816
2025-03-28 19:07:06.290388+00:00,9,-61.0,3.522019889,K1,-57.039475175194674,2.162020783074568
2025-03-28 19:07:06.993752+00:00,9,-52.5,1.718058482,K1,-56.607657953358164,2.1197889038261164
2025-03-28 19:07:07.252071+00:00,9,-50.5,4.853515213,K1,-56.02666746711022,2.3798344056804632
2025-03-28 19:07:07.854231+00:00,9,-50.5,1.662835174,K1,-55.50094365553338,2.3116299097125137
2025-03-28 19:07:08.122702+00:00,17,-74.0,6.111379459,K1,-57.260664946865724,2.673080789103543
2025-03-28 19:07:08.511183+00:00,9,-49.0,1.509437095,K1,-56.474869838354124,2.5623892734981473
2025-03-28 19:07:08.759692+00:00,17,-74.0,6.129787228,K1,-58.14194647753866,2.901737725565006
2025-03-28 19:07:09.108424+00:00,9,-49.0,1.497165249,K1,-57.27231953218599,2.768127878327033
2025-03-28 19:07:09.356996+00:00,17,-73.5,0.165669925,K1,-58.81597637048152,2.5205692685800765
2025-03-28 19:07:09.774535+00:00,9,-48.5,1.509437095,K1,-57.83466992316927,2.4243853994643834
2025-03-28 19:07:10.052193+00:00,17,-74.5,6.117515382,K1,-59.419958146373816,2.775694100887399
2025-03-28 19:07:10.463415+00:00,9,-48.5,1.521708942,K1,-58.381197979757,2.656408860493557
2025-03-28 19:07:10.709786+00:00,17,-73.5,6.031612458,K1,-59.819372842250345,2.977474839347672
2025-03-28 19:07:11.240298+00:00,9,-48.5,1.435806017,K1,-58.7426183838536,2.8308237129144076
2025-03-28 19:07:11.499026+00:00,17,-74.0,0.042951462,K1,-60.19397561959425,2.5656275825768655
2025-03-28 19:07:11.885307+00:00,9,-48.5,1.546252634,K1,-59.08158710123198,2.4686596201327657
2025-03-28 19:07:12.125599+00:00,17,-74.0,6.056156151,K1,-60.50069996418089,2.8099199477081402
2025-03-28 19:07:12.546304+00:00,9,-49.0,1.662835174,K1,-59.406696777459004,2.700803598113306
2025-03-28 19:07:13.150721+00:00,9,-51.5,1.846912869,K1,-58.654572863442965,2.6195773091333585
2025-03-28 19:07:13.910559+00:00,9,-66.5,5.267690026,K1,-59.400868507648916,2.871478824699693
2025-03-28 19:07:14.117218+00:00,17,-68.0,6.264777538,K1,-60.21886021989011,3.194266100031783
2025-03-28 19:07:14.612665+00:00,9,-66.5,6.123651305,K1,-60.81635315137145,3.4729236390817926
2025-03-28 19:07:14.834930+00:00,17,-68.5,0.260776734,K1,-61.547259458311515,3.167368415371667
2025-03-28 19:07:15.044229+00:00,17,-66.5,0.6626797,K1,-62.01838851588969,2.929110096756526
2025-03-28 19:07:15.418130+00:00,9,-63.0,5.577554145,K1,-62.111764231722994,3.181043130194229
2025-03-28 19:07:15.633196+00:00,17,-68.0,0.404970928,K1,-62.671882199736054,2.916969478570466
2025-03-28 19:07:16.057850+00:00,9,-61.0,5.283029833,K1,-62.512844535938946,3.1420407851678105
2025-03-28 19:07:16.337879+00:00,17,-70.0,4.111068512,K1,-63.22505961525376,3.2342194720719153
2025-03-28 19:07:16.757666+00:00,9,-60.0,5.117359908,K1,-62.91827607099607,3.4133530591028416
2025-03-28 19:07:16.981411+00:00,17,-68.0,0.628932123,K1,-63.40167466322838,3.148485234817452
2025-03-28 19:07:17.252389+00:00,1,-61.5,3.994485972,K1,-63.22077800927169,3.228960988930623
2025-03-28 19:07:17.389376+00:00,9,-60.0,4.638757903,K1,-62.91440175244897,3.363067810378549
2025-03-28 19:07:17.584628+00:00,17,-66.5,0.809941856,K1,-63.25548150597201,3.120201903182315
2025-03-28 19:07:17.888192+00:00,1,-63.0,0.607456392,K1,-63.231178847651,2.8811771824943375
2025-03-28 19:07:17.991077+00:00,9,-60.0,4.951689983,K1,-62.923813211889,3.078134551085509
2025-03-28 19:07:18.228112+00:00,17,-69.0,0.760854471,K1,-63.501810005998415,2.8577034642789374
2025-03-28 19:07:18.646623+00:00,9,-65.0,1.761009944,K1,-63.6443252122778,2.7533805787346526
2025-03-28 19:07:18.992642+00:00,17,-71.0,0.56450493,K1,-64.34403320251499,2.545163953441255
2025-03-28 19:07:19.623853+00:00,17,-68.5,0.362019466,K1,-64.73936921984607,2.3374925044187034
2025-03-28 19:07:20.114879+00:00,9,-65.5,0.757786509,K1,-64.8117241634581,2.1872230948650024
2025-03-28 19:07:20.312244+00:00,17,-71.5,5.84139884,K1,-65.44794588053972,2.5348262774947856
2025-03-28 19:07:20.888079+00:00,9,-68.0,5.29530168,K1,-65.69070982952299,2.7974162847651107
2025-03-28 19:07:22.274629+00:00,9,-66.0,4.657165672,K1,-65.72013103285647,2.9743248001142417
2025-03-28 19:07:23.044521+00:00,9,-63.0,4.252194744,K1,-65.46137878060101,3.0958820788173824
2025-03-28 19:07:23.742179+00:00,9,-63.5,3.982214125,K1,-65.27480277713781,3.1801943455522337
2025-03-28 19:07:24.451256+00:00,9,-64.0,4.540583132,K1,-65.15353726243224,3.309601222715347
2025-03-28 19:07:25.158903+00:00,9,-63.0,3.969942279,K1,-64.94868219837849,3.372416114169665
2025-03-28 19:07:25.830242+00:00,9,-62.5,4.270602513,K1,-64.71575149532228,3.457856025275165
2025-03-28 19:07:26.575728+00:00,9,-64.5,4.325825822,K1,-64.6952281511643,3.5404215844631053
2025-03-28 19:07:26.819609+00:00,9,-63.5,1.36217494,K1,-64.58153216654546,3.3332160423716837
2025-03-28 19:07:27.356110+00:00,9,-66.0,4.405592823,K1,-64.71646380852333,3.435225799954077
2025-03-28 19:07:28.005358+00:00,9,-62.0,5.000777369,K1,-64.45806040069641,3.584148770803502
2025-03-28 19:07:28.643607+00:00,9,-66.5,4.727728788,K1,-64.65229974575273,3.6929317307086333
2025-03-28 19:07:29.311284+00:00,9,-65.0,1.132077821,K1,-64.68537470530782,3.449330702364618
2025-03-28 19:07:29.981957+00:00,9,-63.5,5.795379417,K1,-64.57261602895724,3.6724984032880017
2025-03-28 19:07:30.847605+00:00,9,-61.5,6.142059075,K1,-64.28033366895122,3.90741516949097
2025-03-28 19:07:31.500380+00:00,9,-59.0,0.638136008,K1,-63.77804234070344,3.596425244347808
2025-03-28 19:07:32.147378+00:00,9,-60.0,0.404970928,K1,-63.41865635783521,3.292838401526412
2025-03-28 19:07:32.799080+00:00,9,-59.5,6.056156151,K1,-63.04589447755908,3.5556987868303223
2025-03-28 19:07:33.453393+00:00,9,-59.0,6.068427997,K1,-62.661029081072286,3.7947219568857444
2025-03-28 19:07:34.158505+00:00,9,-59.5,6.185010537,K1,-62.36033643638247,4.02209797156088
2025-03-28 19:07:35.039602+00:00,9,-59.5,0.122718463,K1,-62.088247156056475,3.6511698000678456
2025-03-28 19:07:35.669652+00:00,9,-59.0,0.079767001,K1,-61.7944778863048,3.3114403874741347
2025-03-28 19:07:36.438325+00:00,9,-60.5,0.251572849,K1,-61.67134077837492,3.020370726630585
2025-03-28 19:07:37.102156+00:00,9,-59.0,0.085902924,K1,-61.41722969527004,2.741229705874525
2025-03-28 19:07:37.764518+00:00,9,-60.0,0.429514621,K1,-61.28241583109036,2.5213279888031757
2025-03-28 19:07:38.617996+00:00,9,-60.0,6.252505691,K1,-61.16042612522158,2.8762559765901954
2025-03-28 19:07:39.376963+00:00,9,-62.0,6.117515382,K1,-61.24029052455003,3.1845805246224477
2025-03-28 19:07:39.722382+00:00,17,-76.0,0.079767001,K1,-62.64430673673904,2.889235380448687
2025-03-28 19:07:40.081790+00:00,9,-67.0,5.632777453,K1,-63.0586417185429,3.1502146060284124
2025-03-28 19:07:40.731215+00:00,9,-68.5,5.17871914,K1,-63.57625050049094,3.3431759415433304
2025-03-28 19:07:42.118157+00:00,9,-70.5,5.565282298,K1,-64.2348716313889,3.554553635315876
2025-03-28 19:07:42.956595+00:00,9,-70.5,6.000932842,K1,-64.83084147860075,3.78726526646686
2025-03-28 19:07:43.678048+00:00,9,-71.0,5.85980661,K1,-65.41768220158485,3.984415600055238
2025-03-28 19:07:45.105386+00:00,9,-70.0,5.890486225,K1,-65.85357482461231,4.165730419527191
2025-03-28 19:07:45.823301+00:00,9,-70.0,6.092971689,K1,-66.24800319588589,4.3490590949079815
2025-03-28 19:07:46.645126+00:00,9,-69.5,5.822991071,K1,-66.55734913813207,4.489266759126513
2025-03-28 19:07:48.177074+00:00,9,-70.5,5.810719225,K1,-66.93239349373208,4.6149698218331014
2025-03-28 19:07:48.863191+00:00,9,-69.5,5.890486225,K1,-67.1766368622969,4.736303220159002
2025-03-28 19:07:49.568190+00:00,9,-70.5,6.17273869,K1,-67.4927715214572,4.8729440321461635
2025-03-28 19:07:50.382761+00:00,9,-70.5,5.019185138,K1,-67.77883389583208,4.886855205929682
2025-03-28 19:07:51.079237+00:00,9,-72.5,5.172583217,K1,-68.22793445311028,4.9140350606881045
2025-03-28 19:07:51.668424+00:00,9,-61.5,1.932815793,K1,-67.58794021322204,4.630446810466348
2025-03-28 19:07:52.299909+00:00,9,-61.0,1.589204096,K1,-66.96126291447978,4.341148834553291
2025-03-28 19:07:53.003741+00:00,9,-62.0,2.129165334,K1,-66.4893231668548,4.130734076658693
2025-03-28 19:07:53.601017+00:00,9,-62.5,1.834641022,K1,-66.10983911188464,3.9123184039926766
2025-03-28 19:07:54.496940+00:00,9,-61.0,1.859184715,K1,-65.62376606507456,3.717014222028129
2025-03-28 19:07:55.142502+00:00,9,-62.0,1.822369176,K1,-65.27905560088773,3.536786259859112
2025-03-28 19:07:55.895167+00:00,9,-62.0,2.215068258,K1,-64.96713569270979,3.4110579380626103
2025-03-28 19:07:56.658627+00:00,9,-62.5,2.116893487,K1,-64.73244960244519,3.287950645635691
2025-03-28 19:07:57.360106+00:00,9,-61.5,2.503456646,K1,-64.42496308623254,3.2133257151324486
2025-03-28 19:07:58.218191+00:00,9,-63.0,5.488583259,K1,-64.28941358384097,3.4297594114602004
2025-03-28 19:07:58.862293+00:00,9,-63.0,1.945087639,K1,-64.1667582172878,3.2885301249501446
2025-03-28 19:07:59.480909+00:00,9,-59.5,1.846912869,K1,-63.72283320600376,3.1513963959636717
2025-03-28 19:08:00.322062+00:00,9,-71.0,1.319223478,K1,-64.41507312946355,2.9771110901022424
2025-03-28 19:08:00.839445+00:00,9,-62.5,1.282407939,K1,-64.2329019474517,2.815902585087085
2025-03-28 19:08:01.533124+00:00,9,-66.0,1.242524438,K1,-64.40099701181812,2.666235111612183
2025-03-28 19:08:01.819308+00:00,17,-76.5,4.957825906,K1,-65.55191372701401,2.8842225071212324
2025-03-28 19:08:02.385079+00:00,9,-66.0,1.300815708,K1,-65.59453789876875,2.733601058904093
2025-03-28 19:08:02.670085+00:00,17,-75.0,5.068272523,K1,-66.48923174726372,2.9556864997576477
2025-03-28 19:08:03.117821+00:00,9,-67.0,1.417398248,K1,-66.53781853745129,2.809356949837982
2025-03-28 19:08:03.443201+00:00,17,-75.0,1.920543946,K1,-67.34278288879341,2.724808682199747
2025-03-28 19:08:04.515552+00:00,9,-66.5,4.420932631,K1,-67.26261323225718,2.8861523404850664
2025-03-28 19:08:05.178035+00:00,9,-67.0,4.356505438,K1,-67.23763216902977,3.026019564158204
2025-03-28 19:08:06.135954+00:00,9,-67.0,1.153553552,K1,-67.21502742749266,2.847901380855489
2025-03-28 19:08:06.779080+00:00,9,-66.5,4.362641361,K1,-67.14701049924422,2.9919909032753678
2025-03-28 19:08:07.481637+00:00,9,-66.0,1.34376717,K1,-67.03790121500197,2.8352037492543194
2025-03-28 19:08:08.210029+00:00,9,-66.5,4.436272439,K1,-66.98673340389598,2.9875052834389964
2025-03-28 19:08:08.494602+00:00,17,-74.0,1.969631332,K1,-67.65386984162275,2.8906801032305176
2025-03-28 19:08:08.923764+00:00,9,-62.5,0.809941856,K1,-67.16360837508195,2.69275003981751
2025-03-28 19:08:09.835586+00:00,9,-69.5,1.306951631,K1,-67.3858574460995,2.560926074309124
2025-03-28 19:08:10.431754+00:00,9,-58.5,3.331806271,K1,-66.54059094988048,2.634255992869492
2025-03-28 19:08:10.713017+00:00,17,-71.5,5.197126909,K1,-67.01235434880283,2.8780488887920064
2025-03-28 19:08:11.091903+00:00,9,-56.0,3.884039355,K1,-65.9648050006394,2.9737436533951245
2025-03-28 19:08:11.315424+00:00,17,-69.5,5.482447336,K1,-66.30109014911116,3.2123838954550465
2025-03-28 19:08:11.823762+00:00,9,-55.0,3.620194659,K1,-65.22607483047273,3.2511768625168074
2025-03-28 19:08:12.069335+00:00,17,-74.0,5.681864838,K1,-66.06069377761659,3.4823958665241497
2025-03-28 19:08:12.472981+00:00,9,-56.0,3.865631585,K1,-65.10367106703156,3.5188511343412414
2025-03-28 19:08:12.761181+00:00,17,-74.5,5.418020143,K1,-65.99749612360816,3.6995094381025035
2025-03-28 19:08:13.110973+00:00,9,-55.5,3.798136431,K1,-64.99892262394327,3.708891323106261
2025-03-28 19:08:13.859924+00:00,9,-55.5,3.779728661,K1,-64.09533835051782,3.7156297193461425
2025-03-28 19:08:14.109914+00:00,17,-74.0,5.233942448,K1,-65.03751851708887,3.8600590991892
2025-03-28 19:08:14.526068+00:00,9,-55.5,3.669282045,K1,-64.13026281233948,3.8419114467953084
2025-03-28 19:08:14.805907+00:00,17,-74.0,2.47277703,K1,-65.06912079220481,3.711672642227785
2025-03-28 19:08:15.212928+00:00,9,-55.5,3.865631585,K1,-64.15885892350087,3.726317974645961
2025-03-28 19:08:15.487209+00:00,17,-75.5,2.208932335,K1,-65.23768408348201,3.5819767840724412
2025-03-28 19:08:15.892550+00:00,9,-55.5,3.730641276,K1,-64.31138764484788,3.596118482267132
2025-03-28 19:08:16.204231+00:00,17,-75.0,5.589825991,K1,-65.32814106112608,3.7857697534713415
2025-03-28 19:08:16.605035+00:00,9,-56.0,3.571107274,K1,-64.44080237053795,3.765350001861206
2025-03-28 19:08:17.226292+00:00,9,-56.0,3.724505353,K1,-63.6378717036552,3.7614646578252895
2025-03-28 19:08:17.644731+00:00,17,-74.5,5.460971605,K1,-64.67113081030033,3.923130123567012
2025-03-28 19:08:18.037979+00:00,9,-56.0,3.792000508,K1,-63.84629016855713,3.9106564291179158
2025-03-28 19:08:18.669479+00:00,9,-56.5,3.755184969,K1,-63.147474889485764,3.8958672186052477
2025-03-28 19:08:18.949335+00:00,17,-75.5,5.694136685,K1,-64.32250787678683,4.066927461281585
2025-03-28 19:08:19.359354+00:00,9,-55.0,3.60178689,K1,-63.43570504241943,4.022681000732178
2025-03-28 19:08:19.646664+00:00,17,-73.0,1.834641022,K1,-64.34550785398129,3.8145438684825606
2025-03-28 19:08:20.053258+00:00,9,-53.5,3.638602429,K1,-63.31382976561914,3.797807452780052
2025-03-28 19:08:20.272707+00:00,17,-68.5,5.641981338,K1,-63.80716380450074,3.973234349715329
2025-03-28 19:08:20.677990+00:00,9,-56.5,3.202951885,K1,-63.1120704177573,3.899961290362495
2025-03-28 19:08:20.928717+00:00,17,-71.0,1.822369176,K1,-63.86240910379274,3.7023305025930733
2025-03-28 19:08:21.502157+00:00,9,-55.0,1.846912869,K1,-63.01937312930605,3.5258340449711243
2025-03-28 19:08:21.767757+00:00,17,-72.0,1.509437095,K1,-63.87365455964498,3.3340244424395262
2025-03-28 19:08:22.250230+00:00,9,-53.0,1.754874021,K1,-62.83929901810279,3.1838078818172444
2025-03-28 19:08:22.497266+00:00,17,-71.5,0.791534087,K1,-63.66314752323295,2.956243023748388
2025-03-28 19:08:22.789469+00:00,1,-63.5,0.159534002,K1,-63.64762812781541,2.6902062962747744
2025-03-28 19:08:22.907322+00:00,9,-56.0,1.724194406,K1,-62.920148098882244,2.5983144905878754
2025-03-28 19:08:23.449754+00:00,1,-61.5,6.221826076,K1,-62.78505662178667,2.943000747416668
2025-03-28 19:08:23.563039+00:00,9,-55.0,2.092349795,K1,-62.04450371808769,2.8620826419421963
2025-03-28 19:08:23.855461+00:00,17,-75.0,1.092194321,K1,-63.276894291019666,2.6937221535125238
2025-03-28 19:08:24.073705+00:00,1,-60.5,5.994796919,K1,-63.01274243826053,3.007736633004922
2025-03-28 19:08:24.211303+00:00,9,-54.5,2.276427489,K1,-62.20296847804897,2.938170907743675
2025-03-28 19:08:24.725110+00:00,1,-62.0,6.258641615,K1,-62.18366111741169,3.254030424683418
2025-03-28 19:08:24.870993+00:00,9,-54.5,2.12302941,K1,-61.45275345315474,3.146444041410835
2025-03-28 19:08:25.524695+00:00,1,-61.5,0.128854386,K1,-61.457247777236866,2.859396060894844
2025-03-28 19:08:25.659136+00:00,9,-55.0,2.300971182,K1,-60.84300258627008,2.806275937862467
2025-03-28 19:08:26.154917+00:00,1,-62.0,6.019340612,K1,-60.95306187497353,3.1119184642824087
2025-03-28 19:08:26.310145+00:00,9,-57.0,1.883728408,K1,-60.57702717256419,2.995086981011139
2025-03-28 19:08:26.540934+00:00,17,-74.0,0.632000085,K1,-61.853886415413065,2.7702985244138327
2025-03-28 19:08:26.831327+00:00,1,-62.0,0.23316508,K1,-61.86778545874602,2.5289539034801365
2025-03-28 19:08:26.940133+00:00,9,-52.5,1.607611866,K1,-60.976675597927645,2.441311314054851
2025-03-28 19:08:27.178347+00:00,17,-71.5,1.122873937,K1,-61.97770601056612,2.3158950614368754
2025-03-28 19:08:27.614877+00:00,9,-55.0,1.840776945,K1,-61.31395227076395,2.2706994876830944
2025-03-28 19:08:30.573763+00:00,9,-68.5,0.257708772,K1,-61.99752450029822,2.079213902922365
2025-03-28 19:08:31.345079+00:00,9,-66.0,0.15646604,K1,-62.37825966990421,1.8963126624890763
2025-03-28 19:08:31.984701+00:00,9,-72.0,0.503145698,K1,-63.29352696804427,1.7637877636973827
2025-03-28 19:08:32.487840+00:00,1,-61.5,1.098330244,K1,-63.122917855153474,1.7004861690601532
2025-03-28 19:08:32.637694+00:00,9,-69.0,5.29530168,K1,-63.681974835607996,2.0424427140438532
2025-03-28 19:08:33.471297+00:00,9,-67.0,2.116893487,K1,-63.99760172047359,2.049524838012099
2025-03-28 19:08:35.352513+00:00,9,-67.0,5.41188422,K1,-64.28320462254392,2.369369011867215
2025-03-28 19:08:35.971682+00:00,9,-58.5,5.215534679,K1,-63.733077734073404,2.640110298874041
2025-03-28 19:08:36.251111+00:00,17,-75.0,4.96396183,K1,-64.80484283548994,2.861166494448082
2025-03-28 19:08:36.601694+00:00,9,-60.5,4.325825822,K1,-64.39534499666006,3.0004920986977583
2025-03-28 19:08:37.401536+00:00,9,-63.0,4.3994569,K1,-64.26261291272804,3.1335685162639138
2025-03-28 19:08:37.986237+00:00,9,-62.0,4.26446659,K1,-64.0473820359508,3.241145107286914
2025-03-28 19:08:38.813996+00:00,9,-61.0,4.442408362,K1,-63.75750005756058,3.3554151806599326
2025-03-28 19:08:39.458365+00:00,9,-62.0,4.651029749,K1,-63.59031800171846,3.478660415379721
2025-03-28 19:08:40.104983+00:00,9,-58.5,5.221670602,K1,-63.106101898989756,3.6444641233792545
2025-03-28 19:08:41.850204+00:00,9,-69.5,0.036815539,K1,-63.7143209569485,3.3012868332859635
2025-03-28 19:08:42.418731+00:00,9,-66.0,0.202485464,K1,-63.93174599757296,3.0065135948243475
2025-03-28 19:08:43.082441+00:00,9,-62.5,0.300660234,K1,-63.79555127126939,2.749119505006894
2025-03-28 19:08:43.693324+00:00,9,-62.0,6.19114646,K1,-63.62474959669226,3.0765420505278684
2025-03-28 19:08:44.317420+00:00,9,-62.0,0.441786467,K1,-63.47019541808205,2.825911131228161
2025-03-28 19:08:45.229716+00:00,9,-68.5,0.104310694,K1,-63.948655186473935,2.5670191019964994
2025-03-28 19:08:45.870304+00:00,9,-69.5,0.44792239,K1,-64.47672642870306,2.3654401926156425
2025-03-28 19:08:46.460122+00:00,9,-65.5,5.405748297,K1,-64.5740652473292,2.654649263817576
2025-03-28 19:08:47.134557+00:00,9,-62.0,4.479223901,K1,-64.32920749152488,2.8282117838125638
2025-03-28 19:08:47.758081+00:00,9,-57.5,3.773592738,K1,-63.67957966175954,2.918141073313935
2025-03-28 19:08:48.401516+00:00,9,-57.5,3.620194659,K1,-63.09174762861179,2.9849238658728385
2025-03-28 19:08:49.394671+00:00,9,-58.0,3.479068427,K1,-62.60739553273641,3.031929328693197
2025-03-28 19:08:49.994645+00:00,9,-57.5,3.48520435,K1,-62.12155493120215,3.0750470797270917
2025-03-28 19:08:50.655332+00:00,9,-57.5,3.620194659,K1,-61.6819298789799,3.1269042006689265
2025-03-28 19:08:51.293156+00:00,9,-57.5,3.589515044,K1,-61.28412412554746,3.170910021044429
2025-03-28 19:08:51.952941+00:00,9,-57.0,3.994485972,K1,-60.876597152384235,3.2492526191175086
2025-03-28 19:08:52.559793+00:00,9,-58.5,4.074252973,K1,-60.65052353370361,3.3277307134078686
2025-03-28 19:08:52.840278+00:00,9,-62.0,4.436272439,K1,-60.77889237726379,3.433180658558085
2025-03-28 19:08:53.383975+00:00,9,-61.0,1.497165249,K1,-60.7999252226241,3.249017343786307
2025-03-28 19:08:53.979362+00:00,9,-55.0,0.650407854,K1,-60.24820778837562,3.001824818833376
2025-03-28 19:08:54.594602+00:00,9,-55.5,1.184233168,K1,-59.79653489299716,2.8289265548699762
2025-03-28 19:08:55.206378+00:00,9,-54.5,0.91425255,K1,-59.292702424576156,2.646793339553938
2025-03-28 19:08:55.842947+00:00,9,-55.5,1.000155474,K1,-58.931921902373425,2.490157041076149
2025-03-28 19:08:56.466687+00:00,9,-54.0,1.135145783,K1,-58.46277321623567,2.361261700879791
2025-03-28 19:08:56.790160+00:00,9,-55.0,0.957204012,K1,-58.13337718423277,2.2277008227802066
2025-03-28 19:08:57.275394+00:00,9,-55.0,0.969475858,K1,-57.83531492407221,2.108012271181633
2025-03-28 19:09:34.551222+00:00,9,-68.5,4.006757818,K2,-68.5,4.006757818
2025-03-28 19:09:35.261816+00:00,9,-68.5,0.147262156,K2,-68.5,3.5687279278735358
2025-03-28 19:09:40.553173+00:00,9,-71.0,5.994796919,K2,-68.59948072751635,3.835400581172621
2025-03-28 19:09:41.387928+00:00,9,-70.5,6.092971689,K2,-68.68962352003801,4.077138581039165
2025-03-28 19:09:41.999065+00:00,9,-67.5,0.223961195,K2,-68.62501331657545,3.6732947550834236
2025-03-28 19:09:42.210989+00:00,9,-69.5,1.061514705,K2,-68.67788475727258,3.404321756717903
2025-03-28 19:09:42.899849+00:00,9,-71.0,0.245436926,K2,-68.83066134991017,3.0836477754296956
2025-03-28 19:09:43.580182+00:00,9,-66.5,0.420310736,K2,-68.66646095381178,2.81644322226317
2025-03-28 19:09:44.256961+00:00,9,-66.5,0.524621429,K2,-68.50514266334672,2.5887177189257304
2025-03-28 19:09:44.904620+00:00,9,-67.0,0.337475773,K2,-68.38791689137925,2.3667836727879634
2025-03-28 19:09:45.601008+00:00,9,-66.5,2.107689603,K2,-68.23540356026209,2.341406053801396
2025-03-28 19:09:46.423531+00:00,9,-72.0,4.779884135,K2,-68.54872393752335,2.5789873784014135
2025-03-28 19:09:47.082876+00:00,9,-66.5,6.050020227,K2,-68.37401316681873,2.9157071527307545
2025-03-28 19:09:47.714235+00:00,9,-64.5,3.227495578,K2,-68.03701407378259,2.9458460527848906
2025-03-28 19:09:48.412715+00:00,9,-65.0,0.030679616,K2,-67.76849835607267,2.66487110018151
2025-03-28 19:09:49.040245+00:00,9,-63.5,3.202951885,K2,-67.38605469128787,2.7166100183733453
2025-03-28 19:09:49.756527+00:00,9,-65.0,0.15646604,K2,-67.16993606813548,2.4709201710028084
2025-03-28 19:09:50.563355+00:00,9,-65.0,0.049087385,K2,-66.9716372326218,2.2388745573219024
2025-03-28 19:09:51.196927+00:00,9,-64.5,3.564971351,K2,-66.74411811590768,2.3657672075080014
2025-03-28 19:09:51.992296+00:00,9,-65.5,6.166602767,K2,-66.62891055173102,2.729075446854781
2025-03-28 19:09:52.708214+00:00,9,-67.0,5.835262917,K2,-66.66344200442695,3.0257245287910455
2025-03-28 19:09:54.027792+00:00,1,-57.0,4.896466675,K2,-65.76062256019199,3.2042570950355813
2025-03-28 19:09:54.246473+00:00,9,-69.5,5.755495916,K2,-66.11112164395244,3.4475891361741096
2025-03-28 19:09:54.393544+00:00,17,-67.5,1.116738014,K2,-66.24165246850912,3.225384227944189
2025-03-28 19:09:54.667934+00:00,1,-54.5,2.086213872,K2,-65.13571944845611,3.116827536953039
2025-03-28 19:09:54.819632+00:00,9,-64.0,2.650718801,K2,-65.02855541803025,3.072424263201772
2025-03-28 19:09:55.104534+00:00,17,-72.5,0.717903009,K2,-65.73458001323696,2.8481829708718505
2025-03-28 19:09:55.363569+00:00,1,-54.5,5.249282256,K2,-64.6716764683587,3.0768108100034497
2025-03-28 19:09:55.515776+00:00,9,-61.5,2.343922644,K2,-64.37130886583829,3.0070390382376826
2025-03-28 19:09:55.799725+00:00,17,-71.5,1.049242859,K2,-65.0469619698552,2.8206816946880195
2025-03-28 19:09:56.072457+00:00,1,-56.5,2.018718717,K2,-64.23635164747853,2.744354067225838
2025-03-28 19:09:56.203399+00:00,9,-60.5,2.521864415,K2,-63.88179749013488,2.7231804519500695
2025-03-28 19:09:56.728192+00:00,1,-57.0,5.583690068,K2,-63.228473335601315,2.99538415181184
2025-03-28 19:09:56.853579+00:00,9,-61.0,2.37460226,K2,-63.016836399950435,2.9363149189388555
2025-03-28 19:09:57.109881+00:00,17,-72.0,0.834485549,K2,-63.870215576870876,2.736330317153728
2025-03-28 19:09:57.402289+00:00,1,-57.0,5.215534679,K2,-63.21740304435798,2.972211035112501
2025-03-28 19:09:57.535136+00:00,9,-62.0,2.534136262,K2,-63.10170159720634,2.930532464964848
2025-03-28 19:09:57.900854+00:00,17,-70.5,0.975611781,K2,-63.80494700416905,2.7445461547957564
2025-03-28 19:09:58.275802+00:00,1,-55.0,5.080544369,K2,-62.96788109203588,2.966781903186118
2025-03-28 19:09:58.346532+00:00,9,-60.0,2.307107105,K2,-62.68570073782132,2.9040248168888523
2025-03-28 19:09:58.676791+00:00,17,-71.5,0.994019551,K2,-63.52382198938763,2.722322503997829
2025-03-28 19:09:58.903774+00:00,1,-54.5,2.279495451,K2,-62.66571520231882,2.680196107235254
2025-03-28 19:09:59.056963+00:00,9,-61.0,2.534136262,K2,-62.507307035295646,2.6663014985529063
2025-03-28 19:09:59.281393+00:00,17,-71.0,0.951068088,K2,-63.3149948536816,2.5031335416821077
2025-03-28 19:09:59.548044+00:00,1,-56.5,5.098952139,K2,-62.66683657263671,2.7500686532605894
2025-03-28 19:09:59.691809+00:00,9,-61.5,2.460505184,K2,-62.55585781765684,2.722523213748751
2025-03-28 19:09:59.980435+00:00,17,-71.0,4.104932588,K2,-63.359008513431476,2.854027678925509
2025-03-28 19:10:00.236914+00:00,1,-55.5,2.172116796,K2,-62.61149537338185,2.7891597956483904
2025-03-28 19:10:00.372861+00:00,9,-62.5,2.460505184,K2,-62.60089024931254,2.7578960921115874
2025-03-28 19:10:00.655351+00:00,17,-70.5,0.932660319,K2,-63.352242291310276,2.584268593263944
2025-03-28 19:10:00.874914+00:00,1,-55.5,5.344389065,K2,-62.605339180848105,2.8468274235369084
2025-03-28 19:10:01.015813+00:00,9,-61.0,2.552544031,K2,-62.45263825055549,2.8188335130466164
2025-03-28 19:10:01.388756+00:00,17,-71.0,0.889708857,K2,-63.26567557659413,2.635324469020944
2025-03-28 19:10:01.777603+00:00,1,-56.5,1.803961407,K2,-62.62211052511046,2.556240695069744
2025-03-28 19:10:01.904308+00:00,9,-61.5,2.417553722,K2,-62.515372471258424,2.5430480491790077
2025-03-28 19:10:02.202318+00:00,17,-71.5,4.04970928,K2,-63.370017271979755,2.68636960067109
2025-03-28 19:10:02.569181+00:00,9,-64.5,2.245747873,K2,-63.477505020403726,2.6444553688159984
2025-03-28 19:10:03.190416+00:00,9,-56.0,0.362019466,K2,-62.76621753139122,2.4273383040607235
2025-03-28 19:10:03.893508+00:00,9,-56.0,0.68108747,K2,-62.12258872394897,2.2612259992167782
2025-03-28 19:10:04.553595+00:00,9,-54.5,0.515417545,K2,-61.3974971223352,2.095155835678256
2025-03-28 19:10:06.056548+00:00,9,-58.0,0.975611781,K2,-61.074312866280884,1.9886591527718562
2025-03-28 19:10:06.801055+00:00,9,-56.5,0.944932165,K2,-60.63918434944189,1.8893745960578885
2025-03-28 19:10:07.461680+00:00,9,-63.0,1.294679785,K2,-60.86375563936499,1.832804247966739
2025-03-28 19:10:07.699261+00:00,17,-72.5,0.46633016,K2,-61.97064797782377,1.7028184117872835
2025-03-28 19:10:08.051717+00:00,9,-61.5,0.306796158,K2,-61.925877774633626,1.5700218242019228
2025-03-28 19:10:08.679763+00:00,9,-61.0,5.915029918,K2,-61.8378039635337,1.9833405830066657
2025-03-28 19:10:09.284607+00:00,9,-65.0,1.251728323,K2,-62.138606943696935,1.913745995884024
2025-03-28 19:10:09.869437+00:00,1,-59.5,6.178874614,K2,-61.88761012255114,2.319466156422855
2025-03-28 19:10:10.010001+00:00,9,-63.0,1.386718632,K2,-61.993425964579956,2.2307385970302107
2025-03-28 19:10:10.286852+00:00,17,-67.5,5.190990986,K2,-62.51723774854377,2.5123324366876254
2025-03-28 19:10:10.712610+00:00,9,-59.0,0.981747704,K2,-62.18266111765156,2.366735657112012
2025-03-28 19:10:10.942916+00:00,17,-68.0,5.45176772,K2,-62.736034570574944,2.660199134792017
2025-03-28 19:10:11.251016+00:00,1,-59.0,4.522175363,K2,-62.38064481248219,2.8373194996701616
2025-03-28 19:10:11.361638+00:00,9,-56.5,1.834641022,K2,-61.821249241470724,2.7419397782581414
2025-03-28 19:10:11.699367+00:00,17,-66.5,5.632777453,K2,-62.26631484170705,3.0169305088356024
2025-03-28 19:10:12.013538+00:00,1,-58.5,1.865320638,K2,-61.9080445684835,2.9073837024451694
2025-03-28 19:10:12.114750+00:00,9,-57.5,1.803961407,K2,-61.488729799560915,2.8024207369733185
2025-03-28 19:10:12.316130+00:00,17,-64.0,1.79168956,K2,-61.727614122324994,2.706275008342276
2025-03-28 19:10:12.737028+00:00,9,-61.0,1.208776861,K2,-61.658399899734604,2.563825608722553
2025-03-28 19:10:13.034652+00:00,17,-66.5,5.442563835,K2,-62.11895665509835,2.837665366061134
2025-03-28 19:10:13.326987+00:00,1,-59.0,5.246214295,K2,-61.822266186943125,3.06677840060042
2025-03-28 19:10:13.592015+00:00,9,-59.5,1.619883712,K2,-61.601360821677574,2.9291426534868976
2025-03-28 19:10:14.014131+00:00,17,-69.0,5.154175447,K2,-62.30515573213183,3.140798727828795
2025-03-28 19:10:14.269248+00:00,1,-58.5,1.325359401,K2,-61.94319061700712,2.96810520119838
2025-03-28 19:10:14.379469+00:00,9,-59.0,1.644427405,K2,-61.66321985630587,2.842190452733216
2025-03-28 19:10:14.631230+00:00,17,-68.0,4.727728788,K2,-62.266005542900636,3.021552141367101
2025-03-28 19:10:14.920342+00:00,1,-58.0,4.693981211,K2,-61.86020211510697,3.1806418272937202
2025-03-28 19:10:15.033572+00:00,9,-59.5,1.423534171,K2,-61.63568808059209,3.0134970975822015
2025-03-28 19:10:15.258344+00:00,17,-67.5,1.951223562,K2,-62.193530279041035,2.912448409896879
2025-03-28 19:10:15.676436+00:00,9,-60.0,0.717903009,K2,-61.98487088709105,2.70369244902633
2025-03-28 19:10:15.850565+00:00,17,-65.5,1.36217494,K2,-62.3192472635284,2.5760807002324477
2025-03-28 19:10:16.147357+00:00,1,-58.5,0.613592315,K2,-61.95594167106408,2.389399145208586
2025-03-28 19:10:16.276314+00:00,9,-61.5,0.319068004,K2,-61.912570255715025,2.1924590565062076
2025-03-28 19:10:16.486409+00:00,17,-66.5,0.963339935,K2,-62.34894914778758,2.0755391957652645
2025-03-28 19:10:16.835198+00:00,1,-60.5,0.171805848,K2,-62.173068005827496,1.894446709332826
2025-03-28 19:10:17.006914+00:00,9,-71.0,5.896622149,K2,-63.012729217344784,2.2751533362158796
2025-03-28 19:10:17.406823+00:00,17,-72.5,0.202485464,K2,-63.915205105273806,2.0779909663994847
2025-03-28 19:10:17.602922+00:00,1,-55.5,0.72097097,K2,-63.11470937988562,1.9489045450212774
2025-03-28 19:10:17.746409+00:00,9,-66.0,4.307418052,K2,-63.38917242397191,2.1732579584939717
2025-03-28 19:10:18.337632+00:00,1,-55.0,0.34974762,K2,-62.591153054156244,1.9997966797335627
2025-03-28 19:10:18.483627+00:00,9,-63.5,4.276738437,K2,-62.67760704874915,2.216390586826715
2025-03-28 19:10:19.013965+00:00,1,-57.5,0.012271846,K2,-62.185087583237475,2.0067239635103613
2025-03-28 19:10:19.153436+00:00,9,-61.0,3.83495197,K2,-62.072356219539756,2.1806340100279833
2025-03-28 19:10:19.590032+00:00,1,-58.5,0.754718548,K2,-61.732536113362876,2.044993912929754
2025-03-28 19:10:19.718948+00:00,9,-60.0,4.006757818,K2,-61.56772875094927,2.2316065513656955
2025-03-28 19:10:20.005372+00:00,17,-72.5,0.196349541,K2,-62.607660199543794,2.038002887028676
2025-03-28 19:10:20.459152+00:00,9,-60.0,4.080388896,K2,-62.359606726717644,2.2322846967960928
2025-03-28 19:10:20.729651+00:00,17,-72.0,0.711767086,K2,-63.27664838405906,2.087645577695273
2025-03-28 19:10:21.265580+00:00,9,-59.0,4.289010283,K2,-62.8698325404264,2.297050223539404
2025-03-28 19:10:21.619735+00:00,17,-71.5,3.755184969,K2,-63.69077654628959,2.435755177437042
2025-03-28 19:10:22.072356+00:00,9,-59.0,4.424000592,K2,-63.24456679348394,2.6248868673710337
2025-03-28 19:10:22.392761+00:00,17,-71.0,3.724505353,K2,-63.98230177191287,2.7294879900212208
2025-03-28 19:10:22.879922+00:00,9,-59.5,3.914718971,K2,-63.55592316569892,2.8422329946108182
2025-03-28 19:10:23.142910+00:00,17,-72.0,0.104310694,K2,-64.35916531554282,2.581788349389741
2025-03-28 19:10:23.451283+00:00,1,-55.0,0.647339892,K2,-63.46887544530911,2.3977740908156813
2025-03-28 19:10:23.897378+00:00,17,-70.5,1.687378867,K2,-64.13771061986996,2.3301978005790627
2025-03-28 19:10:24.127059+00:00,1,-58.5,0.024543693,K2,-63.60142383710582,2.110872633496002
2025-03-28 19:10:25.008619+00:00,9,-69.0,0.417242774,K2,-64.11496297332098,1.9497662252587245
2025-03-28 19:10:25.221869+00:00,9,-70.5,0.625864161,K2,-64.72233912223396,1.8238301446953291
2025-03-28 19:10:25.788825+00:00,9,-71.0,0.184077695,K2,-65.31950112336796,1.6678488208622695
2025-03-28 19:10:26.511477+00:00,9,-72.0,6.19114646,K2,-65.95498305771594,2.0981271558472017
2025-03-28 19:10:27.142453+00:00,9,-71.0,0.042951462,K2,-66.4348899006827,1.9026287283288814
2025-03-28 19:10:27.832668+00:00,9,-71.5,0.079767001,K2,-66.91670810364764,1.7292291487491003
2025-03-28 19:10:29.234912+00:00,9,-69.0,6.129787228,K2,-67.11488108272913,2.1478318926752067
2025-03-28 19:10:29.980165+00:00,9,-70.0,0.073631078,K2,-67.38932779461028,1.950523702023193
2025-03-28 19:10:30.593153+00:00,9,-70.0,0.196349541,K2,-67.63766778443959,1.7836580218291733
2025-03-28 19:10:31.252473+00:00,9,-69.5,6.203418306,K2,-67.81482199112921,2.2040873739991387
2025-03-28 19:10:32.198260+00:00,17,-68.0,4.884194829,K2,-67.83243703477386,2.45903238653454
2025-03-28 19:10:32.773074+00:00,9,-72.5,0.736310778,K2,-68.27643859763864,2.295158627942073
2025-03-28 19:10:33.375093+00:00,1,-58.5,5.927301764,K2,-67.34645563887632,2.6406659603530196
2025-03-28 19:10:33.483337+00:00,9,-61.5,2.264155643,K2,-66.79031200241594,2.604850445792931
2025-03-28 19:10:34.033230+00:00,1,-57.5,5.29530168,K2,-65.9065717980904,2.860779409517939
2025-03-28 19:10:34.158909+00:00,9,-61.0,2.368466336,K2,-65.4398345386465,2.8139481668134665
2025-03-28 19:10:34.751589+00:00,1,-58.0,3.018874191,K2,-64.7321208586718,2.833441738874358
2025-03-28 19:10:34.883583+00:00,9,-60.0,2.030990563,K2,-64.28197823122744,2.757108633382527
2025-03-28 19:10:35.433105+00:00,1,-58.5,5.927301764,K2,-63.731968003136465,3.058673007570406
2025-03-28 19:10:35.565226+00:00,9,-60.5,1.920543946,K2,-63.42452729902105,2.9504085693938453
2025-03-28 19:10:36.105830+00:00,1,-58.5,6.000932842,K2,-62.95608202395093,3.240589452800815
2025-03-28 19:10:36.230028+00:00,9,-61.0,1.79168956,K2,-62.77000987405101,3.102762963552137
2025-03-28 19:10:36.960111+00:00,1,-59.0,2.699806187,K2,-62.411387978946706,3.064431731624316
2025-03-28 19:10:37.101925+00:00,9,-61.0,1.957359485,K2,-62.277129807576586,2.9591215705462375
2025-03-28 19:10:37.721965+00:00,1,-59.0,6.209554229,K2,-61.96539309033731,3.2683187235585685
2025-03-28 19:10:37.894010+00:00,9,-61.0,2.067806102,K2,-61.87356014794623,3.154120054105792
2025-03-28 19:10:38.434174+00:00,1,-59.0,5.749359993,K2,-61.600212963089675,3.40099205079305
2025-03-28 19:10:38.568733+00:00,9,-61.0,1.79168956,K2,-61.54311775180891,3.2479072769261945
2025-03-28 19:10:39.107492+00:00,1,-59.0,6.123651305,K2,-61.30120387410127,3.5214622032096248
2025-03-28 19:10:39.223725+00:00,9,-61.0,1.822369176,K2,-61.27255187907958,3.3598361115722764
2025-03-28 19:10:39.810253+00:00,1,-59.0,5.902758072,K2,-61.05637555890371,3.6017313646401394
2025-03-28 19:10:39.948701+00:00,9,-60.5,1.840776945,K2,-61.0034503772756,3.43422071287473
2025-03-28 19:10:40.531708+00:00,1,-60.0,6.246369768,K2,-60.90799723843399,3.701726172318579
2025-03-28 19:10:40.651901+00:00,9,-60.5,2.037126486,K2,-60.869186532962964,3.5433812570420664
2025-03-28 19:10:40.812207+00:00,9,-61.5,2.015650755,K2,-60.92919261479406,3.398056012240298
2025-03-28 19:10:41.375924+00:00,1,-60.0,5.638913376,K2,-60.840803239814356,3.6112173941194534
2025-03-28 19:10:41.475903+00:00,9,-61.0,2.092349795,K2,-60.85594681920529,3.4667352322666494
2025-03-28 19:10:42.071591+00:00,1,-60.0,5.52846676,K2,-60.77452494481578,3.6628572829705375
2025-03-28 19:10:42.190823+00:00,9,-62.5,2.435961491,K2,-60.93866062480568,3.546148916490946
2025-03-28 19:10:43.138653+00:00,9,-68.0,4.430136515,K2,-61.61036998189238,3.6302381678237814
2025-03-28 19:10:43.528759+00:00,1,-56.0,0.052155347,K2,-61.076683975128006,3.2898733186817606
2025-03-28 19:10:43.699245+00:00,9,-60.5,0.521553468,K2,-61.02182695699116,3.0265371088907234
2025-03-28 19:10:44.235733+00:00,1,-55.0,5.807651263,K2,-60.44900113757547,3.2910903757969954
2025-03-28 19:10:44.418934+00:00,9,-59.5,1.171961322,K2,-60.35872747841179,3.0895083899048896
2025-03-28 19:10:45.021020+00:00,1,-56.5,6.221826076,K2,-59.99166632811471,3.3874698653877817
2025-03-28 19:10:45.159876+00:00,9,-59.0,0.852893318,K2,-59.89733414603004,3.14636846908418
2025-03-28 19:10:45.640316+00:00,1,-56.5,5.982525073,K2,-59.574163000474414,3.4161576447334747
2025-03-28 19:10:45.773913+00:00,9,-59.0,0.791534087,K2,-59.51954578985479,3.166490533596882
2025-03-28 19:10:46.274651+00:00,1,-56.0,6.280117346,K2,-59.1847492712162,3.462674041178225
2025-03-28 19:10:46.431147+00:00,9,-59.0,0.742446701,K2,-59.16717501120728,3.2039126276962993
2025-03-28 19:10:46.916458+00:00,1,-56.0,0.015339808,K2,-58.86589773539292,2.9005998870190415
2025-03-28 19:10:47.077719+00:00,9,-59.5,0.920388473,K2,-58.92621666383626,2.7122324307714183
2025-03-28 19:10:47.550513+00:00,1,-55.0,2.865476112,K2,-58.55273561004169,2.7268097239910665
2025-03-28 19:10:47.722657+00:00,9,-62.5,1.159689476,K2,-58.928218827141315,2.577737532679385
2025-03-28 19:10:48.445682+00:00,9,-72.5,3.497476196,K2,-60.21923345223739,2.6652276012628535
2025-03-28 19:10:49.232599+00:00,9,-66.0,1.086058398,K2,-60.769128419034566,2.5150092540210935
2025-03-28 19:10:49.584041+00:00,17,-74.5,2.613903263,K2,-62.07527650678837,2.5244165389087603
2025-03-28 19:10:50.738344+00:00,9,-70.5,4.933282214,K2,-62.876677671720046,2.7535596982940573
2025-03-28 19:10:50.993750+00:00,17,-75.0,6.007068765,K2,-64.02990776224519,3.0630494944012945
2025-03-28 19:10:51.501665+00:00,9,-69.5,4.78908802,K2,-64.55024985954401,3.227238774470407
2025-03-28 19:10:52.186629+00:00,9,-69.5,4.982369599,K2,-65.02109445543827,3.3941954572053215
2025-03-28 19:10:52.411381+00:00,17,-73.5,5.645049299,K2,-65.82764968377694,3.608307753277551
2025-03-28 19:10:53.016107+00:00,9,-69.5,4.736932673,K2,-66.17698172106336,3.7156681107023726
2025-03-28 19:10:53.669113+00:00,9,-69.0,4.871922982,K2,-66.44552111457416,3.825656765114887
2025-03-28 19:10:54.262595+00:00,9,-67.5,1.294679785,K2,-66.54582833627195,3.584897777367255
2025-03-28 19:10:54.543850+00:00,17,-72.5,5.381204604,K2,-67.11221845119498,3.7557713240893706
2025-03-28 19:10:54.810697+00:00,1,-60.0,6.031612458,K2,-66.43566922597365,3.972260534374434
2025-03-28 19:10:54.956753+00:00,9,-68.5,4.509903516,K2,-66.63203852977836,4.0234037810506305
2025-03-28 19:10:55.657676+00:00,9,-68.5,5.862874571,K2,-66.80972821888084,4.1983832964152645
2025-03-28 19:10:56.244952+00:00,9,-67.0,3.994485972,K2,-66.82782780721337,4.17898757933986
2025-03-28 19:10:56.472185+00:00,9,-60.5,6.092971689,K2,-66.22589368079676,4.361055168427893
2025-03-28 19:10:57.047614+00:00,9,-60.5,2.93910719,K2,-65.68121849118812,4.22579247793098
2025-03-28 19:10:57.802962+00:00,9,-61.0,2.963650882,K2,-65.2359179474776,4.105731357099795
2025-03-28 19:10:58.555277+00:00,9,-63.5,3.006602344,K2,-65.07078888817313,4.001176795490961
2025-03-28 19:10:59.245372+00:00,9,-65.0,5.921165841,K2,-65.06405510070914,4.183815603633071
2025-03-28 19:10:59.872979+00:00,9,-62.5,2.35619449,K2,-64.82014955932098,4.009963287803424
2025-03-28 19:11:00.737667+00:00,9,-61.0,3.13545673,K2,-64.45675813056728,3.92677591972793
2025-03-28 19:11:01.329416+00:00,9,-61.5,3.190680039,K2,-64.1754967441055,3.856754856509404
2025-03-28 19:11:01.918065+00:00,9,-62.0,2.779573188,K2,-63.96855278607103,3.754288034342235
2025-03-28 19:11:02.616749+00:00,9,-62.0,2.583223647,K2,-63.781294355897266,3.642890625871527
2025-03-28 19:11:03.215901+00:00,9,-64.0,2.797980957,K2,-63.80209871322749,3.562518659546309
2025-03-28 19:11:03.894399+00:00,9,-64.0,2.68753434,K2,-63.82092405768998,3.479285844422302
2025-03-28 19:11:04.696304+00:00,9,-61.5,2.190524565,K2,-63.600146337798115,3.356692528276071
2025-03-28 19:11:05.320397+00:00,9,-62.0,0.006135923,K2,-63.44793254227048,3.037971092634727
2025-03-28 19:11:05.990610+00:00,9,-56.0,4.172427743,K2,-62.73944854033053,3.145886192981912
2025-03-28 19:11:06.229548+00:00,17,-71.5,4.939418137,K2,-63.57279531436769,3.316495779211826
2025-03-28 19:11:06.615793+00:00,9,-56.0,4.172427743,K2,-62.85243375097472,3.397916240480948
2025-03-28 19:11:06.861506+00:00,17,-72.5,2.380738183,K2,-63.77015773763781,3.30115725713093
2025-03-28 19:11:07.335825+00:00,9,-56.0,4.485359824,K2,-63.031022089130964,3.413804433903989
2025-03-28 19:11:07.553003+00:00,17,-71.0,5.203262833,K2,-63.78907049110299,3.5840265244910388
2025-03-28 19:11:07.992525+00:00,9,-57.0,4.307418052,K2,-63.14326069037099,3.652839087100899
2025-03-28 19:11:08.191013+00:00,9,-57.0,1.018563243,K2,-62.5588834965427,3.402253802976749
2025-03-28 19:11:08.395366+00:00,17,-70.0,5.399612373,K2,-63.26671912332238,3.5922523811013227
2025-03-28 19:11:08.805644+00:00,9,-55.0,4.037437434,K2,-62.48034811174774,3.6346005745216345
2025-03-28 19:11:09.023047+00:00,17,-71.5,5.773903686,K2,-63.33834179383688,3.838101616076549
2025-03-28 19:11:09.412738+00:00,9,-56.0,4.289010283,K2,-62.640282603290586,3.880994267834368
2025-03-28 19:11:09.638827+00:00,17,-72.0,2.546408108,K2,-63.53062499033726,3.75404186351454
2025-03-28 19:11:10.133366+00:00,9,-71.0,0.748582624,K2,-64.2411487053148,3.468147787864178
2025-03-28 19:11:10.315146+00:00,17,-72.0,0.269980619,K2,-64.97920882931798,3.1639223854709493
2025-03-28 19:11:10.526533+00:00,1,-55.0,5.727884262,K2,-64.02993736808179,3.40781905891625
2025-03-28 19:11:10.729450+00:00,9,-56.0,5.29530168,K2,-63.266090202498916,3.587365695971299
2025-03-28 19:11:10.992907+00:00,17,-72.5,0.110446617,K2,-64.14446515148734,3.2566240398794437
2025-03-28 19:11:11.227085+00:00,1,-55.5,5.537670644,K2,-63.32216107845808,3.4736084201120567
2025-03-28 19:11:11.423056+00:00,9,-53.0,5.135767678,K2,-62.340266311282136,3.6317211898245225
2025-03-28 19:11:11.661899+00:00,17,-73.5,0.024543693,K2,-63.401835107655344,3.2885887118981176
2025-03-28 19:11:11.886690+00:00,1,-56.5,5.856738648,K2,-62.74529858157254,3.5328837741835004
2025-03-28 19:11:12.198394+00:00,9,-52.5,5.080544369,K2,-61.77071535341545,3.680104867505339
2025-03-28 19:11:12.427988+00:00,17,-72.5,0.055223308,K2,-62.79133771824259,3.3352882919978253
2025-03-28 19:11:12.649058+00:00,1,-56.5,5.773903686,K2,-62.19287470869209,3.567261391073229
2025-03-28 19:11:12.818765+00:00,9,-53.0,5.141903601,K2,-61.31840321932475,3.7170491084271244
2025-03-28 19:11:13.055188+00:00,17,-72.0,0.269980619,K2,-62.33448927962823,3.3891469873364923
2025-03-28 19:11:13.434584+00:00,9,-53.0,5.049864754,K2,-61.44654671525042,3.5471226353087095
2025-03-28 19:11:13.684272+00:00,17,-72.5,6.068427997,K2,-62.49800559648894,3.7869616111084494
2025-03-28 19:11:13.926461+00:00,1,-56.5,5.663457069,K2,-61.92744578213229,3.965463095122141
2025-03-28 19:11:14.098895+00:00,9,-52.5,5.135767678,K2,-61.030660737706945,4.076788227252461
2025-03-28 19:11:14.335211+00:00,17,-72.5,0.055223308,K2,-62.121680740108744,3.6942371781012113
2025-03-28 19:11:14.569771+00:00,1,-57.0,5.638913376,K2,-61.634481259337825,3.879224349688119
2025-03-28 19:11:14.719871+00:00,9,-53.5,5.080544369,K2,-60.86068936425652,3.9934998227891687
2025-03-28 19:11:14.979713+00:00,17,-73.0,5.810719225,K2,-62.015440341281604,4.166362676631394
2025-03-28 19:11:15.179295+00:00,1,-55.5,5.703340569,K2,-61.39565958720069,4.312567578716421
2025-03-28 19:11:15.376769+00:00,9,-55.0,5.092816216,K2,-60.78727296800553,4.386788669457174
2025-03-28 19:11:15.557188+00:00,17,-68.0,6.138991113,K2,-61.473383064132975,4.5534667901792165
2025-03-28 19:11:15.809040+00:00,1,-59.0,5.608233761,K2,-61.238102693149216,4.653801415977718
2025-03-28 19:11:16.121119+00:00,9,-60.0,3.657010198,K2,-61.12032827106945,4.55898172914471
2025-03-28 19:11:16.358711+00:00,17,-71.0,6.258641615,K2,-62.060131273397914,4.72066174316649
2025-03-28 19:11:16.630141+00:00,1,-58.0,3.804272354,K2,-61.67391160281782,4.633490274025597
2025-03-28 19:11:17.255184+00:00,1,-58.5,0.68108747,K2,-61.37199350925215,4.2575182656887565
2025-03-28 19:11:17.473658+00:00,9,-73.5,6.031612458,K2,-62.525669180366556,4.426278837304236
2025-03-28 19:11:18.172592+00:00,9,-72.5,5.645049299,K2,-63.47447662131213,4.542214282375438
2025-03-28 19:11:18.373865+00:00,17,-73.5,6.154330921,K2,-64.42815375044333,4.695566751835175
2025-03-28 19:11:18.629422+00:00,1,-61.0,0.23316508,K2,-64.10205089242267,4.271081140991883
2025-03-28 19:11:18.848555+00:00,9,-70.5,5.35359295,K2,-64.710655302065,4.374054992358094
2025-03-28 19:11:19.055443+00:00,17,-72.5,6.246369768,K2,-65.45161610867301,4.552158789298996
2025-03-28 19:11:19.535925+00:00,9,-70.0,5.580622106,K2,-65.88428077143648,4.6499912820517615
2025-03-28 19:11:19.755267+00:00,17,-73.5,0.061359232,K2,-66.60872546881808,4.213498016330057
2025-03-28 19:11:19.986841+00:00,17,-73.5,6.264777538,K2,-67.26425742088786,4.408625820772706
2025-03-28 19:11:20.343695+00:00,9,-71.5,5.645049299,K2,-67.6671821032215,4.526240507664049
2025-03-28 19:11:20.783985+00:00,1,-59.0,3.380893656,K2,-66.84271708193108,4.417289477768053
2025-03-28 19:11:21.063969+00:00,9,-73.5,0.312932081,K2,-67.47599060006127,4.026862800653222
2025-03-28 19:11:21.590539+00:00,1,-57.5,0.754718548,K2,-66.527025272632,3.7156003339368073
2025-03-28 19:11:21.763143+00:00,9,-64.5,3.871767509,K2,-66.33420465173658,3.73045572427936
2025-03-28 19:11:22.514231+00:00,9,-71.5,1.840776945,K2,-66.82560053116606,3.5507001778473146
2025-03-28 19:11:22.686323+00:00,17,-71.0,0.44792239,K2,-67.22268995492095,3.2555486828803204
2025-03-28 19:11:23.156899+00:00,9,-63.0,4.154019974,K2,-66.82100690244502,3.3410156943426146
2025-03-28 19:11:23.414370+00:00,17,-71.5,0.319068004,K2,-67.26609575575982,3.053553156093785
2025-03-28 19:11:23.979882+00:00,9,-73.0,4.49763167,K2,-67.81153294959098,3.190921012051283
2025-03-28 19:11:24.194675+00:00,17,-71.0,0.650407854,K2,-68.11483562897304,2.949254896121535
2025-03-28 19:11:24.641229+00:00,9,-72.0,1.178097245,K2,-68.48441158661733,2.7807736627575954
2025-03-28 19:11:24.897701+00:00,17,-72.5,1.067650628,K2,-68.86639412111404,2.61781296774698
2025-03-28 19:11:25.284846+00:00,9,-73.0,1.570796327,K2,-69.25960305780815,2.5182155914920106
2025-03-28 19:11:25.483279+00:00,17,-71.5,4.313553976,K2,-69.47272064212159,2.6889970152325744
2025-03-28 19:11:25.936310+00:00,9,-73.0,2.386874106,K2,-69.808252815815,2.66025759706572
2025-03-28 19:11:26.149303+00:00,17,-72.0,4.344233591,K2,-70.01674259569405,2.8204456820922883
2025-03-28 19:11:26.550410+00:00,9,-74.0,2.58935957,K2,-70.39564964547506,2.79846363371058
2025-03-28 19:11:26.806947+00:00,17,-71.0,1.135145783,K2,-70.4531384257933,2.640240652946263
2025-03-28 19:11:27.194321+00:00,9,-72.5,5.049864754,K2,-70.64784597332823,2.869455957542065
2025-03-28 19:11:27.400566+00:00,17,-72.0,1.171961322,K2,-70.77646951961019,2.707981912787382
2025-03-28 19:11:27.937228+00:00,9,-72.5,1.650563328,K2,-70.94042022207451,2.6073950524172065
2025-03-28 19:11:28.571430+00:00,9,-65.5,4.583534594,K2,-70.42290067295204,2.7953751721170494
2025-03-28 19:11:28.802014+00:00,17,-70.0,3.920854894,K2,-70.38267227943535,2.9024363428428006
2025-03-28 19:11:29.918839+00:00,9,-73.0,5.233942448,K2,-70.63164537463054,3.1242206791742957
2025-03-28 19:11:30.124532+00:00,17,-73.5,6.185010537,K2,-70.90449738455828,3.415378075574197
2025-03-28 19:11:30.529024+00:00,9,-57.5,4.080388896,K2,-69.62939561677155,3.4786371779780723
2025-03-28 19:11:30.832968+00:00,17,-74.0,6.07456392,K2,-70.04514901769883,3.7255745067592447
2025-03-28 19:11:31.158368+00:00,9,-57.5,3.945398586,K2,-68.8517926962568,3.746485255144699
2025-03-28 19:11:31.465945+00:00,17,-75.5,6.013204689,K2,-69.4842028972824,3.962106764423743
2025-03-28 19:11:31.988727+00:00,9,-58.5,4.338097668,K2,-68.43933145374827,3.9978728697888055
2025-03-28 19:11:32.619680+00:00,9,-57.5,4.252194744,K2,-67.3987284027791,4.022065218229046
2025-03-28 19:11:32.880953+00:00,17,-75.5,6.185010537,K2,-68.1693612313428,4.2278152229079256
2025-03-28 19:11:33.313694+00:00,9,-57.5,4.215379205,K2,-67.15443907671487,4.226632247674785
2025-03-28 19:11:33.960875+00:00,9,-57.5,4.227651051,K2,-66.23606131285408,4.226729161261601
2025-03-28 19:11:34.225659+00:00,17,-76.0,6.221826076,K2,-67.16485521861314,4.416512599603675
2025-03-28 19:11:34.589523+00:00,9,-57.5,4.239922898,K2,-66.24548662006701,4.399714518017478
2025-03-28 19:11:34.901077+00:00,17,-75.5,6.050020227,K2,-67.12582148322663,4.556699719815218
2025-03-28 19:11:35.255532+00:00,9,-57.5,4.184699589,K2,-66.21016596571344,4.521313236397659
2025-03-28 19:11:35.611380+00:00,17,-72.0,2.4911848,K2,-66.7609234764587,4.32819742729117
2025-03-28 19:11:36.044084+00:00,9,-57.5,4.117204435,K2,-65.87997885336723,4.308126735362727
2025-03-28 19:11:36.332943+00:00,17,-72.5,2.908427574,K2,-66.509707848397,4.174980461853118
2025-03-28 19:11:36.721885+00:00,9,-66.0,6.105243536,K2,-66.46122192908946,4.358596586167746
2025-03-28 19:11:37.579552+00:00,9,-61.5,1.116738014,K2,-65.98928608019655,4.050215042444396
2025-03-28 19:11:37.861423+00:00,17,-74.0,0.33133985,K2,-66.7513046167619,3.696457329937642
2025-03-28 19:11:38.013770+00:00,25,-68.5,1.57693225,K2,-66.9176491286461,3.4948376720898087
2025-03-28 19:11:38.185125+00:00,1,-59.0,5.025321061,K2,-66.16448337307799,3.640424785040104
2025-03-28 19:11:38.366959+00:00,9,-64.0,3.822680123,K2,-65.95858706110316,3.6577618098426115
2025-03-28 19:11:38.696764+00:00,17,-73.5,0.269980619,K2,-66.67596337847816,3.3354993884037913
2025-03-28 19:11:38.831855+00:00,25,-68.0,4.663301595,K2,-66.80191225878916,3.461806469701174
2025-03-28 19:11:39.000216+00:00,1,-57.5,5.589825991,K2,-65.91706858097676,3.66423416062069
2025-03-28 19:11:39.202395+00:00,9,-65.0,3.890175278,K2,-65.82983250376792,3.6857267917817773
2025-03-28 19:11:39.536881+00:00,17,-72.5,0.110446617,K2,-66.46433166639052,3.3456285441258204
2025-03-28 19:11:39.753400+00:00,1,-57.0,5.362796834,K2,-65.56403785510322,3.537511520305511
2025-03-28 19:11:39.928586+00:00,9,-65.0,3.589515044,K2,-65.51038379814699,3.5424583514392447
2025-03-28 19:11:40.157659+00:00,17,-72.0,0.601320469,K2,-66.12770803297975,3.262682839861836
2025-03-28 19:11:40.529359+00:00,1,-57.0,5.27689391,K2,-65.25943551855475,3.4542845107448823
2025-03-28 19:11:40.761478+00:00,9,-64.0,3.595650967,K2,-65.13963181312283,3.4677319838656797
2025-03-28 19:11:40.996869+00:00,17,-73.0,0.245436926,K2,-65.88734872357468,3.161211417913822
2025-03-28 19:11:41.193341+00:00,25,-68.5,1.313087554,K2,-66.135876972386,2.985408779563497
2025-03-28 19:11:41.358238+00:00,1,-56.5,5.39347645,K2,-65.21926492725113,3.2144760288182788
2025-03-28 19:11:41.559406+00:00,9,-64.5,3.534291735,K2,-65.1508449071688,3.244898472914396
2025-03-28 19:11:41.766740+00:00,17,-71.5,6.240233845,K2,-65.7548077899657,3.5298295164655205
2025-03-28 19:11:41.986989+00:00,25,-67.5,1.356039016,K2,-65.92081906277222,3.3230478647241677
2025-03-28 19:11:42.165763+00:00,1,-58.0,5.497787144,K2,-65.1673517674677,3.529919768975821
2025-03-28 19:11:42.360861+00:00,9,-65.0,3.890175278,K2,-65.15143244364536,3.5641890461619106
2025-03-28 19:11:42.614276+00:00,17,-71.5,0.263844696,K2,-65.75533943708076,3.2502440473703644
2025-03-28 19:11:43.013093+00:00,9,-62.5,3.497476196,K2,-65.44567552713444,3.273761986217853
2025-03-28 19:11:43.598133+00:00,25,-68.0,1.184233168,K2,-65.68865544330824,3.0749957204255813
2025-03-28 19:11:43.776803+00:00,1,-60.0,1.613747789,K2,-65.14752253813508,2.93599462496624
2025-03-28 19:11:43.949231+00:00,9,-62.5,3.307262579,K2,-64.89567716327453,2.9713114601245927
2025-03-28 19:11:44.241325+00:00,17,-73.5,0.312932081,K2,-65.71416270174427,2.7184333291120524
2025-03-28 19:11:44.396164+00:00,25,-66.5,4.200039397,K2,-65.78891541342394,2.859370990713882
2025-03-28 19:11:44.742786+00:00,9,-61.5,3.466796581,K2,-65.38093266937531,2.917152302593951
2025-03-28 19:11:45.420743+00:00,9,-63.0,3.871767509,K2,-65.1544466349792,3.0079599996170923
2025-03-28 19:11:46.054282+00:00,9,-63.5,4.479223901,K2,-64.99706752791913,3.147913863437103
2025-03-28 19:11:46.691347+00:00,9,-63.5,4.374913207,K2,-64.85465909613825,3.264632080253837
2025-03-28 19:11:47.467899+00:00,9,-60.5,3.074097499,K2,-64.44042248940124,3.2465074930790023
2025-03-28 19:11:47.731689+00:00,17,-73.5,0.251572849,K2,-65.3022140932008,2.9616145687482383
2025-03-28 19:11:48.136473+00:00,9,-61.0,3.227495578,K2,-64.89296631327608,2.9869064790072826
2025-03-28 19:11:48.658660+00:00,1,-60.0,4.190835513,K2,-64.4275232745116,3.101430134426272
2025-03-28 19:11:48.767307+00:00,9,-61.0,3.411573272,K2,-64.10148039046474,3.1309324761882804
2025-03-28 19:11:49.007091+00:00,17,-72.0,0.435650544,K2,-64.85282645202008,2.8745439926949707
2025-03-28 19:11:49.380291+00:00,9,-61.0,3.282718886,K2,-64.48632663639808,2.913371597571747
2025-03-28 19:11:49.625571+00:00,17,-73.0,0.460194236,K2,-65.2961891508101,2.6800132924675215
2025-03-28 19:11:50.094538+00:00,9,-60.5,3.190680039,K2,-64.83995203207391,2.728590426885376
2025-03-28 19:11:50.328005+00:00,17,-73.0,0.859029241,K2,-65.61617595831477,2.5507485649552075
2025-03-28 19:11:50.774081+00:00,9,-61.5,3.38702958,K2,-65.22462504145498,2.6302997312584298
2025-03-28 19:11:51.557883+00:00,9,-65.0,5.872078456,K2,-65.2032576019135,2.938673679501595
2025-03-28 19:11:52.140122+00:00,9,-62.5,5.467107528,K2,-64.9461104334599,3.179190752052644
2025-03-28 19:11:52.869896+00:00,9,-57.0,5.129631755,K2,-64.19023729849214,3.3647263002699836
2025-03-28 19:11:53.569908+00:00,9,-56.0,5.068272523,K2,-63.41114161453678,3.5267760017837304
2025-03-28 19:11:54.203401+00:00,9,-56.5,5.098952139,K2,-62.75371980771305,3.6763291341634607
2025-03-28 19:11:54.869967+00:00,9,-56.5,4.804427828,K2,-62.15883519896644,3.783639434391945
2025-03-28 19:11:55.107729+00:00,9,-56.5,4.878058905,K2,-61.6205389422095,3.8877460011387255
2025-03-28 19:11:55.713731+00:00,9,-57.0,4.767612289,K2,-61.181010535860906,3.971443213117766
2025-03-28 19:11:55.945114+00:00,17,-74.5,5.773903686,K2,-62.44797836938974,4.142902124959211
2025-03-28 19:11:56.307274+00:00,9,-58.0,4.644893826,K2,-62.02486477406615,4.190654046351561
2025-03-28 19:11:56.609013+00:00,17,-74.0,2.215068258,K2,-63.16399857804329,4.002726602384631
2025-03-28 19:11:56.978288+00:00,9,-61.5,4.534447209,K2,-63.00571084314456,4.053306483600091
2025-03-28 19:11:57.771139+00:00,9,-72.5,5.301437603,K2,-63.908854358374825,4.172034858944461
2025-03-28 19:11:58.331186+00:00,9,-58.0,4.154019974,K2,-63.34677504858753,4.170321194419776
2025-03-28 19:11:59.140282+00:00,9,-57.0,4.503767593,K2,-62.74303856731361,4.202040257066732
2025-03-28 19:11:59.750647+00:00,9,-58.0,4.436272439,K2,-62.291857393685326,4.2243215750965835
2025-03-28 19:12:00.408102+00:00,9,-57.5,4.61421421,K2,-61.836032333007644,4.261410081569425
2025-03-28 19:12:01.021943+00:00,9,-57.0,4.424000592,K2,-61.37600513467379,4.276876491187603
2025-03-28 19:12:01.648715+00:00,9,-57.5,4.356505438,K2,-61.00730044867292,4.284451188539885
2025-03-28 19:12:02.252747+00:00,9,-57.5,4.571262748,K2,-60.67366876715878,4.311734115754341
2025-03-28 19:12:03.035196+00:00,9,-57.0,4.485359824,K2,-60.32421131232998,4.32825024770363
2025-03-28 19:12:03.670130+00:00,9,-58.0,4.49763167,K2,-60.103120892596976,4.344362642283164
2025-03-28 19:12:04.275425+00:00,9,-57.0,4.528311286,K2,-59.807936759817444,4.3618607426636755
2025-03-28 19:12:04.964298+00:00,9,-56.5,4.706253057,K2,-59.49326953364983,4.3946210346928485
2025-03-28 19:12:05.630074+00:00,9,-68.5,0.530757353,K2,-60.35003406648876,4.027071303459424
2025-03-28 19:12:06.292345+00:00,9,-58.0,2.699806187,K2,-60.12648725928129,3.900815312819395
2025-03-28 19:12:06.884523+00:00,1,-59.5,3.749049046,K2,-60.06689270762539,3.886378558530142
2025-03-28 19:12:07.020542+00:00,9,-57.0,2.656854725,K2,-59.775154778114484,3.769420199802253
2025-03-28 19:12:07.317811+00:00,17,-73.0,5.485515297,K2,-61.03316714794478,3.9326636120205856
2025-03-28 19:12:07.549220+00:00,1,-58.0,0.380427235,K2,-60.744637359666974,3.5947574038286123
2025-03-28 19:12:07.737940+00:00,9,-59.0,2.264155643,K2,-60.57867886695834,3.468184015153314
2025-03-28 19:12:08.014586+00:00,17,-72.5,6.252505691,K2,-61.71269360954809,3.7330423973145814
2025-03-28 19:12:08.226082+00:00,1,-59.5,3.607922813,K2,-61.50221130259077,3.721140406619425
2025-03-28 19:12:08.382042+00:00,9,-58.5,2.681398417,K2,-61.21662618668686,3.6222350309853413
2025-03-28 19:12:09.044490+00:00,9,-59.5,2.982058652,K2,-61.05333225462231,3.5613383028857206
2025-03-28 19:12:09.831961+00:00,9,-57.5,2.411417799,K2,-60.715321801158986,3.451952204679009
2025-03-28 19:12:10.461529+00:00,9,-57.0,2.552544031,K2,-60.361902104721,3.3663960723363613
2025-03-28 19:12:10.746726+00:00,9,-57.5,5.847534763,K2,-60.089663890316466,3.6024141966887004
2025-03-28 19:12:11.315017+00:00,9,-59.0,2.785709111,K2,-59.98600969777386,3.5247251891380156
2025-03-28 19:12:11.977169+00:00,9,-59.0,2.82252465,K2,-59.89221560220899,3.4579284176434615
2025-03-28 19:12:12.582264+00:00,9,-59.5,2.767301341,K2,-59.85490612365246,3.3922325708656538
2025-03-28 19:12:13.203860+00:00,9,-58.0,2.442097414,K2,-59.678458323373704,3.3018510382054758
2025-03-28 19:12:13.938457+00:00,9,-58.0,2.153709026,K2,-59.51879510632868,3.192634118881076
2025-03-28 19:12:14.504367+00:00,1,-60.5,0.374291312,K2,-59.6121321452782,2.924539479284746
2025-03-28 19:12:14.673531+00:00,1,-59.5,0.552233084,K2,-59.601465583708006,2.698874018538412
2025-03-28 19:12:14.801795+00:00,9,-58.5,1.01242732,K2,-59.496688756002385,2.5384509079291586
2025-03-28 19:12:15.044965+00:00,17,-63.5,2.883883881,K2,-59.877503425719304,2.5713101925392525
2025-03-28 19:12:15.481814+00:00,9,-54.5,1.466485633,K2,-59.36596883194088,2.466213842519775
2025-03-28 19:12:15.721936+00:00,17,-62.5,2.644582878,K2,-59.664093302261904,2.4831811831021424
2025-03-28 19:12:15.991142+00:00,1,-58.0,4.16629182,K2,-59.50579655672927,2.6432869511081427
2025-03-28 19:12:16.138055+00:00,9,-54.5,1.374446786,K2,-59.02962054986017,2.5225886294066515
2025-03-28 19:12:16.348914+00:00,17,-64.5,2.399145952,K2,-59.54998996821471,2.5108461543502667
2025-03-28 19:12:16.604911+00:00,1,-57.5,1.202640938,K2,-59.35498483244387,2.386403235220925
2025-03-28 19:12:16.757503+00:00,9,-53.5,1.527844865,K2,-58.79802985710745,2.3047329372448195
2025-03-28 19:12:16.950313+00:00,17,-63.5,2.147573103,K2,-59.24530440006715,2.2897831202750694
2025-03-28 19:12:17.218945+00:00,1,-55.5,4.26446659,K2,-58.88903261124749,2.4776247312530466
2025-03-28 19:12:17.390312+00:00,9,-53.5,1.368310863,K2,-58.37640130459529,2.372101336092459
2025-03-28 19:12:17.601936+00:00,17,-64.0,2.47277703,K2,-58.91134569170034,2.3816781036199415
2025-03-28 19:12:17.876376+00:00,1,-57.0,4.417864669,K2,-58.72952908191486,2.5753701917731804
2025-03-28 19:12:18.030700+00:00,9,-54.5,1.491029326,K2,-58.32719545801727,2.472222351524909
2025-03-28 19:12:18.229979+00:00,17,-64.5,2.540272185,K2,-58.9143830084249,2.478695586624469
2025-03-28 19:12:18.618768+00:00,1,-57.0,1.233320553,K2,-58.732277474122995,2.360229383724437
2025-03-28 19:12:18.781840+00:00,9,-54.0,1.564660404,K2,-58.282119948644805,2.2845509466044054
2025-03-28 19:12:18.997881+00:00,17,-66.0,5.52846676,K2,-59.01628268632311,2.593128185239033
2025-03-28 19:12:19.274584+00:00,1,-57.5,4.509903516,K2,-58.872046414098364,2.7754612890164907
2025-03-28 19:12:19.415545+00:00,9,-54.5,1.718058482,K2,-58.45615584009709,2.67487592950554
2025-03-28 19:12:19.663186+00:00,17,-63.0,2.540272185,K2,-58.88838866126307,2.662071758812244
2025-03-28 19:12:20.088620+00:00,1,-55.0,3.862563624,K2,-58.518505993261655,2.7762684538168547
2025-03-28 19:12:20.258536+00:00,9,-58.0,1.184233168,K2,-58.469183151110364,2.624826221476053
2025-03-28 19:12:20.492883+00:00,17,-71.5,6.19114646,K2,-59.70873858709898,2.9640721558946055
2025-03-28 19:12:20.892454+00:00,9,-55.0,2.386874106,K2,-59.26082019641227,2.9091662364357
2025-03-28 19:12:21.197928+00:00,17,-70.0,4.473087977,K2,-60.28238383727724,3.0579341699779814
2025-03-28 19:12:21.604648+00:00,9,-55.0,2.405281875,K2,-59.779897486927425,2.995850671343025
2025-03-28 19:12:21.873303+00:00,17,-69.5,1.438873979,K2,-60.70452148004819,2.8477433849708875
2025-03-28 19:12:22.299350+00:00,9,-54.5,2.466641107,K2,-60.11431685838188,2.811491060515363
2025-03-28 19:12:22.495670+00:00,9,-54.0,5.565282298,K2,-59.53269294431314,3.073445237109654
2025-03-28 19:12:22.751830+00:00,17,-69.5,1.331495324,K2,-60.480832250261344,2.9077423875450883
2025-03-28 19:12:23.106215+00:00,9,-54.5,2.343922644,K2,-59.911906049124596,2.8541090784338046
2025-03-28 19:12:23.402550+00:00,17,-69.5,4.61421421,K2,-60.82397273806666,3.0215389417374428
2025-03-28 19:12:23.802829+00:00,9,-55.0,2.411417799,K2,-60.269967785788076,2.9635012156407687
2025-03-28 19:12:24.053327+00:00,17,-69.5,1.632155558,K2,-61.14797387996868,2.8368570638392585
2025-03-28 19:12:24.464991+00:00,9,-56.0,2.497320723,K2,-60.65827326632017,2.8045586959100945
2025-03-28 19:12:24.691146+00:00,17,-68.5,4.859651136,K2,-61.40421690999116,3.0000492039199296
2025-03-28 19:12:24.961670+00:00,25,-72.5,0.595184546,K2,-62.459702410652085,2.771286640980864
2025-03-28 19:12:25.270649+00:00,9,-54.5,2.393010029,K2,-61.70253633991445,2.735303107782161
2025-03-28 19:12:25.539284+00:00,17,-69.0,1.567728365,K2,-62.39670700117727,2.6242376514779417
2025-03-28 19:12:25.753678+00:00,25,-72.0,0.435650544,K2,-63.31021949836937,2.4160484736490746
2025-03-28 19:12:26.039734+00:00,9,-53.5,2.343922644,K2,-62.37702313405385,2.4091875097315043
2025-03-28 19:12:26.444914+00:00,17,-69.0,1.613747789,K2,-63.007033291652675,2.3335213683630895
2025-03-28 19:12:26.820666+00:00,9,-54.5,2.276427489,K2,-62.19780241356672,2.328090317543568
2025-03-28 19:12:27.099460+00:00,17,-70.0,1.638291481,K2,-62.93998585019024,2.262473257040637
2025-03-28 19:12:27.345935+00:00,25,-72.5,0.165669925,K2,-63.84938145024692,2.0630150036885855
2025-03-28 19:12:27.630488+00:00,9,-54.5,2.558679954,K2,-62.96002226930101,2.1101650934114637
2025-03-28 19:12:28.068159+00:00,25,-70.5,6.043884304,K2,-63.677262062608165,2.4843598263804383
2025-03-28 19:12:28.376125+00:00,9,-62.0,2.607767339,K2,-63.51771263977512,2.496098956389195
2025-03-28 19:12:28.653077+00:00,17,-72.5,0.073631078,K2,-64.37215202405112,2.2656618884765254
2025-03-28 19:12:29.195446+00:00,9,-69.0,5.233942448,K2,-64.81237570166387,2.5480193450936963
2025-03-28 19:12:29.623679+00:00,1,-60.0,1.546252634,K2,-64.35459883854072,2.4527263648662565
2025-03-28 19:12:29.749162+00:00,9,-59.0,2.190524565,K2,-63.84524304183048,2.4277844391129286
2025-03-28 19:12:30.341190+00:00,1,-59.0,4.620350133,K2,-63.384339675538534,2.636352079663525
2025-03-28 19:12:30.496017+00:00,9,-59.0,2.669126571,K2,-62.96727970600198,2.639469750594596
2025-03-28 19:12:31.080351+00:00,1,-58.5,1.331495324,K2,-62.542330072539194,2.5150487853227546
2025-03-28 19:12:31.254876+00:00,9,-58.0,2.386874106,K2,-62.11024127881554,2.502856178953327
2025-03-28 19:12:31.827199+00:00,1,-59.0,4.3994569,K2,-61.814379819852554,2.6832701745558865
2025-03-28 19:12:31.952675+00:00,9,-58.5,2.227340104,K2,-61.49909969810184,2.6398998621693397
2025-03-28 19:12:32.492933+00:00,1,-58.5,1.086058398,K2,-61.21381057333214,2.49209081413259
2025-03-28 19:12:32.646038+00:00,9,-58.0,2.393010029,K2,-60.908097093309514,2.482665762177878
2025-03-28 19:12:33.167099+00:00,1,-59.0,1.178097245,K2,-60.72658950619248,2.3585687837735474
2025-03-28 19:12:33.340077+00:00,9,-57.5,2.337786721,K2,-60.41966043117862,2.3565918916737862
2025-03-28 19:12:33.856136+00:00,1,-58.5,1.104466167,K2,-60.23705288244905,2.2374835298144276
2025-03-28 19:12:34.296885+00:00,9,-58.0,5.651185223,K2,-60.02425340155772,2.5622116370161097
2025-03-28 19:12:34.733478+00:00,1,-58.5,4.626486056,K2,-59.87925891566822,2.7585755800517884
2025-03-28 19:12:34.911578+00:00,9,-58.5,2.528000338,K2,-59.7480570189354,2.7366421281428206
2025-03-28 19:12:35.472107+00:00,1,-60.0,4.528311286,K2,-59.77202307535069,2.9070745169845265
2025-03-28 19:12:35.587953+00:00,9,-59.5,1.742602175,K2,-59.74614690153324,2.796304176314109
2025-03-28 19:12:36.046554+00:00,25,-72.0,0.09817477,K2,-60.91179372138741,2.5396448270667613
2025-03-28 19:12:36.195521+00:00,1,-55.5,2.693670264,K2,-60.39699726590915,2.5542964847368164
2025-03-28 19:12:36.357757+00:00,9,-63.0,1.349903093,K2,-60.64460769788376,2.4397286573236525
2025-03-28 19:12:36.934979+00:00,1,-61.0,0.134990309,K2,-60.67841436289219,2.2204906017723274
2025-03-28 19:12:37.044095+00:00,9,-62.0,1.67510702,K2,-60.80413009350205,2.16861103111115
2025-03-28 19:12:37.555610+00:00,1,-61.0,0.177941771,K2,-60.82276220307443,1.9792487730700146
2025-03-28 19:12:37.710970+00:00,9,-60.5,1.552388557,K2,-60.7920594736913,1.9386437283231883
2025-03-28 19:12:38.455400+00:00,1,-61.0,0.417242774,K2,-60.811839800031336,1.793920581254302
2025-03-28 19:12:38.559253+00:00,9,-60.0,1.613747789,K2,-60.73461360239918,1.7767816584495433
2025-03-28 19:12:39.078926+00:00,1,-60.0,3.264311117,K2,-60.66473354079102,1.9182827821259565
2025-03-28 19:12:39.248936+00:00,9,-60.5,1.423534171,K2,-60.64906327557702,1.8712198590965952
2025-03-28 19:12:39.736534+00:00,1,-60.5,0.374291312,K2,-60.63488364311879,1.728824647855618
2025-03-28 19:12:39.911197+00:00,9,-60.0,1.601475943,K2,-60.574490386105495,1.7167106122429279
2025-03-28 19:12:40.437999+00:00,1,-59.5,6.227961999,K2,-60.47227957196701,2.1458430484065447
2025-03-28 19:12:40.622251+00:00,9,-60.5,1.417398248,K2,-60.47491647552069,2.076549793606596
2025-03-28 19:12:41.114487+00:00,1,-60.5,0.34974762,K2,-60.47730254382958,1.9122878715803182
2025-03-28 19:12:41.309768+00:00,9,-61.5,1.644427405,K2,-60.57458655954927,1.886807665597347
2025-03-28 19:12:41.923549+00:00,1,-58.0,5.749359993,K2,-60.32967921396069,2.2542326543562377
2025-03-28 19:12:42.046002+00:00,1,-55.5,5.651185223,K2,-59.87025635558045,2.5773675023927725
2025-03-28 19:12:42.269015+00:00,9,-69.0,0.362019466,K2,-60.73872250738482,2.3666326932889703
2025-03-28 19:12:42.671260+00:00,1,-55.5,2.807184842,K2,-60.24038943763424,2.408540182059926
2025-03-28 19:12:42.852463+00:00,9,-59.5,4.368777284,K2,-60.169959950150016,2.595007583429583
2025-03-28 19:12:43.295672+00:00,25,-69.5,5.620505607,K2,-61.057479281892334,2.882807846849684
2025-03-28 19:12:43.470401+00:00,1,-57.5,0.036815539,K2,-60.71907434278353,2.6120830506311363
2025-03-28 19:12:43.704571+00:00,9,-60.5,4.755340442,K2,-60.698234913020066,2.815960242752092
2025-03-28 19:12:44.132816+00:00,25,-69.0,5.780039609,K2,-61.487939669153086,3.097918061186733
2025-03-28 19:12:44.303113+00:00,1,-57.5,0.036815539,K2,-61.108587219293845,2.806730922613885
2025-03-28 19:12:44.470908+00:00,9,-60.5,4.657165672,K2,-61.05069540754506,2.982753383764449
2025-03-28 19:12:44.915272+00:00,25,-69.0,5.902758072,K2,-61.806872386638,3.260518601892201
2025-03-28 19:12:45.103565+00:00,1,-57.5,6.129787228,K2,-61.397181486913524,3.5334575560688593
2025-03-28 19:12:45.259441+00:00,9,-60.5,4.896466675,K2,-61.3118371679757,3.6631136921549956
2025-03-28 19:12:45.729947+00:00,25,-69.5,5.810719225,K2,-62.09073551847017,3.8674045008945943
2025-03-28 19:12:46.008883+00:00,1,-58.5,0.184077695,K2,-61.7491670824518,3.5170283258846387
2025-03-28 19:12:46.153941+00:00,9,-61.0,5.013049215,K2,-61.6779026221892,3.6593371962309735
2025-03-28 19:12:46.648785+00:00,25,-69.0,5.908893995,K2,-62.37441656392853,3.873326111186593
2025-03-28 19:12:46.819853+00:00,1,-58.5,5.933437688,K2,-62.00586299059585,4.069294064185621
2025-03-28 19:12:46.974988+00:00,9,-61.0,4.921010368,K2,-61.91018035210039,4.150313511128673
2025-03-28 19:12:47.476954+00:00,25,-69.0,5.381204604,K2,-62.584598892905966,4.267401930294708
2025-03-28 19:12:47.658700+00:00,1,-58.5,6.111379459,K2,-62.19605174192931,4.44281014883185
2025-03-28 19:12:47.825145+00:00,9,-61.5,4.540583132,K2,-62.12983987428946,4.452110796226739
2025-03-28 19:12:48.306951+00:00,25,-70.0,5.503923067,K2,-62.87848824215879,4.552164356413767
2025-03-28 19:12:48.476131+00:00,1,-58.5,6.203418306,K2,-62.46198488976591,4.709239759524946
2025-03-28 19:12:48.645148+00:00,9,-61.0,4.38104913,K2,-62.32291369120195,4.678020651499279
2025-03-28 19:12:49.110996+00:00,1,-55.5,0.242368964,K2,-61.67388455870123,4.2560796308287046
2025-03-28 19:12:49.296817+00:00,9,-64.5,2.092349795,K2,-61.94271856954006,4.0502549990259205
2025-03-28 19:12:49.607305+00:00,17,-71.0,1.159689476,K2,-62.80429175889557,3.7752901791916695
2025-03-28 19:12:49.903124+00:00,1,-55.5,0.0398835,K2,-62.10947157526623,3.419959910297992
2025-03-28 19:12:50.090272+00:00,9,-64.0,5.810719225,K2,-62.28930794415583,3.6473807035640577
2025-03-28 19:12:50.810565+00:00,9,-65.0,5.105088062,K2,-62.54716231445949,3.7860450022940215
2025-03-28 19:12:51.048412+00:00,17,-68.5,1.365242901,K2,-63.11342553481151,3.555766391297554
2025-03-28 19:12:51.345723+00:00,1,-57.0,0.0,K2,-62.531886407827855,3.2175243907729225
2025-03-28 19:12:51.507204+00:00,9,-64.5,4.96396183,K2,-62.719103059716254,3.3836541159092577
2025-03-28 19:12:51.772311+00:00,17,-70.0,4.203107359,K2,-63.41169781305059,3.46160454171838
2025-03-28 19:12:52.033361+00:00,1,-55.5,0.23316508,K2,-62.65909817591412,3.1544994898294663
2025-03-28 19:12:52.262580+00:00,9,-63.0,4.871922982,K2,-62.69152643533057,3.3178692655159336
2025-03-28 19:12:52.515242+00:00,17,-69.0,1.122873937,K2,-63.291619490935354,3.109070506160845
2025-03-28 19:12:52.740909+00:00,1,-56.0,0.245436926,K2,-62.59800475580694,2.8366675852902024
2025-03-28 19:12:52.975626+00:00,9,-64.5,5.092816216,K2,-62.77893190500288,3.0512835477448434
2025-03-28 19:12:53.248560+00:00,17,-68.5,4.178563666,K2,-63.32314806113886,3.1585159810350203
2025-03-28 19:12:53.483487+00:00,1,-54.5,6.240233845,K2,-62.48384679027118,3.4516641523859604
2025-03-28 19:12:53.663394+00:00,9,-66.5,5.233942448,K2,-62.86588305097626,3.621203236189533
2025-03-28 19:12:53.849243+00:00,9,-70.5,5.203262833,K2,-63.59207783008111,3.7716965318919797
2025-03-28 19:12:54.045897+00:00,17,-68.5,0.711767086,K2,-64.05894354354177,3.480620982110138
2025-03-28 19:12:54.256128+00:00,1,-54.5,4.795223943,K2,-63.14964978482279,3.605672486189609
2025-03-28 19:12:55.061478+00:00,1,-60.0,0.699495239,K2,-62.85003959480081,3.3292226023124307
2025-03-28 19:12:55.697585+00:00,1,-58.5,0.883572934,K2,-62.436242417768085,3.0965803684421305
2025-03-28 19:12:55.931467+00:00,9,-70.0,4.289010283,K2,-63.15574426759683,3.210010171022127
2025-03-28 19:12:57.449500+00:00,9,-71.0,0.141126232,K2,-63.90192848207405,2.918082825779977
2025-03-28 19:12:58.043111+00:00,1,-59.5,0.552233084,K2,-63.483195378688215,2.693031553694488
2025-03-28 19:12:58.253708+00:00,9,-72.5,0.190213618,K2,-64.34091821473181,2.4549511928501664
2025-03-28 19:12:58.936234+00:00,9,-73.0,0.300660234,K2,-65.16461269390898,2.250024433483474
2025-03-28 19:12:59.532235+00:00,1,-60.0,0.595184546,K2,-64.67332931438268,2.0926079183096213
2025-03-28 19:12:59.765644+00:00,9,-74.0,4.749204519,K2,-65.56052813561527,2.345316462662713
2025-03-28 19:13:00.329296+00:00,9,-60.0,2.644582878,K2,-65.03158333058896,2.3737841570706633
2025-03-28 19:13:00.977908+00:00,9,-68.5,4.350369514,K2,-65.36151619563482,2.56180668492056
2025-03-28 19:13:01.798173+00:00,9,-68.0,4.476155939,K2,-65.61250176165078,2.743909008342988
2025-03-28 19:13:02.513369+00:00,9,-67.5,4.104932588,K2,-65.79204988429699,2.873376270160599
2025-03-28 19:13:03.203204+00:00,9,-66.0,4.454680208,K2,-65.81183112282741,3.0237976838623855
2025-03-28 19:13:03.864120+00:00,9,-68.0,1.257864246,K2,-66.01998051653112,2.8558134033770903
2025-03-28 19:13:04.561401+00:00,9,-67.0,1.270136092,K2,-66.11320479342763,2.7049759728587746
2025-03-28 19:13:05.225743+00:00,9,-64.0,4.252194744,K2,-65.9121863523409,2.852155037737977
2025-03-28 19:13:06.333525+00:00,17,-71.0,1.190369091,K2,-66.3961642285851,2.694077779219523
2025-03-28 19:13:06.804907+00:00,9,-71.0,4.693981211,K2,-66.83410374711517,2.884318437120184
2025-03-28 19:13:07.037488+00:00,17,-70.0,1.178097245,K2,-67.13525938114388,2.7220142793519186
2025-03-28 19:13:07.538420+00:00,9,-71.5,0.429514621,K2,-67.55045499194279,2.5039404282292006
2025-03-28 19:13:07.776884+00:00,17,-70.5,0.693359316,K2,-67.83103023068861,2.3317090412035086
2025-03-28 19:13:08.192318+00:00,9,-64.5,3.926990817,K2,-67.5141662399063,2.4834600956503072
2025-03-28 19:13:08.499757+00:00,17,-72.0,4.233786975,K2,-67.94088082631684,2.649959803474823
2025-03-28 19:13:08.849006+00:00,9,-67.0,3.908583048,K2,-67.85137961112802,2.7696862414030603
2025-03-28 19:13:09.080701+00:00,17,-71.0,0.932660319,K2,-68.1508918799405,2.594939293873002
2025-03-28 19:13:09.815938+00:00,9,-72.5,0.460194236,K2,-68.56460045051115,2.391871836811644
2025-03-28 19:13:09.998190+00:00,17,-72.5,1.834641022,K2,-68.9389550255869,2.338865299032012
2025-03-28 19:13:10.398452+00:00,9,-61.0,2.393010029,K2,-68.18376254823474,2.344015812245439
2025-03-28 19:13:10.937120+00:00,1,-58.0,4.835107443,K2,-67.2150329304474,2.5809807092473243
2025-03-28 19:13:11.092210+00:00,9,-58.0,1.000155474,K2,-66.33845364196455,2.4306048320922575
2025-03-28 19:13:11.594932+00:00,1,-57.0,5.534602683,K2,-65.45013396792882,2.7258723854626767
2025-03-28 19:13:11.740335+00:00,9,-59.5,0.852893318,K2,-64.88412793850365,2.5477053978141564
2025-03-28 19:13:12.241615+00:00,1,-57.0,5.301437603,K2,-64.13415088353226,2.809653958965631
2025-03-28 19:13:12.456165+00:00,9,-59.0,1.030835089,K2,-63.64576518134119,2.6404439527569323
2025-03-28 19:13:13.013546+00:00,1,-57.0,5.240078371,K2,-63.013587287018524,2.8877339739493397
2025-03-28 19:13:13.202174+00:00,9,-59.0,0.77926224,K2,-62.63179510951105,2.6871657647761786
2025-03-28 19:13:13.345457+00:00,9,-60.5,0.754718548,K2,-62.42900826605745,2.503341874064362
2025-03-28 19:13:13.869783+00:00,1,-56.5,2.030990563,K2,-61.86501181737441,2.4584094924557545
2025-03-28 19:13:14.025531+00:00,9,-59.5,0.944932165,K2,-61.64004025278262,2.314440079774372
2025-03-28 19:13:14.547199+00:00,1,-57.5,5.41188422,K2,-61.24621924677365,2.609084211927524
2025-03-28 19:13:14.685357+00:00,9,-59.5,0.883572934,K2,-61.08011027717742,2.444945086251993
2025-03-28 19:13:15.192007+00:00,1,-56.0,5.35359295,K2,-60.596865183449204,2.721629987336512
2025-03-28 19:13:15.390823+00:00,9,-59.0,0.920388473,K2,-60.44496350747299,2.5502870288316166
2025-03-28 19:13:15.852600+00:00,1,-57.5,4.84737929,K2,-60.16482408361275,2.768797750938902
2025-03-28 19:13:16.037281+00:00,9,-62.0,0.09817477,K2,-60.339395049464905,2.514754948259113
2025-03-28 19:13:16.544005+00:00,1,-57.0,0.082834963,K2,-60.02173535594919,2.283418749417967
2025-03-28 19:13:16.719505+00:00,9,-64.5,1.282407939,K2,-60.44772993078674,2.188197674183325
2025-03-28 19:13:17.349434+00:00,1,-56.5,6.270913461,K2,-60.072202429152135,2.576565694840171
2025-03-28 19:13:17.552117+00:00,9,-65.0,0.742446701,K2,-60.54095878857533,2.4020952686628374
2025-03-28 19:13:18.044675+00:00,1,-57.0,0.257708772,K2,-60.20412536010425,2.198110670488894
2025-03-28 19:13:18.260303+00:00,9,-65.0,0.613592315,K2,-60.66033256101424,2.0473834855590125
2025-03-28 19:13:18.745422+00:00,1,-57.0,0.107378655,K2,-60.312143711754345,1.8628406774258057
2025-03-28 19:13:18.940917+00:00,9,-63.0,0.766990394,K2,-60.56782583144702,1.7585980047213796
2025-03-28 19:13:19.627981+00:00,9,-64.5,1.221048707,K2,-60.94187359241292,1.7074636697192591
2025-03-28 19:13:19.927812+00:00,17,-74.0,0.552233084,K2,-62.18402684804173,1.5975724503924646
2025-03-28 19:13:20.126187+00:00,1,-56.0,6.160466844,K2,-61.5957717766459,2.031617423553157
2025-03-28 19:13:20.726223+00:00,17,-73.0,0.938796242,K2,-62.68059809654908,1.9276628939280136
2025-03-28 19:13:20.913760+00:00,1,-55.0,6.065360035,K2,-61.94998180191269,2.321261011618339
2025-03-28 19:13:21.191100+00:00,9,-65.5,2.288699336,K2,-62.28767700600672,2.3181635847658506
2025-03-28 19:13:21.702623+00:00,1,-55.0,0.343611696,K2,-61.59443729944952,2.1303344904163386
2025-03-28 19:13:21.845750+00:00,9,-58.5,5.761631839,K2,-61.30007919279058,2.4757613673593197
2025-03-28 19:13:22.366484+00:00,25,-69.5,1.448077864,K2,-62.080096019757086,2.378003054289835
2025-03-28 19:13:22.525764+00:00,1,-55.0,0.886640895,K2,-61.40660243831986,2.2361373452546442
2025-03-28 19:13:22.679137+00:00,9,-60.0,5.853670687,K2,-61.272799491128346,2.5802549221211026
2025-03-28 19:13:22.974784+00:00,17,-73.0,2.656854725,K2,-62.38834852449067,2.5875414723930668
2025-03-28 19:13:23.198308+00:00,1,-57.0,0.963339935,K2,-61.87578229153784,2.43303942788093
2025-03-28 19:13:23.343006+00:00,9,-61.5,6.166602767,K2,-61.84003603037665,2.788194349194033
2025-03-28 19:13:23.694483+00:00,17,-73.0,6.185010537,K2,-62.90162673220303,3.111316224014014
2025-03-28 19:13:23.865694+00:00,1,-54.5,0.849825356,K2,-62.10242264486011,2.8961920816526505
2025-03-28 19:13:24.109560+00:00,9,-61.5,6.19114646,K2,-62.045117237773326,3.209624359795902
2025-03-28 19:13:24.429255+00:00,17,-73.5,6.264777538,K2,-63.13476206673432,3.5002455674866146
2025-03-28 19:13:24.607653+00:00,1,-54.5,3.973010241,K2,-62.31338099888508,3.545217270165932
2025-03-28 19:13:24.816371+00:00,9,-63.5,0.147262156,K2,-62.42625803877723,3.221987055064827
2025-03-28 19:13:25.132962+00:00,9,-63.0,0.073631078,K2,-62.48083519807089,2.9224999384048687
2025-03-28 19:13:25.321814+00:00,25,-70.5,1.214912784,K2,-63.24365762413905,2.7600658435808554
2025-03-28 19:13:25.427294+00:00,1,-55.5,1.079922475,K2,-62.507042796861036,2.6002423367419816
2025-03-28 19:13:25.611260+00:00,9,-62.5,0.049087385,K2,-62.50637285135916,2.3575639210177584
2025-03-28 19:13:25.871444+00:00,17,-72.5,5.000777369,K2,-63.457015854095914,2.6089993940137424
2025-03-28 19:13:26.149943+00:00,1,-56.0,4.503767593,K2,-62.747667802827316,2.789239071098292
2025-03-28 19:13:26.306845+00:00,9,-62.5,5.85980661,K2,-62.724108422408264,3.0813265686476203
2025-03-28 19:13:26.792950+00:00,1,-56.0,4.773748212,K2,-62.084478133392025,3.2423180454160923
2025-03-28 19:13:27.035159+00:00,9,-68.0,2.233476027,K2,-62.64719168937975,3.146352027131678
2025-03-28 19:13:27.248910+00:00,17,-73.0,0.263844696,K2,-63.63200177212379,2.8721537421726064
2025-03-28 19:13:27.428697+00:00,25,-70.0,4.344233591,K2,-64.23775710667157,3.0121852229296078
2025-03-28 19:13:27.559764+00:00,1,-51.0,3.632466506,K2,-62.978516494808474,3.0711894315826833
2025-03-28 19:13:27.763628+00:00,9,-57.0,5.074408446,K2,-62.40981057972849,3.261745484022967
2025-03-28 19:13:28.222999+00:00,25,-66.0,0.0398835,K2,-62.75132706819833,2.9552661141866055
2025-03-28 19:13:28.388872+00:00,1,-54.5,5.292233718,K2,-61.96642022466635,3.177569975151624
2025-03-28 19:13:28.566290+00:00,9,-57.5,5.97638915,K2,-61.54155234929855,3.443807430774224
2025-03-28 19:13:28.796237+00:00,17,-72.0,5.221670602,K2,-62.53641136602504,3.6129265262148644
2025-03-28 19:13:29.242430+00:00,1,-55.0,1.954291524,K2,-61.81951082287922,3.4551490010483117
2025-03-28 19:13:29.414702+00:00,9,-60.0,6.031612458,K2,-61.646429997824704,3.7002348863558487
2025-03-28 19:13:29.662359+00:00,17,-70.0,5.037592907,K2,-62.44106269247348,3.827450963718926
2025-03-28 19:13:30.054963+00:00,9,-59.5,0.036815539,K2,-62.1612943333357,3.4668670647163284
2025-03-28 19:13:30.335390+00:00,17,-69.0,4.801359866,K2,-62.81182567627006,3.593810588311306
2025-03-28 19:13:30.534364+00:00,25,-68.0,0.09817477,K2,-63.30535035399462,3.2612885038501527
2025-03-28 19:13:31.106338+00:00,9,-59.0,0.092038847,K2,-62.89580423750659,2.959813877530897
2025-03-28 19:13:31.241208+00:00,17,-68.0,4.721592865,K2,-63.38134046114616,3.1274029662466925
2025-03-28 19:13:31.622006+00:00,1,-59.5,2.080077948,K2,-63.01212825263091,3.0277762556061245
2025-03-28 19:13:31.766498+00:00,9,-60.5,6.129787228,K2,-62.77316224861447,3.322854807312943
2025-03-28 19:13:32.007732+00:00,17,-69.5,5.040660869,K2,-63.413052164836714,3.486260974894819
2025-03-28 19:13:32.225169+00:00,25,-68.5,6.129787228,K2,-63.89694768073482,3.7377262034537146
2025-03-28 19:13:32.407372+00:00,1,-55.5,1.540116711,K2,-63.09818868779772,3.528678771958021
2025-03-28 19:13:32.552742+00:00,9,-59.5,5.068272523,K2,-62.75591126962862,3.6751325073952437
2025-03-28 19:13:32.907845+00:00,17,-68.0,5.457903643,K2,-63.254754800922086,3.8447184725644785
2025-03-28 19:13:33.165734+00:00,25,-69.5,1.104466167,K2,-63.84883326318353,3.5840521858126833
2025-03-28 19:13:33.317450+00:00,1,-55.0,0.187145656,K2,-63.0070886894755,3.2609217172163625
2025-03-28 19:13:33.481995+00:00,9,-65.0,4.878058905,K2,-63.19666422238726,3.4147517660231155
2025-03-28 19:13:33.715140+00:00,17,-67.5,6.13285519,K2,-63.60601870245416,3.6733111421421123
2025-03-28 19:13:33.946481+00:00,25,-68.5,4.368777284,K2,-64.0715582915181,3.739467304620862
2025-03-28 19:13:34.090317+00:00,1,-55.0,0.533825314,K2,-63.20862701686842,3.4345308603912703
2025-03-28 19:13:34.276131+00:00,9,-65.0,5.233942448,K2,-63.37903123211246,3.6056997472589702
2025-03-28 19:13:34.560850+00:00,17,-68.0,5.902758072,K2,-63.81860052559514,3.8242072411662513
2025-03-28 19:13:34.724198+00:00,25,-66.5,1.294679785,K2,-64.073668441375,3.58358613927113
2025-03-28 19:13:34.895965+00:00,1,-54.5,3.828816047,K2,-63.16297397789859,3.606913615109163
2025-03-28 19:13:35.130588+00:00,9,-62.0,4.761476366,K2,-63.05234616899493,3.7167413067000137
2025-03-28 19:13:35.374496+00:00,17,-68.5,5.819923109,K2,-63.5705538146025,3.91680631153779
2025-03-28 19:13:35.548804+00:00,25,-66.0,1.221048707,K2,-63.80165469342483,3.6603725797493487
2025-03-28 19:13:35.704797+00:00,1,-54.0,3.782796623,K2,-62.869273055511364,3.6720181573111255
2025-03-28 19:13:35.891254+00:00,9,-63.0,4.976233676,K2,-62.88170844590555,3.796081556761733
2025-03-28 19:13:36.147635+00:00,17,-69.5,5.767767762,K2,-63.511272913580065,3.983638053189286
2025-03-28 19:13:36.447198+00:00,1,-52.5,0.398835005,K2,-62.463826436857815,3.642633942943486
2025-03-28 19:13:36.809983+00:00,9,-63.0,5.252350218,K2,-62.514829905215436,3.7957580780061067
2025-03-28 19:13:37.031904+00:00,17,-67.0,5.795379417,K2,-62.941481360515226,3.9859719018524546
2025-03-28 19:13:37.217923+00:00,25,-67.5,4.270602513,K2,-63.37511009040642,4.013047366528851
2025-03-28 19:13:37.390068+00:00,1,-56.0,0.460194236,K2,-62.67355331851789,3.6750824897075276
2025-03-28 19:13:37.582659+00:00,9,-64.0,5.368932758,K2,-62.79973145559456,3.8362098643119538
2025-03-28 19:13:38.053188+00:00,25,-65.0,0.994019551,K2,-63.009031829199685,3.5658467325271475
2025-03-28 19:13:38.215597+00:00,1,-54.0,3.954602471,K2,-62.15204837939926,3.602827091815741
2025-03-28 19:13:38.418774+00:00,9,-60.0,5.350524988,K2,-61.94733494522785,3.7690767178217777
2025-03-28 19:13:38.698152+00:00,17,-70.0,5.52846676,K2,-62.71334408023376,3.9364385583031813
2025-03-28 19:13:38.851151+00:00,25,-65.0,1.503301172,K2,-62.930862046179485,3.704986554282709
2025-03-28 19:13:39.024374+00:00,1,-54.0,0.414174813,K2,-62.08131449088947,3.3919483441669915
2025-03-28 19:13:39.189803+00:00,9,-63.0,4.749204519,K2,-62.16870437826088,3.5210572318946807
2025-03-28 19:13:39.418362+00:00,17,-68.5,5.592893953,K2,-62.77096838026367,3.7181405383295925
2025-03-28 19:13:39.594852+00:00,25,-64.0,1.46034971,K2,-62.887879917192826,3.503368361954505
2025-03-28 19:13:39.764476+00:00,1,-54.0,3.577243197,K2,-62.04242103356888,3.510395699873939
2025-03-28 19:13:39.948460+00:00,9,-60.5,5.767767762,K2,-61.89569835310189,3.7251280411465912
2025-03-28 19:13:40.170691+00:00,17,-65.5,2.153709026,K2,-62.238557266028444,3.575646929944663
2025-03-28 19:13:40.347812+00:00,25,-65.0,1.067650628,K2,-62.50123929062902,3.3370739774148483
2025-03-28 19:13:40.516737+00:00,1,-54.5,3.899379163,K2,-61.740122027424604,3.3905632143183704
2025-03-28 19:13:40.729669+00:00,1,-54.0,0.773126317,K2,-61.00384352350818,3.1415797336930074
2025-03-28 19:14:03.805379+00:00,9,-65.5,4.074252973,K3,-65.5,4.074252973
2025-03-28 19:14:04.480406+00:00,9,-63.0,4.466952054,K3,-65.42975336596355,4.117093441208408
2025-03-28 19:14:05.100096+00:00,9,-64.5,4.417864669,K3,-65.39563102960034,4.149101125044976
2025-03-28 19:14:05.789002+00:00,9,-64.5,4.626486056,K3,-65.35567084424417,4.198882210015029
2025-03-28 19:14:06.517078+00:00,9,-68.0,0.969475858,K3,-65.49261611400797,3.867679262443871
2025-03-28 19:14:07.223476+00:00,9,-68.0,0.558369007,K3,-65.63852745093506,3.532873601100494
2025-03-28 19:14:07.857995+00:00,1,-60.5,0.441786467,K3,-65.31048751348862,3.223615375703342
2025-03-28 19:14:08.105354+00:00,9,-71.5,0.503145698,K3,-65.7360904917257,2.9539124882737706
2025-03-28 19:14:08.519946+00:00,1,-56.0,0.478602006,K3,-65.0252445850664,2.7103438550999432
2025-03-28 19:14:08.724799+00:00,9,-67.0,5.878214379,K3,-65.17660704494764,3.020155249805462
2025-03-28 19:14:09.140988+00:00,1,-58.0,0.196349541,K3,-64.60434873108603,2.7453753690568514
2025-03-28 19:14:09.403219+00:00,9,-70.0,0.509281622,K3,-65.04867742984291,2.5286773417247783
2025-03-28 19:14:09.845128+00:00,1,-58.5,0.497009775,K3,-64.49503910532168,2.332451733907858
2025-03-28 19:14:10.076110+00:00,9,-69.5,0.33133985,K3,-64.9273469006488,2.1397093451987077
2025-03-28 19:14:10.582131+00:00,1,-56.5,0.527689391,K3,-64.18654912759291,1.9847934678300574
2025-03-28 19:14:10.880455+00:00,9,-69.0,3.442252888,K3,-64.61578177020016,2.124597342264238
2025-03-28 19:14:11.276296+00:00,1,-55.0,0.555301045,K3,-63.74819223473157,1.9742934184700782
2025-03-28 19:14:11.412466+00:00,1,-56.5,0.515417545,K3,-63.08791463635878,1.8347384110489804
2025-03-28 19:14:11.654562+00:00,9,-68.0,3.479068427,K3,-63.538910636220486,1.9918742668284566
2025-03-28 19:14:12.112765+00:00,1,-58.5,0.552233084,K3,-63.07328795041907,1.854413218039883
2025-03-28 19:14:12.330114+00:00,9,-69.0,0.269980619,K3,-63.6238362876407,1.7032299845512942
2025-03-28 19:14:12.765211+00:00,1,-58.5,0.343611696,K3,-63.14581572281816,1.5735703268907035
2025-03-28 19:14:13.017261+00:00,9,-69.5,0.533825314,K3,-63.74071261183875,1.4744605326029185
2025-03-28 19:14:13.500782+00:00,1,-58.5,0.619728238,K3,-63.24864449960576,1.3930168132621208
2025-03-28 19:14:13.720489+00:00,9,-69.5,0.411106851,K3,-63.836993290386076,1.2994835030480432
2025-03-28 19:14:14.151753+00:00,1,-58.5,0.208621387,K3,-63.33372781111136,1.1955978147650443
2025-03-28 19:14:14.400838+00:00,9,-69.0,0.521553468,K3,-63.868890087962214,1.1314199497570845
2025-03-28 19:14:14.869521+00:00,1,-58.5,0.478602006,K3,-63.36115694252249,1.0692735535745501
2025-03-28 19:14:15.062065+00:00,9,-67.5,0.352815581,K3,-63.75298079362997,1.0010781864781997
2025-03-28 19:14:15.365096+00:00,9,-68.0,0.269980619,K3,-64.15539518808873,0.9314971976456877
2025-03-28 19:14:15.664216+00:00,1,-58.0,0.46633016,K3,-63.571742887441914,0.8872297833628287
2025-03-28 19:14:15.905692+00:00,9,-68.0,0.187145656,K3,-63.99187325411192,0.8206116172439876
2025-03-28 19:14:16.364410+00:00,1,-57.0,0.521553468,K3,-63.32820364933206,0.7921557882431983
2025-03-28 19:14:16.623872+00:00,9,-68.0,0.423378697,K3,-63.77182443193867,0.7570678735682749
2025-03-28 19:14:16.884879+00:00,17,-74.5,5.878214379,K3,-64.79086792024381,1.2443077551995212
2025-03-28 19:14:17.068638+00:00,1,-57.5,0.638136008,K3,-64.09814464835443,1.186636874311718
2025-03-28 19:14:17.379880+00:00,9,-68.0,6.197282383,K3,-64.46894898937941,1.6633339727040746
2025-03-28 19:14:17.774121+00:00,1,-59.0,0.539961237,K3,-63.94912808045398,1.5564622448729648
2025-03-28 19:14:18.020600+00:00,9,-70.0,0.380427235,K3,-64.52434313799053,1.444582591104399
2025-03-28 19:14:18.486641+00:00,1,-57.5,0.239301003,K3,-63.856508240894755,1.329922373250746
2025-03-28 19:14:18.763340+00:00,9,-71.5,0.91425255,K3,-64.58327831459526,1.2903795827075346
2025-03-28 19:14:19.470568+00:00,9,-62.5,3.48520435,K3,-64.38517725923847,1.4991717631426114
2025-03-28 19:14:19.891833+00:00,25,-70.0,4.460816131,K3,-64.91913095828971,1.780908609729511
2025-03-28 19:14:20.216623+00:00,9,-63.0,3.178408192,K3,-64.73661740069629,1.913849765982611
2025-03-28 19:14:20.877253+00:00,9,-64.5,2.975922728,K3,-64.71411359309083,2.0148819358402905
2025-03-28 19:14:21.525704+00:00,9,-64.0,0.401902966,K3,-64.64619447679335,1.8614442510387963
2025-03-28 19:14:21.935453+00:00,25,-68.0,4.344233591,K3,-64.96518311280806,2.0976234089110735
2025-03-28 19:14:22.284683+00:00,9,-63.5,2.963650882,K3,-64.82582265482898,2.1800053516068294
2025-03-28 19:14:22.980541+00:00,9,-64.0,3.209087808,K3,-64.74727324855206,2.277897855855316
2025-03-28 19:14:23.133131+00:00,9,-65.0,0.012271846,K3,-64.77131212973055,2.0623783468903683
2025-03-28 19:14:23.522460+00:00,25,-70.0,4.51603944,K3,-65.2686613260781,2.2957844506774387
2025-03-28 19:14:23.858142+00:00,9,-63.5,3.190680039,K3,-65.10042567875928,2.380911856375451
2025-03-28 19:14:24.338040+00:00,25,-71.0,1.46034971,K3,-65.66160003924703,2.2933430053591595
2025-03-28 19:14:24.748081+00:00,9,-64.0,3.380893656,K3,-65.50354558166646,2.3967966101546905
2025-03-28 19:14:25.445592+00:00,9,-64.5,3.669282045,K3,-65.40808591675768,2.5178421036534426
2025-03-28 19:14:25.900616+00:00,25,-69.0,1.356039016,K3,-65.74975904834774,2.40732536475137
2025-03-28 19:14:26.245971+00:00,9,-64.0,2.748893572,K3,-65.583316313141,2.4398170886416835
2025-03-28 19:14:26.677506+00:00,25,-70.0,4.178563666,K3,-66.00344689121275,2.6052155330298343
2025-03-28 19:14:27.132832+00:00,9,-64.0,0.125786425,K3,-65.8128714324761,2.3693596684341545
2025-03-28 19:14:29.298027+00:00,9,-64.5,5.645049299,K3,-65.68798585815371,2.6809597828769913
2025-03-28 19:14:29.553524+00:00,17,-73.0,5.970253226,K3,-66.38353507727732,2.993853888886967
2025-03-28 19:14:30.003261+00:00,9,-62.5,4.970097753,K3,-66.01411652207575,3.181844091594033
2025-03-28 19:14:30.379946+00:00,17,-75.0,6.031612458,K3,-66.8688934094784,3.452928273217457
2025-03-28 19:14:30.791761+00:00,9,-67.5,5.915029918,K3,-66.92892711143276,3.687135633151102
2025-03-28 19:14:30.972092+00:00,9,-67.5,5.694136685,K3,-66.98325018037168,3.8780515404347904
2025-03-28 19:14:31.245824+00:00,17,-74.5,0.306796158,K3,-67.69827831856108,3.538336021417334
2025-03-28 19:14:31.740377+00:00,9,-66.0,5.157243409,K3,-67.53673011485597,3.692334508379072
2025-03-28 19:14:32.046265+00:00,17,-73.5,0.11658254,K3,-68.10398457944004,3.352191294517838
2025-03-28 19:14:32.468479+00:00,9,-67.0,2.5709518,K3,-67.99896830192493,3.2778759330184304
2025-03-28 19:14:32.720273+00:00,17,-74.0,6.258641615,K3,-68.56981521970927,3.56142108448818
2025-03-28 19:14:33.081552+00:00,9,-64.5,6.252505691,K3,-68.18267478332517,3.817410333595577
2025-03-28 19:14:33.311966+00:00,17,-73.5,5.890486225,K3,-68.68848448160297,4.014611538647508
2025-03-28 19:14:33.797939+00:00,9,-63.5,5.798447378,K3,-68.19493065811724,4.18429879962817
2025-03-28 19:14:34.088329+00:00,17,-73.5,0.398835005,K3,-68.69957466562074,3.824206823819371
2025-03-28 19:14:34.528778+00:00,9,-63.5,6.227961999,K3,-68.20496577177906,4.052863861709437
2025-03-28 19:14:35.360652+00:00,9,-62.0,5.872078456,K3,-67.61471912190972,4.22591651697223
2025-03-28 19:14:37.130647+00:00,1,-59.0,0.460194236,K3,-66.7952449047829,3.867702463689827
2025-03-28 19:14:37.770898+00:00,1,-60.0,0.269980619,K3,-66.1488479359804,3.5254694420954373
2025-03-28 19:14:40.211501+00:00,1,-60.5,0.030679616,K3,-65.61150183428343,3.1930278231609948
2025-03-28 19:14:42.296285+00:00,1,-60.0,0.110446617,K3,-65.07770825567893,2.8997975196499928
2025-03-28 19:14:43.097311+00:00,1,-60.0,0.558369007,K3,-64.59469172483774,2.677069310850181
2025-03-28 19:14:44.655489+00:00,9,-71.0,0.699495239,K3,-65.2039961016158,2.4889527286454403
2025-03-28 19:14:45.301140+00:00,9,-70.5,5.792311455,K3,-65.70777800972287,2.8031844737379155
2025-03-28 19:14:46.792871+00:00,9,-70.5,2.055534256,K3,-66.16363771595316,2.7320643043714448
2025-03-28 19:14:47.559128+00:00,9,-72.5,0.09817477,K3,-66.76638364411284,2.4815157657914955
2025-03-28 19:14:48.340380+00:00,9,-72.0,6.160466844,K3,-67.26423096475168,2.8314757024926895
2025-03-28 19:14:49.763875+00:00,9,-70.0,5.319845372,K3,-67.52447076927282,3.0681816744979327
2025-03-28 19:14:50.481950+00:00,9,-68.5,0.441786467,K3,-67.61726790787243,2.8183460341450535
2025-03-28 19:14:52.488665+00:00,9,-67.0,6.280117346,K3,-67.55855034803827,3.1476467613353454
2025-03-28 19:14:53.164960+00:00,9,-69.0,6.031612458,K3,-67.69566813038463,3.421983774063781
2025-03-28 19:14:54.662080+00:00,9,-71.0,6.129787228,K3,-68.00999243541433,3.679563366998903
2025-03-28 19:14:55.404112+00:00,9,-70.0,5.927301764,K3,-68.19929174664384,3.8933793070785656
2025-03-28 19:14:56.128840+00:00,9,-71.0,5.540738606,K3,-68.46570889716695,4.050084232119388
2025-03-28 19:14:56.852964+00:00,9,-71.0,5.730952224,K3,-68.70678313795291,4.209976668918885
2025-03-28 19:14:57.536796+00:00,9,-70.5,5.7248163,K3,-68.87736275051313,4.354075670792937
2025-03-28 19:14:58.182990+00:00,9,-70.5,5.332117219,K3,-69.03171599113274,4.447111796840075
2025-03-28 19:14:58.324003+00:00,9,-70.5,5.614369684,K3,-69.17138639207434,4.55814711236402
2025-03-28 19:14:58.997510+00:00,9,-68.5,3.393165503,K3,-69.10752081422764,4.447328327603531
2025-03-28 19:15:01.140530+00:00,9,-68.5,0.831417587,K3,-69.0497304444093,4.103365100365331
2025-03-28 19:15:01.836690+00:00,9,-68.0,1.043106936,K3,-68.94987491812057,3.8122582811404917
2025-03-28 19:15:02.645992+00:00,9,-66.0,0.705631162,K3,-68.66926829746008,3.5167406187316272
2025-03-28 19:15:03.500901+00:00,9,-71.0,0.987883627,K3,-68.890978968315,3.27618329464491
2025-03-28 19:15:04.832922+00:00,9,-68.0,4.196971436,K3,-68.80622466362765,3.3637731947649794
2025-03-28 19:15:05.495792+00:00,9,-70.5,1.184233168,K3,-68.96734491010123,3.1564446197433584
2025-03-28 19:15:07.871127+00:00,9,-71.5,4.724660827,K3,-69.20826352762,3.3056210641180237
2025-03-28 19:15:08.472578+00:00,9,-68.5,4.657165672,K3,-69.14089001488584,3.4341866395016405
2025-03-28 19:15:09.135378+00:00,9,-69.5,4.503767593,K3,-69.17505032417169,3.5359304442571307
2025-03-28 19:15:10.645771+00:00,9,-71.0,0.969475858,K3,-69.34864851957346,3.291796651972459
2025-03-28 19:15:11.196199+00:00,1,-57.5,6.07456392,K3,-68.22154675428158,3.5565071712298493
2025-03-28 19:15:11.510611+00:00,9,-70.0,1.69351479,K3,-68.39072198043705,3.3792901663197767
2025-03-28 19:15:11.690508+00:00,17,-72.5,4.749204519,K3,-68.78161673126897,3.509603162233646
2025-03-28 19:15:11.902527+00:00,1,-56.5,5.835262917,K3,-67.61332889835914,3.730831364948936
2025-03-28 19:15:12.145396+00:00,9,-69.5,0.834485549,K3,-67.7927983396467,3.4553166951926886
2025-03-28 19:15:12.384334+00:00,17,-72.0,4.669437518,K3,-68.19300806923039,3.570809843730418
2025-03-28 19:15:12.579012+00:00,1,-57.0,5.89969011,K3,-67.1282740501815,3.7923443973473154
2025-03-28 19:15:12.805137+00:00,9,-70.0,1.036971013,K3,-67.4014467570478,3.5302397191516106
2025-03-28 19:15:13.019809+00:00,17,-72.0,1.374446786,K3,-67.83888377542203,3.325170084593772
2025-03-28 19:15:13.250955+00:00,1,-57.0,5.602097837,K3,-66.80783580210861,3.5417626593809652
2025-03-28 19:15:13.456844+00:00,9,-69.5,1.030835089,K3,-67.06392771135135,3.3029108701675898
2025-03-28 19:15:13.637164+00:00,17,-71.5,4.749204519,K3,-67.48590874164803,3.4404894406631747
2025-03-28 19:15:14.005314+00:00,1,-58.0,6.185010537,K3,-66.58356241280498,3.701561795805775
2025-03-28 19:15:14.210413+00:00,9,-69.5,1.711922559,K3,-66.86098831071338,3.5122975186502026
2025-03-28 19:15:14.441871+00:00,17,-73.0,1.902136177,K3,-67.44496131862574,3.359131046661928
2025-03-28 19:15:14.676513+00:00,1,-57.5,5.503923067,K3,-66.49894764919752,3.5631542202445523
2025-03-28 19:15:14.885953+00:00,9,-69.0,1.282407939,K3,-66.73686005891147,3.3461984082014626
2025-03-28 19:15:15.180136+00:00,17,-72.5,5.172583217,K3,-67.2850782961142,3.519933120630599
2025-03-28 19:15:15.416238+00:00,1,-58.0,6.246369768,K3,-66.40183594770087,3.7792851939750878
2025-03-28 19:15:15.642114+00:00,9,-69.0,4.657165672,K3,-66.64898610044459,3.862793505948524
2025-03-28 19:15:15.857408+00:00,17,-71.5,4.804427828,K3,-67.11043841912273,3.952366397360418
2025-03-28 19:15:16.092833+00:00,1,-57.0,6.080699843,K3,-66.14868375340372,4.154823950308567
2025-03-28 19:15:16.331525+00:00,9,-69.0,1.276272016,K3,-66.4199149888783,3.8810019221634278
2025-03-28 19:15:16.567350+00:00,17,-71.5,4.724660827,K3,-66.9031576791723,3.961254909657472
2025-03-28 19:15:16.790895+00:00,1,-57.0,6.243301807,K3,-65.96112057766385,4.178334442704901
2025-03-28 19:15:17.027501+00:00,9,-69.5,1.601475943,K3,-66.29775620658243,3.933210978986172
2025-03-28 19:15:17.235296+00:00,17,-72.5,1.92667987,K3,-66.88774416348396,3.7423398638083865
2025-03-28 19:15:17.516459+00:00,1,-57.5,5.657321146,K3,-65.99473573243691,3.924502308855727
2025-03-28 19:15:17.925708+00:00,9,-70.5,4.82897152,K3,-66.4232986443535,4.010539871992381
2025-03-28 19:15:18.339168+00:00,1,-58.0,6.160466844,K3,-65.6220330180596,4.215051507451231
2025-03-28 19:15:18.538014+00:00,9,-69.5,1.564660404,K3,-65.99092432462812,3.96293326053877
2025-03-28 19:15:18.777819+00:00,17,-71.5,1.356039016,K3,-66.51497471838792,3.7149526489364146
2025-03-28 19:15:19.099130+00:00,1,-56.0,5.924233803,K3,-65.51473856875933,3.9251103463320614
2025-03-28 19:15:19.412547+00:00,9,-69.5,4.94555406,K3,-65.89383625144585,4.022179974972065
2025-03-28 19:15:19.884572+00:00,1,-56.5,6.166602767,K3,-65.00024831100512,4.226168025739797
2025-03-28 19:15:20.645003+00:00,1,-58.5,0.527689391,K3,-64.38191269761917,3.8743505341931788
2025-03-28 19:15:20.867271+00:00,9,-71.0,4.804427828,K3,-65.01145773586511,3.962824064194955
2025-03-28 19:15:22.219107+00:00,1,-58.5,0.141126232,K3,-64.39205582681389,3.599285356104907
2025-03-28 19:15:22.474146+00:00,9,-70.0,1.141281706,K3,-64.92551107871422,3.3654679506805394
2025-03-28 19:15:23.118632+00:00,9,-69.0,4.651029749,K3,-65.31309651942928,3.4877569164365134
2025-03-28 19:15:23.608178+00:00,1,-57.0,0.337475773,K3,-64.52231386166882,3.1880866684756577
2025-03-28 19:15:23.836935+00:00,9,-72.0,1.331495324,K3,-65.23362817211235,3.011478561697581
2025-03-28 19:15:24.269298+00:00,1,-56.5,0.46633016,K3,-64.4028424737034,2.769371518577652
2025-03-28 19:15:24.464922+00:00,9,-70.0,1.626019635,K3,-64.93527164666013,2.660610259865211
2025-03-28 19:15:24.932901+00:00,1,-57.0,0.539961237,K3,-64.18042955044102,2.458883687034089
2025-03-28 19:15:25.150473+00:00,9,-70.0,1.448077864,K3,-64.73401573536877,2.362730861988618
2025-03-28 19:15:25.742748+00:00,1,-58.0,0.932660319,K3,-64.09344301398023,2.226695513171648
2025-03-28 19:15:25.969444+00:00,9,-70.0,0.619728238,K3,-64.65530378640149,2.073832876508577
2025-03-28 19:15:26.501441+00:00,1,-57.5,0.859029241,K3,-63.97465607203051,1.9582747754689092
2025-03-28 19:15:26.699631+00:00,9,-70.0,0.417242774,K3,-64.5478164430361,1.811684226572047
2025-03-28 19:15:27.188124+00:00,1,-57.5,0.969475858,K3,-63.87739345381578,1.7315692212270408
2025-03-28 19:15:27.370731+00:00,9,-70.5,0.791534087,K3,-64.50736838477613,1.6421484524322811
2025-03-28 19:15:27.921433+00:00,1,-56.0,0.717903009,K3,-63.698105630982965,1.554229676742343
2025-03-28 19:15:28.164398+00:00,9,-70.5,0.736310778,K3,-64.34513530210091,1.4764252053196412
2025-03-28 19:15:28.670199+00:00,1,-56.5,0.840621472,K3,-63.598867418624835,1.4159444247977835
2025-03-28 19:15:28.849560+00:00,9,-70.5,0.509281622,K3,-64.25533711695005,1.3296981964262726
2025-03-28 19:15:29.672020+00:00,9,-70.5,0.840621472,K3,-64.84936018644476,1.2831748111766557
2025-03-28 19:15:30.428917+00:00,9,-71.5,2.196660488,K3,-65.48200177977643,1.3700700649074764
2025-03-28 19:15:31.034654+00:00,9,-67.5,4.951689983,K3,-65.67396370301584,1.710771380151194
2025-03-28 19:15:31.666146+00:00,9,-67.5,5.098952139,K3,-65.84766526328542,2.033071810465426
2025-03-28 19:15:32.880213+00:00,1,-58.5,4.718524904,K3,-65.14871917843531,2.2885253264487218
2025-03-28 19:15:33.843273+00:00,9,-67.5,1.699650713,K3,-65.3723845831221,2.2325086747928236
2025-03-28 19:15:34.562989+00:00,9,-68.0,4.608078287,K3,-65.62233629462635,2.458484548794283
2025-03-28 19:15:35.218960+00:00,9,-67.5,4.84737929,K3,-65.80094890809062,2.6857279746520017
2025-03-28 19:15:35.784827+00:00,1,-59.0,5.000777369,K3,-65.15400917386951,2.9059468676518474
2025-03-28 19:15:35.953793+00:00,9,-67.0,4.804427828,K3,-65.32960890716713,3.08653972087125
2025-03-28 19:15:36.691573+00:00,9,-67.5,4.862719098,K3,-65.53606719052267,3.255498645529793
2025-03-28 19:15:37.445615+00:00,9,-67.5,1.779417714,K3,-65.72288614578345,3.1150865620929205
2025-03-28 19:15:38.036381+00:00,1,-59.0,4.61421421,K3,-65.08337212573576,3.2576909626269046
2025-03-28 19:15:38.243814+00:00,9,-70.0,5.822991071,K3,-65.55106596864299,3.501714935271951
2025-03-28 19:15:39.441620+00:00,1,-57.0,0.638136008,K3,-64.73764648559408,3.2293172132531005
2025-03-28 19:15:40.198562+00:00,1,-56.0,0.56450493,K3,-63.90647854542863,2.9758271527372795
2025-03-28 19:15:40.894901+00:00,1,-56.5,3.724505353,K3,-63.201937851703704,3.0470451081197854
2025-03-28 19:15:41.186690+00:00,9,-72.0,0.319068004,K3,-64.03885282706963,2.7875464989476137
2025-03-28 19:15:41.760164+00:00,1,-56.0,0.889708857,K3,-63.27415757914619,2.6070148413408663
2025-03-28 19:15:42.004408+00:00,9,-72.5,0.337475773,K3,-64.15176511956052,2.391125114551392
2025-03-28 19:15:42.463049+00:00,1,-56.0,0.632000085,K3,-63.37632909862415,2.2237884833754373
2025-03-28 19:15:43.145714+00:00,1,-56.5,3.828816047,K3,-62.722218829660264,2.376466605128942
2025-03-28 19:15:43.814202+00:00,1,-56.5,3.859495662,K3,-62.13033074899299,2.5175396284467575
2025-03-28 19:15:44.562689+00:00,1,-56.5,0.56450493,K3,-61.59474597581564,2.331757355147417
2025-03-28 19:15:44.795534+00:00,9,-72.5,0.632000085,K3,-62.63210741395651,2.1700680774524477
2025-03-28 19:15:45.477808+00:00,1,-55.0,3.871767509,K3,-61.90610379171813,2.331942103099063
2025-03-28 19:15:46.145506+00:00,1,-56.0,0.533825314,K3,-61.344286129369436,2.160896383838565
2025-03-28 19:15:47.684783+00:00,1,-58.5,5.123495832,K3,-61.07372363324569,2.442713425180705
2025-03-28 19:15:47.837261+00:00,9,-66.5,5.979457111,K3,-61.58989774923444,2.7791458923310115
2025-03-28 19:15:48.382540+00:00,1,-57.0,5.632777453,K3,-61.15328408397674,3.050597371877924
2025-03-28 19:15:48.551332+00:00,9,-69.0,0.073631078,K3,-61.89970232322886,2.767413685458012
2025-03-28 19:15:49.130231+00:00,1,-57.5,5.485515297,K3,-61.48118098302947,3.0259728891692808
2025-03-28 19:15:49.399172+00:00,9,-69.0,0.018407769,K3,-62.196408055344165,2.7398784917859533
2025-03-28 19:15:49.836194+00:00,1,-58.0,5.006913292,K3,-61.79722506651476,2.9555300002652656
2025-03-28 19:15:50.042986+00:00,9,-68.5,0.055223308,K3,-62.4348260090618,2.679638552467201
2025-03-28 19:15:50.511904+00:00,1,-57.5,5.025321061,K3,-61.96540107000192,2.902771418063651
2025-03-28 19:15:50.723365+00:00,9,-68.0,0.018407769,K3,-62.53944182235334,2.628396551006144
2025-03-28 19:15:51.193939+00:00,1,-57.0,4.988505522,K3,-62.01250285123076,2.852901732718541
2025-03-28 19:15:51.383937+00:00,9,-68.0,6.105243536,K3,-62.58206305031802,3.1622804929836024
2025-03-28 19:15:51.845570+00:00,1,-57.0,5.068272523,K3,-62.05106973821092,3.3435878361191267
2025-03-28 19:15:52.062857+00:00,9,-68.0,6.111379459,K3,-62.61696126518348,3.60687379828182
2025-03-28 19:15:52.525780+00:00,1,-57.5,5.381204604,K3,-62.13021072409657,3.7756568777291717
2025-03-28 19:15:52.719819+00:00,9,-68.0,6.166602767,K3,-62.688573970961926,4.003095418886538
2025-03-28 19:15:53.337526+00:00,1,-57.0,5.006913292,K3,-62.147448815839354,4.098583515741061
2025-03-28 19:15:53.986255+00:00,1,-57.5,5.190990986,K3,-61.70536060986143,4.202498691111623
2025-03-28 19:15:54.199797+00:00,9,-69.0,0.006135923,K3,-62.399262612665915,3.8033200102266846
2025-03-28 19:15:54.653771+00:00,1,-57.0,5.246214295,K3,-61.88565817792701,3.940575216480318
2025-03-28 19:15:54.854488+00:00,9,-67.5,2.847068342,K3,-62.41972200567867,3.8365554603689813
2025-03-28 19:15:55.355693+00:00,1,-57.0,5.473243451,K3,-61.90417137277583,3.992245277771091
2025-03-28 19:15:55.569329+00:00,9,-67.5,5.847534763,K3,-62.43647413431203,4.168729545289898
2025-03-28 19:15:56.354581+00:00,9,-71.5,4.589670517,K3,-63.29864132508137,4.208771522378851
2025-03-28 19:15:56.719154+00:00,1,-58.5,4.583534594,K3,-62.842170943458974,4.244420830324988
2025-03-28 19:15:56.997112+00:00,9,-69.5,0.092038847,K3,-63.47549641296871,3.8494258181611674
2025-03-28 19:15:57.493385+00:00,1,-59.0,0.325203927,K3,-63.04976516589684,3.514184485750671
2025-03-28 19:15:57.645372+00:00,9,-65.5,5.890486225,K3,-63.282843563305214,3.7402300032798887
2025-03-28 19:15:57.884256+00:00,17,-72.0,5.84139884,K3,-64.11206238916792,3.940103524923946
2025-03-28 19:15:58.336692+00:00,9,-64.0,5.829126994,K3,-64.10140246314226,4.1197967350240345
2025-03-28 19:15:58.602490+00:00,17,-73.0,5.939573611,K3,-64.94788085950057,4.292902868358615
2025-03-28 19:15:59.004190+00:00,9,-62.5,5.749359993,K3,-64.7150263837426,4.431448238696424
2025-03-28 19:15:59.239431+00:00,17,-72.0,5.651185223,K3,-65.40800893056083,4.547475624155279
2025-03-28 19:15:59.511991+00:00,1,-59.0,0.392699082,K3,-64.79844758104213,4.152252829769568
2025-03-28 19:15:59.630197+00:00,9,-63.0,5.583690068,K3,-64.62737039522385,4.288418185364775
2025-03-28 19:15:59.891799+00:00,17,-71.5,5.853670687,K3,-65.2811287501241,4.437312707450093
2025-03-28 19:16:00.136627+00:00,1,-58.0,0.239301003,K3,-64.58851194589678,4.037977171624619
2025-03-28 19:16:00.301355+00:00,9,-62.5,5.951845457,K3,-64.3898424100047,4.220033742936602
2025-03-28 19:16:00.538414+00:00,17,-72.5,5.74322407,K3,-65.16132051793771,4.364927103947781
2025-03-28 19:16:01.107196+00:00,9,-64.0,5.939573611,K3,-65.05084999428382,4.514715230065399
2025-03-28 19:16:01.401770+00:00,17,-72.5,6.185010537,K3,-65.75944980733905,4.6736019408085925
2025-03-28 19:16:01.849070+00:00,9,-62.5,5.951845457,K3,-65.44939489874264,4.7951947555481595
2025-03-28 19:16:02.117577+00:00,17,-71.5,5.645049299,K3,-66.02495823688618,4.876037102681994
2025-03-28 19:16:02.434359+00:00,1,-59.0,0.386563159,K3,-65.35670963274228,4.4489762440916545
2025-03-28 19:16:02.540920+00:00,9,-63.5,5.951845457,K3,-65.18009027380208,4.591936560704439
2025-03-28 19:16:02.806402+00:00,17,-72.5,5.749359993,K3,-65.87639611535243,4.702036374390702
2025-03-28 19:16:03.009304+00:00,1,-58.0,0.613592315,K3,-65.127154549455,4.313123452252214
2025-03-28 19:16:03.217294+00:00,9,-63.0,5.608233761,K3,-64.92480913891464,4.436320719317633
2025-03-28 19:16:03.456829+00:00,17,-72.0,6.007068765,K3,-65.59783611751595,4.585738004601631
2025-03-28 19:16:03.722508+00:00,1,-57.5,0.319068004,K3,-64.82753008869112,4.179871353711977
2025-03-28 19:16:03.999410+00:00,9,-63.5,5.853670687,K3,-64.70124889258823,4.339091384688629
2025-03-28 19:16:04.212359+00:00,17,-72.0,5.651185223,K3,-65.3955420221775,4.463904208678602
2025-03-28 19:16:04.482117+00:00,1,-58.5,0.165669925,K3,-64.73960412535973,4.0550350078241335
2025-03-28 19:16:04.796070+00:00,9,-64.5,6.086835766,K3,-64.7168118016306,4.248309896409287
2025-03-28 19:16:05.090017+00:00,17,-72.5,5.387340527,K3,-65.4571869716978,4.356660096268521
2025-03-28 19:16:05.437514+00:00,1,-59.0,0.386563159,K3,-64.84294756485318,3.979004934887576
2025-03-28 19:16:05.552455+00:00,9,-65.0,6.019340612,K3,-64.85788716549212,4.173091706970611
2025-03-28 19:16:05.781031+00:00,17,-71.5,5.85980661,K3,-65.48971763060725,4.333540330511141
2025-03-28 19:16:06.064803+00:00,1,-58.5,0.128854386,K3,-64.8248212863859,3.933569908120635
2025-03-28 19:16:06.244312+00:00,9,-69.0,5.000777369,K3,-65.2219848357397,4.035087934565259
2025-03-28 19:16:06.934521+00:00,9,-66.0,0.337475773,K3,-65.29599346753339,3.683352866211782
2025-03-28 19:16:07.195470+00:00,17,-73.5,4.792155981,K3,-66.0763989487962,3.7888276759888804
2025-03-28 19:16:07.573080+00:00,9,-63.5,4.043573357,K3,-65.83131919982192,3.8130603390178957
2025-03-28 19:16:07.877666+00:00,17,-72.5,5.092816216,K3,-66.4656769405984,3.9347970169596715
2025-03-28 19:16:08.301203+00:00,9,-61.5,3.669282045,K3,-65.99331730908331,3.9095399259694763
2025-03-28 19:16:09.302876+00:00,9,-63.5,3.810408277,K3,-65.75614069460407,3.9001100355962492
2025-03-28 19:16:09.994977+00:00,9,-62.5,3.798136431,K3,-65.44640056509836,3.890409804415776
2025-03-28 19:16:10.246589+00:00,17,-72.0,1.877592484,K3,-66.06981119998242,3.698940713866321
2025-03-28 19:16:10.625885+00:00,9,-64.0,3.902447124,K3,-65.87292057108628,3.718299245251192
2025-03-28 19:16:10.948248+00:00,17,-72.5,4.773748212,K3,-66.50332098466728,3.818698745859132
2025-03-28 19:16:11.279636+00:00,9,-64.5,4.246058821,K3,-66.31275523231493,3.8593513396610706
2025-03-28 19:16:11.932341+00:00,9,-62.0,3.982214125,K3,-65.90250472735447,3.871038652529761
2025-03-28 19:16:12.247408+00:00,17,-73.5,1.411262325,K3,-66.62521587235135,3.6370526213036802
2025-03-28 19:16:12.718535+00:00,9,-63.0,4.393320977,K3,-66.28036749536044,3.7089925896295663
2025-03-28 19:16:13.416242+00:00,9,-62.5,3.877903432,K3,-65.92076033233688,3.7250602203303638
2025-03-28 19:16:14.167996+00:00,9,-63.0,3.669282045,K3,-65.64292323362295,3.719754325754294
2025-03-28 19:16:14.866665+00:00,9,-63.5,5.620505607,K3,-65.4390778282315,3.900563143071929
2025-03-28 19:16:15.548619+00:00,9,-62.0,5.816855148,K3,-65.11193581816362,4.082850270517245
2025-03-28 19:16:15.821916+00:00,17,-72.0,1.073786552,K3,-65.7671623860024,3.7966133190829994
2025-03-28 19:16:16.260196+00:00,9,-62.0,6.068427997,K3,-65.40881135797616,4.012719513055843
2025-03-28 19:16:16.564265+00:00,9,-64.5,6.154330921,K3,-65.32236074846095,4.2164401311319555
2025-03-28 19:16:17.080510+00:00,9,-64.0,0.263844696,K3,-65.19657128544411,3.840449798776153
2025-03-28 19:16:17.803491+00:00,9,-65.5,0.0,K3,-65.22543491824045,3.4751273113282526
2025-03-28 19:16:18.159193+00:00,17,-74.0,1.282407939,K3,-66.06011473698548,3.26654505212793
2025-03-28 19:16:18.528903+00:00,9,-62.5,6.277049384,K3,-65.72145910041658,3.5529190417951457
2025-03-28 19:16:18.739862+00:00,17,-72.0,1.497165249,K3,-66.31870481359063,3.3573656226608284
2025-03-28 19:16:19.149490+00:00,9,-62.0,5.669592992,K3,-65.90788835517554,3.577316070751905
2025-03-28 19:16:19.912971+00:00,9,-63.5,6.160466844,K3,-65.67883816327097,3.8230380865003433
2025-03-28 19:16:20.816535+00:00,9,-63.5,0.055223308,K3,-65.47157635299911,3.4646249996886507
2025-03-28 19:16:21.091750+00:00,17,-71.0,1.435806017,K3,-65.99746722105101,3.2716337522640577
2025-03-28 19:16:21.487080+00:00,9,-63.5,6.203418306,K3,-65.75989584651964,3.5505195291783815
2025-03-28 19:16:22.190469+00:00,9,-62.5,0.368155389,K3,-65.44979850848097,3.2477973886558185
2025-03-28 19:16:23.629405+00:00,9,-70.0,2.018718717,K3,-65.88263607032088,3.13088137591649
2025-03-28 19:16:24.454163+00:00,9,-70.5,5.319845372,K3,-66.32186245385026,3.339106405244554
2025-03-28 19:16:24.850770+00:00,1,-60.0,6.099107613,K3,-65.72049578120685,3.6016513047763077
2025-03-28 19:16:25.061211+00:00,9,-71.0,5.497787144,K3,-66.22270820807306,3.78202107853173
2025-03-28 19:16:25.439447+00:00,1,-58.5,0.245436926,K3,-65.4880861923637,3.445603786972955
2025-03-28 19:16:25.658310+00:00,9,-70.0,5.565282298,K3,-65.91728164126177,3.647238039941196
2025-03-28 19:16:26.104153+00:00,1,-60.0,6.270913461,K3,-65.35440068684741,3.896814959650591
2025-03-28 19:16:26.261347+00:00,9,-69.5,5.485515297,K3,-65.74875049804032,4.047939955278644
2025-03-28 19:16:26.745915+00:00,1,-60.0,0.104310694,K3,-65.20190105547485,3.6728025295110296
2025-03-28 19:16:26.958776+00:00,9,-69.5,5.780039609,K3,-65.6107573822029,3.873253292274985
2025-03-28 19:16:27.614469+00:00,9,-69.5,5.792311455,K3,-65.980721282753,4.055803550264899
2025-03-28 19:16:28.318554+00:00,9,-69.0,5.712544454,K3,-66.26792993514435,4.213400899461356
2025-03-28 19:16:29.013490+00:00,9,-69.5,5.847534763,K3,-66.5753803478734,4.368847755723096
2025-03-28 19:16:29.618722+00:00,9,-69.0,5.485515297,K3,-66.80602210309495,4.47507066845629
2025-03-28 19:16:30.257292+00:00,9,-68.5,5.755495916,K3,-66.96716161836119,4.59687102022051
2025-03-28 19:16:30.886515+00:00,9,-69.0,5.712544454,K3,-67.16053521079729,4.702999368555579
2025-03-28 19:16:31.339352+00:00,1,-60.5,0.024543693,K3,-66.52695231857508,4.257961637466536
2025-03-28 19:16:31.605790+00:00,9,-70.0,5.816855148,K3,-66.85732570827741,4.406251261019475
2025-03-28 19:16:33.776256+00:00,9,-70.0,4.982369599,K3,-67.15627235506253,4.461054472966801
2025-03-28 19:16:34.437437+00:00,9,-70.5,5.332117219,K3,-67.47434418638451,4.543914248716364
2025-03-28 19:16:35.138769+00:00,9,-68.5,5.123495832,K3,-67.57190961562533,4.59904690160292
2025-03-28 19:16:35.779330+00:00,9,-67.5,1.938951716,K3,-67.5650692190499,4.346005554633009
2025-03-28 19:16:36.542701+00:00,9,-68.5,5.117359908,K3,-67.65400443663748,4.419380577310195
2025-03-28 19:16:37.233350+00:00,9,-68.5,5.111223985,K3,-67.73447969859143,4.485192127483878
2025-03-28 19:16:37.864087+00:00,9,-67.5,5.424156066,K3,-67.71217483555878,4.5745109988702195
2025-03-28 19:16:38.529283+00:00,9,-68.5,5.092816216,K3,-67.78711664285423,4.623814742207632
2025-03-28 19:16:39.216676+00:00,9,-69.0,4.914874444,K3,-67.90249207756447,4.651501773629971
2025-03-28 19:16:40.004022+00:00,9,-69.0,4.767612289,K3,-68.00689243305035,4.662546777344732
2025-03-28 19:16:40.752470+00:00,9,-70.5,5.313709449,K3,-68.2440490958255,4.724488575677347
2025-03-28 19:16:41.355163+00:00,9,-62.0,4.908738521,K3,-67.65008441279262,4.742015337349602
2025-03-28 19:16:41.999388+00:00,9,-60.0,4.921010368,K3,-66.92237072994266,4.759042225673687
2025-03-28 19:16:42.699523+00:00,9,-60.5,4.970097753,K3,-66.31144321537838,4.779118866242468
2025-03-28 19:16:43.394771+00:00,9,-61.5,4.94555406,K3,-65.85375505494038,4.794951001062132
2025-03-28 19:16:44.890344+00:00,9,-62.0,5.307573526,K3,-65.48716690603803,4.843714178748194
2025-03-28 19:16:45.617939+00:00,9,-62.0,4.96396183,K3,-65.15545042619607,4.855152727190899
2025-03-28 19:16:45.942955+00:00,17,-75.5,0.325203927,K3,-66.13947489724487,4.424241701033302
2025-03-28 19:16:46.350413+00:00,9,-61.5,5.356660911,K3,-65.69814520965106,4.512938005627047
2025-03-28 19:16:47.036994+00:00,9,-62.0,4.994641445,K3,-65.34635943514002,4.558760007711286
2025-03-28 19:16:47.869899+00:00,9,-62.5,5.319845372,K3,-65.07559971596662,4.631158193603665
2025-03-28 19:16:48.605918+00:00,9,-61.5,5.546874529,K3,-64.73547107198038,4.718265638557188
2025-03-28 19:16:49.222828+00:00,9,-62.0,5.154175447,K3,-64.47525959970021,4.75973152507236
2025-03-28 19:16:49.903112+00:00,9,-61.5,4.890330752,K3,-64.19223826243078,4.7721547663435215
2025-03-28 19:16:50.568865+00:00,9,-62.5,5.27689391,K3,-64.03126422975816,4.820168038000313
2025-03-28 19:16:51.320364+00:00,9,-62.5,5.522330836,K3,-63.88560283938313,4.886961219372028
2025-03-28 19:16:51.730212+00:00,17,-74.5,0.497009775,K3,-64.89529654107199,4.469367430763058
2025-03-28 19:16:52.145548+00:00,9,-62.5,5.252350218,K3,-64.6674441445015,4.543848607304786
2025-03-28 19:16:52.834048+00:00,9,-63.0,5.17871914,K3,-64.50882865036229,4.60424061719006
2025-03-28 19:16:53.694875+00:00,9,-62.5,5.387340527,K3,-64.31773898174045,4.678732935007405
2025-03-28 19:16:54.451354+00:00,9,-62.0,5.350524988,K3,-64.09726424194976,4.7426371016300735
2025-03-28 19:16:55.190203+00:00,9,-64.5,1.300815708,K3,-64.13557444950983,4.4152341101177175
2025-03-28 19:16:55.994048+00:00,9,-68.0,0.754718548,K3,-64.50317762846876,4.067027852892133
2025-03-28 19:16:56.327439+00:00,17,-73.5,4.528311286,K3,-65.35899965456115,4.110907403473728
2025-03-28 19:16:56.586362+00:00,1,-60.0,2.030990563,K3,-64.84922523057034,3.913055476314368
2025-03-28 19:16:56.765275+00:00,9,-70.0,0.926524396,K3,-65.33919227861028,3.628961940331006
2025-03-28 19:16:57.023250+00:00,17,-73.5,4.638757903,K3,-66.11548847634009,3.7250187024880432
2025-03-28 19:16:57.441162+00:00,9,-70.5,4.589670517,K3,-66.53256479291578,3.8072686388768773
2025-03-28 19:16:57.649311+00:00,17,-72.5,4.368777284,K3,-67.10021660136563,3.860682104931101
2025-03-28 19:16:58.398279+00:00,9,-71.0,1.392854555,K3,-67.47118319287038,3.6259302018023094
2025-03-28 19:16:58.610015+00:00,17,-71.0,4.675573441,K3,-67.80686161630385,3.7257774330299562
2025-03-28 19:16:59.223634+00:00,9,-71.0,4.479223901,K3,-68.11060865590035,3.7974489695060654
2025-03-28 19:16:59.520089+00:00,17,-71.0,1.288543862,K3,-68.38546178205586,3.558789566918134
2025-03-28 19:17:00.166766+00:00,17,-72.0,1.116738014,K3,-68.72929444800442,3.3264896034939646
2025-03-28 19:17:00.828514+00:00,17,-72.0,4.552854978,K3,-69.04042005843304,3.443147514053632
2025-03-28 19:17:02.116859+00:00,9,-71.0,4.957825906,K3,-69.22682494747349,3.587231177900968
2025-03-28 19:17:02.484660+00:00,1,-50.5,4.878058905,K3,-67.44543718555234,3.7100210647212077
2025-03-28 19:17:02.708515+00:00,9,-68.0,0.665747662,K3,-67.49818993000552,3.420434794824384
2025-03-28 19:17:03.132635+00:00,1,-49.5,4.921010368,K3,-65.78611351726744,3.5631769291365596
2025-03-28 19:17:03.445297+00:00,9,-66.0,4.209243282,K3,-65.80645945224835,3.6246339405417545
2025-03-28 19:17:03.926370+00:00,1,-53.0,4.626486056,K3,-64.5882459961092,3.719935044852708
2025-03-28 19:17:04.119371+00:00,9,-66.5,3.902447124,K3,-64.77010144655993,3.7372964921406338
2025-03-28 19:17:04.580573+00:00,1,-53.5,4.697049173,K3,-63.69803392583372,3.8285928910202824
2025-03-28 19:17:04.803784+00:00,9,-65.5,3.693825737,K3,-63.869445808035884,3.8157731760096465
2025-03-28 19:17:05.245975+00:00,1,-52.0,4.693981211,K3,-62.740365701689605,3.89931264681373
2025-03-28 19:17:05.431343+00:00,9,-66.5,4.289010283,K3,-63.09800062096153,3.936382604048818
2025-03-28 19:17:05.858018+00:00,1,-51.0,4.16629182,K3,-61.94717925586926,3.9582527002769337
2025-03-28 19:17:06.112322+00:00,9,-67.0,0.751650586,K3,-62.427828434895744,3.653224924359474
2025-03-28 19:17:07.461488+00:00,1,-60.0,0.227029157,K3,-62.19688144446366,3.327308319326881
2025-03-28 19:17:07.740708+00:00,9,-71.5,5.964117303,K3,-63.081839871160014,3.5781345681551837
2025-03-28 19:17:08.170688+00:00,1,-62.0,5.810719225,K3,-62.97892993782917,3.7905090094345564
2025-03-28 19:17:09.101714+00:00,9,-70.5,5.111223985,K3,-63.69437114064291,3.9161419184331367
2025-03-28 19:17:09.289750+00:00,17,-72.5,6.117515382,K3,-64.53200589880808,4.125547397387275
2025-03-28 19:17:09.518295+00:00,1,-59.5,6.037748381,K3,-64.05333673031878,4.307445366749181
2025-03-28 19:17:09.758694+00:00,9,-70.5,5.945709534,K3,-64.6665750708302,4.463285117829264
2025-03-28 19:17:10.290969+00:00,1,-59.0,1.619883712,K3,-64.12754255936615,4.192806780963247
2025-03-28 19:17:10.524432+00:00,9,-72.0,1.773281791,K3,-64.8764094591383,3.96264965508247
2025-03-28 19:17:11.009562+00:00,1,-58.0,1.466485633,K3,-64.22229154588678,3.7252022472513033
2025-03-28 19:17:11.284073+00:00,9,-66.5,4.49763167,K3,-64.43895838486041,3.7986795358195393
2025-03-28 19:17:13.137660+00:00,1,-61.0,2.93910719,K3,-64.11182773683387,3.7169127834937337
2025-03-28 19:17:13.838514+00:00,1,-60.0,5.614369684,K3,-63.72069044420317,3.8974082231005815
2025-03-28 19:17:14.595029+00:00,1,-59.5,5.804583301,K3,-63.31919759502825,4.0788281035736675
2025-03-28 19:17:16.084307+00:00,1,-59.5,5.84139884,K3,-62.95589672180361,4.2464925073472415
2025-03-28 19:17:17.509469+00:00,1,-61.0,5.632777453,K3,-62.76984219875577,4.378362754634117
2025-03-28 19:17:17.696262+00:00,9,-71.5,5.460971605,K3,-63.60029777840677,4.481345837051914
2025-03-28 19:17:17.907436+00:00,17,-72.5,1.564660404,K3,-64.44688125781434,4.203896362814512
2025-03-28 19:17:18.176313+00:00,1,-59.5,5.258486141,K3,-63.97630956415751,4.304214133177407
2025-03-28 19:17:18.603534+00:00,17,-73.0,4.38104913,K3,-64.83468741277106,4.311523056254914
2025-03-28 19:17:18.902231+00:00,1,-59.0,5.559146375,K3,-64.27966322789726,4.430203127101617
2025-03-28 19:17:19.734892+00:00,1,-60.0,5.749359993,K3,-63.87256059727494,4.555687821039694
2025-03-28 19:17:20.489906+00:00,1,-60.5,5.620505607,K3,-63.55174603361162,4.656978529844102
2025-03-28 19:17:20.944431+00:00,17,-73.0,0.055223308,K3,-64.45051045494071,4.219236923429619
2025-03-28 19:17:21.799007+00:00,1,-57.0,6.046952266,K3,-63.74178122925915,4.3930982027795755
2025-03-28 19:17:22.094480+00:00,9,-70.5,0.337475773,K3,-64.38465626249899,4.007307435596856
2025-03-28 19:17:22.489647+00:00,1,-54.5,5.279961872,K3,-63.44437910680375,4.128368589557667
2025-03-28 19:17:23.228163+00:00,1,-54.5,2.825592611,K3,-62.59354574217655,4.0044421262497165
2025-03-28 19:17:23.944299+00:00,1,-52.5,2.586291608,K3,-61.63339799102611,3.8695406688559464
2025-03-28 19:17:24.677096+00:00,1,-59.5,6.154330921,K3,-61.43045867359345,4.086881163314687
2025-03-28 19:17:25.280164+00:00,1,-55.0,1.711922559,K3,-60.81876179402046,3.860963411391326
2025-03-28 19:17:25.954012+00:00,1,-56.5,5.516194913,K3,-60.40793991534643,4.018417178828281
2025-03-28 19:17:26.592403+00:00,1,-54.5,2.35619449,K3,-59.845947591880865,3.8602983752525653
2025-03-28 19:17:27.472754+00:00,1,-55.5,6.092971689,K3,-59.43253966630661,4.072681250012882
2025-03-28 19:17:28.116713+00:00,1,-51.0,0.122718463,K3,-58.63039498851915,3.6969413481039872
2025-03-28 19:17:28.805813+00:00,1,-50.5,1.331495324,K3,-57.85699179963063,3.4719284796309258
2025-03-28 19:17:29.518546+00:00,1,-55.0,6.154330921,K3,-57.58522067761468,3.727091802565013
2025-03-28 19:17:30.206471+00:00,1,-53.5,5.497787144,K3,-57.196614379416125,3.8955290587560922
2025-03-28 19:17:31.073750+00:00,1,-49.5,3.589515044,K3,-56.46447453712172,3.8664194994799264
2025-03-28 19:17:31.328746+00:00,9,-66.5,4.786020058,K3,-57.41910311373109,3.9538964308550195
2025-03-28 19:17:31.793773+00:00,1,-53.5,6.037748381,K3,-57.04629873583522,4.152122685014811
2025-03-28 19:17:31.989492+00:00,9,-67.0,4.948622022,K3,-57.993143791926514,4.227889622296678
2025-03-28 19:17:32.486999+00:00,1,-56.5,2.402213914,K3,-57.851108605225775,4.054222362997861
2025-03-28 19:17:32.701904+00:00,9,-67.0,5.356660911,K3,-58.72139618528858,4.178116728250546
2025-03-28 19:17:33.120611+00:00,1,-46.5,5.571418222,K3,-57.55883682676795,4.3106544241276366
2025-03-28 19:17:33.839010+00:00,1,-46.5,4.141748127,K3,-56.506865836515,4.294587225792705
2025-03-28 19:17:34.118712+00:00,9,-67.0,5.718680377,K3,-57.50502440506352,4.430053975682877
2025-03-28 19:17:34.533093+00:00,1,-48.0,4.430136515,K3,-56.60085970018511,4.430061827228978
2025-03-28 19:17:34.752369+00:00,1,-54.0,0.153398079,K3,-56.35345312414357,4.023244521876061
2025-03-28 19:17:36.048678+00:00,1,-60.0,0.521553468,K3,-56.700330611178494,3.6901464336042853
2025-03-28 19:17:36.697237+00:00,1,-58.0,0.067495155,K3,-56.82396156038019,3.345542013393461
2025-03-28 19:17:37.382837+00:00,1,-59.0,5.951845457,K3,-57.030957047158196,3.5934664251032014
2025-03-28 19:17:38.006727+00:00,1,-57.0,6.068427997,K3,-57.02801226046277,3.82889695151483
2025-03-28 19:17:38.879367+00:00,1,-59.0,6.123651305,K3,-57.215597440316984,4.04718528033617
2025-03-28 19:17:39.595832+00:00,1,-56.0,0.05829127,K3,-57.099963828656854,3.6677420488463537
2025-03-28 19:17:40.275805+00:00,1,-48.0,3.69996166,K3,-56.234330479503264,3.670806936843329
2025-03-28 19:17:40.478213+00:00,9,-62.5,3.724505353,K3,-56.83035180374601,3.675914994490279
2025-03-28 19:17:40.774880+00:00,17,-68.5,5.27689391,K3,-57.94042617786124,3.8282079889077654
2025-03-28 19:17:40.957073+00:00,25,-70.0,0.693359316,K3,-59.08759219671384,3.530005753501807
2025-03-28 19:17:41.811228+00:00,25,-70.0,0.355883543,K3,-60.12563413753358,3.2280676258966308
2025-03-28 19:17:42.516637+00:00,17,-67.0,2.718213956,K3,-60.779557653811146,3.179567835330319
2025-03-28 19:17:42.746090+00:00,25,-68.5,6.160466844,K3,-61.513964129585574,3.463125620937937
2025-03-28 19:17:42.934921+00:00,1,-58.0,0.539961237,K3,-61.17969856594457,3.1850598370030383
2025-03-28 19:17:43.418335+00:00,17,-71.5,6.000932842,K3,-62.161416434591814,3.4529195368878547
2025-03-28 19:17:43.667055+00:00,1,-57.0,0.263844696,K3,-61.67043709898367,3.149559041483922
2025-03-28 19:17:43.842027+00:00,9,-65.5,1.448077864,K3,-62.03472397113164,2.9877057772380797
2025-03-28 19:17:44.300805+00:00,25,-71.5,0.147262156,K3,-62.93510761482595,2.7175087994005107
2025-03-28 19:17:44.504658+00:00,1,-60.0,3.184544116,K3,-62.65590573198473,2.7619354974504406
2025-03-28 19:17:44.781005+00:00,9,-68.5,5.448699759,K3,-63.21182474322964,3.0175137381888546
2025-03-28 19:17:45.446203+00:00,9,-67.5,5.482447336,K3,-63.619737079934346,3.251990354348043
2025-03-28 19:17:46.903971+00:00,9,-70.0,6.166602767,K3,-64.22665909236964,3.529242632681652
2025-03-28 19:17:47.345017+00:00,1,-56.5,4.454680208,K3,-63.49166124909984,3.617274809824233
2025-03-28 19:17:47.994491+00:00,1,-59.0,0.392699082,K3,-63.0643923232523,3.3105372953205228
2025-03-28 19:17:53.992201+00:00,1,-58.0,6.160466844,K3,-62.582642398664774,3.5816366212657913
2025-03-28 19:17:54.701306+00:00,1,-57.0,0.288388388,K3,-62.0515939760914,3.2683666400402966
2025-03-28 19:17:55.339218+00:00,1,-57.0,6.043884304,K3,-61.57106149327893,3.5323875412577697
2025-03-28 19:17:55.787488+00:00,17,-72.5,1.853048792,K3,-62.61067591597307,3.372640573769222
2025-03-28 19:17:56.038299+00:00,1,-57.5,2.546408108,K3,-62.12452326823938,3.2940452749317752
2025-03-28 19:17:56.663515+00:00,1,-55.0,6.197282383,K3,-61.44680354825682,3.5702154783044433
2025-03-28 19:17:57.272260+00:00,1,-56.5,0.328271889,K3,-60.97623924671558,3.2618258473325987
2025-03-28 19:17:57.977759+00:00,1,-57.0,5.166447294,K3,-60.597999798627754,3.443002813833993
2025-03-28 19:17:59.368839+00:00,1,-52.0,3.325670348,K3,-59.78011573866368,3.431841572176693
2025-03-28 19:17:59.605277+00:00,9,-62.0,4.031301511,K3,-59.99128205581129,3.488865152082902
2025-03-28 19:17:59.818236+00:00,17,-69.0,3.66007816,K3,-60.848235647324536,3.5051517761016937
2025-03-28 19:18:00.026678+00:00,25,-68.0,6.252505691,K3,-61.528546673338525,3.766493602887248
2025-03-28 19:18:00.177415+00:00,1,-54.5,0.251572849,K3,-60.859956719457095,3.432137040434189
2025-03-28 19:18:00.468924+00:00,9,-69.5,1.067650628,K3,-61.681840162357794,3.2072154549463407
2025-03-28 19:18:00.623776+00:00,17,-66.5,0.576776776,K3,-62.14016724096456,2.956995180858114
2025-03-28 19:18:00.868728+00:00,1,-54.5,0.696427278,K3,-61.413396928310924,2.741958835485189
2025-03-28 19:18:01.134708+00:00,9,-68.5,3.552699505,K3,-62.087509492555455,2.819080478412721
2025-03-28 19:18:01.272897+00:00,17,-65.0,3.939262663,K3,-62.364559924821776,2.925637721316575
2025-03-28 19:18:01.511536+00:00,25,-67.5,3.25203927,K3,-62.85306826126757,2.9566866431667904
2025-03-28 19:18:01.666692+00:00,1,-54.0,0.159534002,K3,-62.01092083369724,2.690607716430616
2025-03-28 19:18:01.865408+00:00,9,-62.5,3.166136346,K3,-62.05744445123017,2.7358423402140954
2025-03-28 19:18:02.069103+00:00,9,-62.5,0.049087385,K3,-62.099542513275395,2.480264984740116
2025-03-28 19:18:02.244125+00:00,17,-66.5,1.058446744,K3,-62.51813568834339,2.34501463553063
2025-03-28 19:18:02.477234+00:00,25,-68.0,6.252505691,K3,-63.03959760325358,2.7167144172904107
2025-03-28 19:18:02.613247+00:00,1,-51.5,3.742913122,K3,-61.941894281649994,2.814331489004195
2025-03-28 19:18:02.911382+00:00,9,-70.0,4.914874444,K3,-62.70842095935423,3.014145473698064
2025-03-28 19:18:03.071764+00:00,17,-68.5,0.702563201,K3,-63.259344463693246,2.7942563903746374
2025-03-28 19:18:03.255209+00:00,25,-64.0,6.025476535,K3,-63.32979926379293,3.101625954508108
2025-03-28 19:18:03.408099+00:00,1,-47.5,4.086524819,K3,-61.82399084398423,3.195314382143707
2025-03-28 19:18:03.682440+00:00,9,-66.0,6.07456392,K3,-62.221233389106686,3.469202769771655
2025-03-28 19:18:03.853732+00:00,17,-68.5,0.941864204,K3,-62.81850057305147,3.2287898859045265
2025-03-28 19:18:04.005038+00:00,25,-63.0,0.269980619,K3,-62.83576569187801,2.947333385258712
2025-03-28 19:18:04.161229+00:00,1,-47.0,3.491340273,K3,-61.32938971606326,2.9990819980076067
2025-03-28 19:18:04.409803+00:00,9,-66.5,6.019340612,K3,-61.82124361587297,3.286383863000416
2025-03-28 19:18:04.576687+00:00,17,-69.5,1.036971013,K3,-62.551684717758924,3.0724086411601785
2025-03-28 19:18:04.819813+00:00,25,-65.5,6.240233845,K3,-62.832142978932445,3.373747766497973
2025-03-28 19:18:04.965430+00:00,1,-47.5,3.687689814,K3,-61.37367407439022,3.4036114792704915
2025-03-28 19:18:05.260097+00:00,9,-67.5,5.460971605,K3,-61.95644035004198,3.599317700699852
2025-03-28 19:18:05.429978+00:00,17,-66.5,4.141748127,K3,-62.38864610722165,3.6509163526771657
2025-03-28 19:18:05.583431+00:00,25,-63.0,0.239301003,K3,-62.44680109856978,3.3263867087389287
2025-03-28 19:18:05.767913+00:00,1,-53.5,0.432582582,K3,-61.59573734216482,3.051113816979178
2025-03-28 19:18:05.980053+00:00,1,-52.0,0.177941771,K3,-60.68294357622275,2.7778035502918295
2025-03-28 19:18:06.123412+00:00,9,-60.0,3.8165442,K3,-60.617978621822935,2.876613673544987
2025-03-28 19:18:06.359550+00:00,17,-70.5,0.687223393,K3,-61.55800513435264,2.6683480939407866
2025-03-28 19:18:06.573870+00:00,1,-52.0,3.730641276,K3,-60.64880064173455,2.7693986499960923
2025-03-28 19:18:07.231805+00:00,1,-54.0,6.261709576,K3,-60.01633399947882,3.101604454335937
2025-03-28 19:18:07.442567+00:00,9,-65.0,4.196971436,K3,-60.49040483891542,3.205801152997988
2025-03-28 19:18:07.890029+00:00,25,-70.0,1.061514705,K3,-61.39500433660369,3.001826071945482
2025-03-28 19:18:08.039940+00:00,1,-51.5,5.770835724,K3,-60.45374282116668,3.2652278990382784
2025-03-28 19:18:08.326715+00:00,9,-69.5,5.62664153,K3,-61.3142673294464,3.489857186428319
2025-03-28 19:18:08.655762+00:00,25,-69.5,4.908738521,K3,-62.09293451102059,3.6248281626676926
2025-03-28 19:18:08.814865+00:00,1,-54.0,0.21475731,K3,-61.32309474713117,3.3004454388869684
2025-03-28 19:18:09.052069+00:00,9,-69.5,0.042951462,K3,-62.10092222128688,2.990576578509694
2025-03-28 19:18:09.399607+00:00,25,-69.0,1.754874021,K3,-62.7571964566692,2.8730304691453608
2025-03-28 19:18:09.547774+00:00,1,-53.0,0.254640811,K3,-61.82904390505815,2.623956357220672
2025-03-28 19:18:09.879664+00:00,9,-64.5,5.516194913,K3,-62.08311839518148,2.899080324165048
2025-03-28 19:18:10.327863+00:00,1,-52.5,6.089903728,K3,-61.171525005586574,3.202607151482887
2025-03-28 19:18:10.549820+00:00,9,-63.0,5.497787144,K3,-61.34545854675883,3.4209359691839296
2025-03-28 19:18:10.944232+00:00,25,-69.5,1.767145868,K3,-62.12115866621994,3.263619314849909
2025-03-28 19:18:11.099323+00:00,1,-52.5,0.055223308,K3,-61.20594669881069,2.958420895041418
2025-03-28 19:18:11.383212+00:00,9,-68.0,6.080699843,K3,-61.85223048896336,3.25542743634237
2025-03-28 19:18:11.775477+00:00,1,-52.5,0.481669967,K3,-60.96260029343185,2.991573973500527
2025-03-28 19:18:12.065195+00:00,9,-68.5,0.006135923,K3,-61.679594852394715,2.7075844118929204
2025-03-28 19:18:12.423216+00:00,25,-68.5,1.902136177,K3,-62.32838535988153,2.6309662113958403
2025-03-28 19:18:12.559970+00:00,1,-51.5,3.730641276,K3,-61.298336047434596,2.7355727161114194
2025-03-28 19:18:12.830572+00:00,9,-69.0,5.970253226,K3,-62.03095622998082,3.0432714472205498
2025-03-28 19:18:13.200558+00:00,1,-51.0,3.681553891,K3,-60.98163737932179,3.103988014881489
2025-03-28 19:18:13.431747+00:00,9,-67.5,6.083767805,K3,-61.60169611500229,3.3874393349117566
2025-03-28 19:18:13.948485+00:00,25,-70.0,5.356660911,K3,-62.40058411676407,3.5747613836837218
2025-03-28 19:18:14.089749+00:00,1,-50.0,2.816388727,K3,-61.22097952024342,3.5026212438906024
2025-03-28 19:18:14.281891+00:00,9,-62.5,5.111223985,K3,-61.3426462435815,3.65563945412339
2025-03-28 19:18:14.754496+00:00,1,-52.0,0.012271846,K3,-60.453927748644105,3.309064394683504
2025-03-28 19:18:15.575292+00:00,9,-63.0,0.791534087,K3,-60.696122672890695,3.0695845206016967
2025-03-28 19:18:16.256598+00:00,9,-63.0,0.619728238,K3,-60.91527882386619,2.836542132875362
2025-03-28 19:18:16.899545+00:00,9,-63.0,0.908116626,K3,-61.113587763080346,2.6531008070040567
2025-03-28 19:18:17.688621+00:00,9,-63.5,0.748582624,K3,-61.34059504091156,2.4719336634505806
2025-03-28 19:18:18.338142+00:00,9,-63.0,0.840621472,K3,-61.498445808165634,2.31675521852605
2025-03-28 19:18:18.974721+00:00,9,-64.5,0.871301088,K3,-61.78396841646012,2.1792565071449257
2025-03-28 19:18:19.607504+00:00,9,-64.0,1.067650628,K3,-61.99476824793295,2.073515084627088
2025-03-28 19:18:20.286077+00:00,9,-64.5,0.95413605,K3,-62.23307822287137,1.9670342413005295
2025-03-28 19:18:20.888632+00:00,9,-64.0,0.865165164,K3,-62.40115651905225,1.8622190312984017
2025-03-28 19:18:21.301929+00:00,25,-69.0,6.050020227,K3,-63.02887099028617,2.260583293275875
2025-03-28 19:18:21.757121+00:00,9,-63.5,0.742446701,K3,-63.07368710057418,2.1161706683920296
2025-03-28 19:18:22.201950+00:00,25,-70.0,6.185010537,K3,-63.73255207468921,2.503218743411976
2025-03-28 19:18:22.539349+00:00,9,-63.5,1.104466167,K3,-63.710430576729856,2.3701625137219478
2025-03-28 19:18:23.251160+00:00,9,-64.0,0.877437011,K3,-63.73797584552405,2.2281671167491557
2025-03-28 19:18:23.627539+00:00,25,-70.0,0.196349541,K3,-64.3336504046085,2.034890628393655
2025-03-28 19:18:24.021622+00:00,9,-60.5,0.908116626,K3,-63.968974709000264,1.9277063393353129
2025-03-28 19:18:25.564909+00:00,1,-59.5,4.749204519,K3,-63.54386383850952,2.196101133521478
2025-03-28 19:18:25.790484+00:00,9,-71.0,6.246369768,K3,-64.25312820908766,2.5813826213439275
2025-03-28 19:18:26.469501+00:00,9,-71.5,5.706408531,K3,-64.94248632274294,2.8786504671620143
2025-03-28 19:18:27.776155+00:00,9,-70.5,5.982525073,K3,-65.47114437765313,3.1739062968547893
2025-03-28 19:18:29.039972+00:00,9,-71.5,6.086835766,K3,-66.04463879831236,3.450998485318635
2025-03-28 19:18:29.790774+00:00,9,-71.0,6.056156151,K3,-66.51601714596848,3.698813904992645
2025-03-28 19:18:30.550839+00:00,9,-71.0,6.154330921,K3,-66.94255566508427,3.9323947695425003
2025-03-28 19:18:31.244262+00:00,9,-71.0,5.982525073,K3,-67.32851974085091,4.127413254692361
2025-03-28 19:18:31.721641+00:00,1,-60.0,4.436272439,K3,-66.63139487232851,4.156793460500117
2025-03-28 19:18:31.915458+00:00,9,-71.0,6.062292074,K3,-67.04695809422694,4.338053867428007
2025-03-28 19:18:32.374449+00:00,1,-59.5,4.405592823,K3,-66.32905429438384,4.344478505306897
2025-03-28 19:18:32.602173+00:00,9,-71.0,6.080699843,K3,-66.77337764016838,4.5096364245819505
2025-03-28 19:18:32.997501+00:00,1,-58.5,4.374913207,K3,-65.9863732376983,4.496820889021583
2025-03-28 19:18:33.220526+00:00,9,-71.0,0.036815539,K3,-66.4632940922615,4.07256322810383
2025-03-28 19:18:33.394026+00:00,9,-71.0,6.197282383,K3,-66.89484788774733,4.274676971926812
2025-03-28 19:18:33.569441+00:00,17,-72.0,2.650718801,K3,-67.38047508408313,4.120198077630789
2025-03-28 19:18:34.141569+00:00,17,-66.5,0.816077779,K3,-67.29671996041098,3.805893892035769
2025-03-28 19:18:34.429019+00:00,1,-60.0,6.252505691,K3,-66.60262004352168,4.038627648509249
2025-03-28 19:18:34.652937+00:00,9,-70.0,1.730330329,K3,-66.92579554679263,3.819051046101592
2025-03-28 19:18:34.798020+00:00,17,-63.0,5.872078456,K3,-66.55235455172398,4.01434511827559
2025-03-28 19:18:35.001698+00:00,25,-70.0,4.362641361,K3,-66.8803115559801,4.047476771188066
2025-03-28 19:18:35.157579+00:00,1,-56.0,0.481669967,K3,-65.84532276818096,3.7082796771706525
2025-03-28 19:18:35.537753+00:00,17,-62.5,5.571418222,K3,-65.5270992008849,3.8855105858715087
2025-03-28 19:18:35.852015+00:00,1,-56.5,0.177941771,K3,-64.66839709376268,3.5328283916491676
2025-03-28 19:18:36.025513+00:00,9,-62.5,4.804427828,K3,-64.4621284894131,3.6537891888123206
2025-03-28 19:18:36.211005+00:00,17,-63.5,5.730952224,K3,-64.37060609193016,3.851379160458718
2025-03-28 19:18:36.480770+00:00,1,-57.5,0.220893233,K3,-63.71704022353149,3.5060294698869336
2025-03-28 19:18:36.654848+00:00,9,-61.5,4.540583132,K3,-63.50614444525816,3.6044413062718075
2025-03-28 19:18:36.842203+00:00,17,-61.5,5.939573611,K3,-63.315310111437405,3.82657058455455
2025-03-28 19:18:37.306374+00:00,1,-57.5,3.730641276,K3,-62.76212919084101,3.817445316563422
2025-03-28 19:18:37.507426+00:00,9,-62.5,4.51603944,K3,-62.73719417201554,3.8838990280457764
2025-03-28 19:18:37.717045+00:00,17,-62.5,5.896622149,K3,-62.71463109491023,4.075359157878801
2025-03-28 19:18:38.021144+00:00,1,-58.0,0.33133985,K3,-62.26615217987776,3.719209613353282
2025-03-28 19:18:38.185704+00:00,9,-61.5,4.565126825,K3,-62.19327201354782,3.7996774221063743
2025-03-28 19:18:38.367241+00:00,17,-61.5,5.85980661,K3,-62.12732456735336,3.9956470503580332
2025-03-28 19:18:38.651773+00:00,1,-57.5,0.638136008,K3,-61.68715067894242,3.676264074431905
2025-03-28 19:18:38.804664+00:00,9,-61.5,4.338097668,K3,-61.669347985210926,3.739220943378852
2025-03-28 19:18:38.997019+00:00,17,-62.5,5.755495916,K3,-61.74836369330404,3.931018942824551
2025-03-28 19:18:39.285878+00:00,1,-57.5,0.245436926,K3,-61.344238428467676,3.580428241050852
2025-03-28 19:18:39.521442+00:00,9,-62.0,4.914874444,K3,-61.40661769679225,3.707367331982894
2025-03-28 19:18:39.707808+00:00,17,-61.5,5.853670687,K3,-61.4155006810985,3.91153427115822
2025-03-28 19:18:39.993600+00:00,1,-57.0,0.319068004,K3,-60.99547652333947,3.569801197805942
2025-03-28 19:18:40.144112+00:00,9,-62.0,4.878058905,K3,-61.09103174067635,3.6942491101227035
2025-03-28 19:18:40.353694+00:00,17,-63.5,5.951845457,K3,-61.32018465837875,3.9090027864648165
2025-03-28 19:18:40.594124+00:00,25,-69.5,0.809941856,K3,-62.098288954499964,3.6142048572663152
2025-03-28 19:18:40.758568+00:00,1,-58.0,0.497009775,K3,-61.70843953748238,3.317681918292659
2025-03-28 19:18:40.959907+00:00,9,-61.5,4.626486056,K3,-61.68861174274338,3.44218180976936
2025-03-28 19:18:41.193477+00:00,9,-63.0,1.533980788,K3,-61.813357448390576,3.2606643364656973
2025-03-28 19:18:41.329663+00:00,17,-62.0,6.099107613,K3,-61.831111806549174,3.530671031669401
2025-03-28 19:18:41.619370+00:00,1,-57.0,3.36862181,K3,-61.37155267291074,3.5152561121023944
2025-03-28 19:18:41.776060+00:00,9,-62.0,5.240078371,K3,-61.43133367586393,3.679329694896467
2025-03-28 19:18:41.979144+00:00,17,-63.5,5.982525073,K3,-61.628115398534526,3.8984209755259975
2025-03-28 19:18:42.189922+00:00,25,-70.0,4.577398671,K3,-62.42449026801174,3.9630086758290326
2025-03-28 19:18:42.812183+00:00,17,-68.5,0.91425255,K3,-63.00242265721031,3.6729959872463525
2025-03-28 19:18:43.331517+00:00,9,-71.5,5.209398756,K3,-63.810754038898494,3.8191461807423823
2025-03-28 19:18:43.441149+00:00,17,-64.0,4.448544285,K3,-63.82875604618189,3.87901762629953
2025-03-28 19:18:43.635148+00:00,25,-64.0,5.077476408,K3,-63.8450456139271,3.9930209243960495
2025-03-28 19:18:43.809964+00:00,1,-53.5,0.33133985,K3,-62.86097395710029,3.644703797905931
2025-03-28 19:18:44.154044+00:00,17,-60.5,4.362641361,K3,-62.63638649365201,3.712997552576384
2025-03-28 19:18:44.357443+00:00,25,-61.5,2.061670179,K3,-62.528287817112755,3.5559151650138703
2025-03-28 19:18:44.535346+00:00,1,-55.0,0.042951462,K3,-61.812160025923355,3.2217447668724373
2025-03-28 19:18:44.763544+00:00,9,-69.0,1.521708942,K3,-62.49590274260824,3.0600289916809853
2025-03-28 19:18:44.901422+00:00,17,-60.5,4.184699589,K3,-62.30604264995292,3.167013194495726
2025-03-28 19:18:45.059250+00:00,17,-60.0,4.350369514,K3,-62.08668052281088,3.2795798720542395
2025-03-28 19:18:45.229521+00:00,25,-61.0,1.963495408,K3,-61.983310122869455,3.1543874401018552
2025-03-28 19:18:45.404573+00:00,1,-54.5,0.312932081,K3,-61.271460831335446,2.884094220778938
2025-03-28 19:18:45.660378+00:00,9,-67.5,4.218447167,K3,-61.86395013375735,3.011024440671997
2025-03-28 19:18:45.809242+00:00,17,-58.5,4.3994569,K3,-61.54395463976429,3.143098970029665
2025-03-28 19:18:46.016667+00:00,25,-64.0,2.411417799,K3,-61.77758576301764,3.073497855726718
2025-03-28 19:18:46.185465+00:00,1,-54.5,0.368155389,K3,-61.085305985162385,2.8161523646704376
2025-03-28 19:18:46.386175+00:00,9,-66.0,3.93312674,K3,-61.55281586984255,2.9224044649689485
2025-03-28 19:18:46.545425+00:00,17,-59.5,4.252194744,K3,-61.35754192039986,3.0489006615015715
2025-03-28 19:18:46.752135+00:00,25,-62.5,1.951223562,K3,-61.46621815607868,2.94448421306048
2025-03-28 19:18:46.947965+00:00,1,-55.5,0.386563159,K3,-60.89868211951076,2.7011621723811516
2025-03-28 19:18:47.145540+00:00,9,-68.5,4.129476281,K3,-61.6217568897805,2.837030440515746
2025-03-28 19:18:47.282818+00:00,17,-59.0,4.276738437,K3,-61.372362470209254,2.9739825513445006
2025-03-28 19:18:47.477541+00:00,25,-63.0,2.23961195,K3,-61.527191363230116,2.904125605192704
2025-03-28 19:18:47.648486+00:00,1,-54.0,0.29145635,K3,-60.811167872130746,2.655595646152538
2025-03-28 19:18:47.932333+00:00,9,-67.0,0.886640895,K3,-61.399880045395236,2.4873239634762627
2025-03-28 19:18:48.090257+00:00,17,-60.0,4.405592823,K3,-61.26671656530615,2.6697991390607423
2025-03-28 19:18:48.319855+00:00,25,-63.0,1.754874021,K3,-61.43159501678763,2.5827669585945303
2025-03-28 19:18:48.490601+00:00,1,-55.0,0.202485464,K3,-60.81979004265696,2.3563428671486304
2025-03-28 19:18:48.787382+00:00,9,-70.0,0.871301088,K3,-61.69305679854042,2.2150783837812087
2025-03-28 19:18:49.229894+00:00,17,-59.5,1.288543862,K3,-61.48444244169799,2.12694185969194
2025-03-28 19:18:49.526875+00:00,1,-53.5,0.205553426,K3,-60.72492297743752,1.9441699348581225
2025-03-28 19:18:49.745706+00:00,9,-69.0,0.497009775,K3,-61.512089033525235,1.8065089375699022
2025-03-28 19:18:49.874886+00:00,17,-62.5,4.534447209,K3,-61.60606398712693,2.0660038527854976
2025-03-28 19:18:50.811610+00:00,1,-57.5,0.754718548,K3,-61.215474970737375,1.941267940484086
2025-03-28 19:18:50.961863+00:00,9,-59.5,3.534291735,K3,-61.0522905480002,2.0928042046377544
2025-03-28 19:18:51.186511+00:00,17,-71.5,5.283029833,K3,-62.04612809441307,2.3962741686103954
2025-03-28 19:18:51.373714+00:00,25,-70.0,4.552854978,K3,-62.802739538811316,2.601418749830981
2025-03-28 19:18:51.507082+00:00,1,-49.5,4.417864669,K3,-61.53731747816135,2.774208026159207
2025-03-28 19:18:51.920264+00:00,9,-60.0,0.024543693,K3,-61.391080273004285,2.51264642101686
2025-03-28 19:18:52.044869+00:00,17,-68.5,5.482447336,K3,-62.067315707343546,2.795148501328502
2025-03-28 19:18:52.265177+00:00,1,-49.5,3.429981042,K3,-60.87185078127867,2.855536897225485
2025-03-28 19:18:52.568438+00:00,9,-68.0,0.036815539,K3,-61.5499154195179,2.5874062479620554
2025-03-28 19:18:52.694109+00:00,17,-67.0,1.865320638,K3,-62.06835428997981,2.518717910656947
2025-03-28 19:18:52.881758+00:00,17,-67.5,5.503923067,K3,-62.58503916432777,2.802685318225996
2025-03-28 19:18:53.092937+00:00,25,-68.0,1.239456477,K3,-63.100136891305254,2.6539832966792054
2025-03-28 19:18:53.247227+00:00,1,-51.5,0.641203969,K3,-61.99667477464948,2.462517820185852
2025-03-28 19:18:53.488842+00:00,9,-70.0,1.055378782,K3,-62.75799046223152,2.328663828973959
2025-03-28 19:18:53.659855+00:00,17,-67.0,5.436427912,K3,-63.16151128851836,2.6242896448807613
2025-03-28 19:18:53.874749+00:00,25,-66.5,4.506835555,K3,-63.47908476670414,2.8033666776905104
2025-03-28 19:18:54.028429+00:00,1,-50.5,4.319689899,K3,-62.24445034099689,2.947606805802671
2025-03-28 19:18:54.271506+00:00,9,-69.0,1.279339977,K3,-62.887071475190936,2.7889130538835003
2025-03-28 19:18:54.425917+00:00,17,-66.0,2.638446955,K3,-63.18318855821938,2.7745999779677004
2025-03-28 19:18:54.736333+00:00,25,-66.5,1.291611823,K3,-63.498699987816266,2.63353084544025
2025-03-28 19:18:54.883233+00:00,1,-49.5,3.687689814,K3,-62.167074743758754,2.733807635071112
2025-03-28 19:18:55.127940+00:00,9,-69.0,1.184233168,K3,-62.817056225602656,2.5864044848003878
2025-03-28 19:18:55.284797+00:00,17,-67.0,5.574486183,K3,-63.21495842575757,2.870645523189093
2025-03-28 19:18:55.490005+00:00,25,-64.5,1.22718463,K3,-63.33719790523881,2.714311433959619
2025-03-28 19:18:55.640971+00:00,1,-50.5,4.184699589,K3,-62.11606045615738,2.854181992477129
2025-03-28 19:18:55.972491+00:00,9,-69.5,4.080388896,K3,-62.818457129115096,2.970824828496888
2025-03-28 19:18:56.128537+00:00,17,-67.0,2.595495493,K3,-63.216226068432704,2.935121654743755
2025-03-28 19:18:56.352364+00:00,25,-67.5,1.313087554,K3,-63.62371972942089,2.7808257874737645
2025-03-28 19:18:56.487164+00:00,1,-50.0,3.736777199,K3,-62.327764453184464,2.8717605909047026
2025-03-28 19:18:56.787219+00:00,9,-60.5,3.000466421,K3,-62.153898502191176,2.8840037229499242
2025-03-28 19:18:57.007022+00:00,17,-67.0,1.803961407,K3,-62.61488352904107,2.781264781918185
2025-03-28 19:18:57.251748+00:00,25,-69.5,1.337631247,K3,-63.269829696112645,2.6439392545522025
2025-03-28 19:18:57.395747+00:00,1,-49.0,4.528311286,K3,-61.91241325970901,2.823189997010843
2025-03-28 19:18:57.616715+00:00,9,-59.0,3.380893656,K3,-61.63537017562751,2.8762415140559665
2025-03-28 19:18:58.032830+00:00,25,-70.0,0.030679616,K3,-62.43105493499982,2.6055576605354624
2025-03-28 19:18:58.776228+00:00,1,-45.5,2.343922644,K3,-60.82048965539579,2.580669650002252
2025-03-28 19:18:59.113346+00:00,9,-70.0,1.742602175,K3,-61.69368986067206,2.5009485468349695
2025-03-28 19:18:59.480618+00:00,1,-45.5,2.23961195,K3,-60.1532663762287,2.476088923452483
2025-03-28 19:18:59.955134+00:00,17,-71.5,0.110446617,K3,-61.23262352683273,2.2510573836363363
2025-03-28 19:19:00.141594+00:00,1,-47.5,2.546408108,K3,-59.926308785364995,2.279152598245952
2025-03-28 19:19:00.565915+00:00,17,-71.0,0.294524311,K3,-60.97969279810475,2.090364987277257
2025-03-28 19:19:00.692606+00:00,17,-71.0,0.018407769,K3,-61.932873738825556,1.8932702185582666
2025-03-28 19:19:00.867196+00:00,25,-70.0,4.798291905,K3,-62.700258494962114,2.1696101798094682
2025-03-28 19:19:01.003792+00:00,1,-47.0,2.926835343,K3,-61.2067726306807,2.241641164373584
2025-03-28 19:19:01.421053+00:00,17,-71.5,0.21475731,K3,-62.18591508103244,2.0488339958789688
2025-03-28 19:19:01.622802+00:00,25,-69.5,1.711922559,K3,-62.881666838249494,2.0167853217342127
2025-03-28 19:19:01.754587+00:00,1,-46.5,2.497320723,K3,-61.32336205848146,2.0624962142846464
2025-03-28 19:19:02.227753+00:00,17,-72.5,0.09817477,K3,-62.38653887058334,1.875640290168153
2025-03-28 19:19:02.402981+00:00,25,-69.5,1.822369176,K3,-63.063206305473535,1.8705728795895191
2025-03-28 19:19:02.534035+00:00,1,-47.0,2.583223647,K3,-61.535195059037136,1.9383637282330861
2025-03-28 19:19:02.999708+00:00,17,-71.0,5.951845457,K3,-62.4355338905312,2.320145864520109
2025-03-28 19:19:03.199356+00:00,1,-47.0,2.478912953,K3,-60.967229933590474,2.33524857142356
2025-03-28 19:19:03.679694+00:00,17,-71.5,0.012271846,K3,-61.96915886431201,2.1142755916737013
2025-03-28 19:19:03.844934+00:00,25,-70.0,1.865320638,K3,-62.7330920007179,2.090593771130822
2025-03-28 19:19:03.973611+00:00,1,-46.5,2.601631416,K3,-61.188920390777135,2.1392061872240147
2025-03-28 19:19:04.603068+00:00,17,-71.5,6.062292074,K3,-62.169761034056734,2.5123894260950115
2025-03-28 19:19:04.815530+00:00,1,-47.0,2.871612035,K3,-60.726738699350555,2.546560448737858
2025-03-28 19:19:05.258829+00:00,17,-71.0,6.197282383,K3,-61.70398187897798,2.8938350878778527
2025-03-28 19:19:05.428958+00:00,25,-69.5,1.626019635,K3,-62.44557749443642,2.7732342418473124
2025-03-28 19:19:05.560924+00:00,1,-46.5,2.68753434,K3,-60.92875567947164,2.7650820453710354
2025-03-28 19:19:06.035931+00:00,17,-71.0,6.056156151,K3,-61.88678200962792,3.078145212874719
2025-03-28 19:19:06.213947+00:00,25,-70.0,5.037592907,K3,-62.65855123790798,3.264537521887589
2025-03-28 19:19:06.346052+00:00,1,-46.5,2.644582878,K3,-61.121470312213276,3.2055643847612907
2025-03-28 19:19:06.632613+00:00,9,-71.5,1.429670094,K3,-62.108727138953306,3.036632578921208
2025-03-28 19:19:06.764276+00:00,17,-70.5,6.273981422,K3,-62.90694631511036,3.344585135016854
2025-03-28 19:19:06.973961+00:00,1,-47.0,2.902291651,K3,-61.39379928806468,3.302512001860804
2025-03-28 19:19:07.447472+00:00,17,-68.5,5.921165841,K3,-62.06977607630848,3.551611243981918
2025-03-28 19:19:07.662265+00:00,25,-68.5,4.61421421,K3,-62.681450625315364,3.6526912682121395
2025-03-28 19:19:07.821871+00:00,1,-44.5,2.497320723,K3,-60.95194155323531,3.5427867352495053
2025-03-28 19:19:08.232036+00:00,17,-71.0,5.135767678,K3,-61.90776232895896,3.694318923132332
2025-03-28 19:19:08.529844+00:00,1,-45.5,2.650718801,K3,-60.34697521767335,3.595046542943998
2025-03-28 19:19:08.997402+00:00,17,-66.5,5.27689391,K3,-60.932281219987054,3.7550321425048616
2025-03-28 19:19:09.252222+00:00,1,-46.0,2.730485802,K3,-59.5118491340643,3.6575722518071223
2025-03-28 19:19:09.691519+00:00,17,-64.5,2.37460226,K3,-59.98634659597351,3.5355298314434056
2025-03-28 19:19:09.895739+00:00,25,-69.5,4.571262748,K3,-60.89133213370497,3.6340538443152055
2025-03-28 19:19:10.034841+00:00,1,-46.0,2.613903263,K3,-59.474795326419645,3.537012099867392
2025-03-28 19:19:10.337829+00:00,9,-70.5,5.350524988,K3,-60.523567060724865,3.7095223718471364
2025-03-28 19:19:10.470020+00:00,17,-65.5,2.19972845,K3,-60.99694985577481,3.565903342836867
2025-03-28 19:19:10.694988+00:00,1,-46.0,2.675262494,K3,-59.570366170918675,3.481181201585735
2025-03-28 19:21:34.458017+00:00,9,-69.0,5.559146375,D1,-69.0,5.559146375
2025-03-28 19:21:34.634133+00:00,17,-68.0,1.79168956,D1,-68.94309954731902,5.100625230642233
2025-03-28 19:21:35.174057+00:00,9,-70.5,4.96396183,D1,-69.04072566117233,5.084720605906069
2025-03-28 19:21:35.412915+00:00,17,-70.5,4.289010283,D1,-69.13963181624209,4.995442993404899
2025-03-28 19:21:35.843931+00:00,9,-70.0,5.049864754,D1,-69.20172013184275,5.001369096571433
2025-03-28 19:21:37.366055+00:00,9,-71.0,3.356349964,D1,-69.3382569512669,4.826571303072491
2025-03-28 19:21:38.824759+00:00,9,-70.5,4.393320977,D1,-69.43018246307187,4.7814481012240115
2025-03-28 19:21:39.013871+00:00,17,-68.5,5.148039524,D1,-69.35406225801285,4.819007270012496
2025-03-28 19:21:40.379762+00:00,17,-70.5,0.067495155,D1,-69.45044655772429,4.338689581512961
2025-03-28 19:21:40.932690+00:00,17,-69.0,0.177941771,D1,-69.41170151620797,3.9226949385398524
2025-03-28 19:21:42.195753+00:00,9,-71.5,1.202640938,D1,-69.59464378884195,3.6531825588953035
2025-03-28 19:21:42.830428+00:00,9,-71.0,0.613592315,D1,-69.71961395795729,3.3542248602511773
2025-03-28 19:21:43.529955+00:00,9,-70.0,0.417242774,D1,-69.74485406415067,3.067100565239508
2025-03-28 19:21:44.261588+00:00,9,-70.5,0.527689391,D1,-69.81351563020826,2.82006980659836
2025-03-28 19:21:45.719708+00:00,9,-70.5,1.000155474,D1,-69.87644759240548,2.643747318978451
2025-03-28 19:21:46.510510+00:00,9,-70.0,0.417242774,D1,-69.88785018140014,2.4287475357956505
2025-03-28 19:21:47.305694+00:00,9,-70.0,0.294524311,D1,-69.8982573821465,2.2232185146467875
2025-03-28 19:21:48.557227+00:00,9,-68.5,6.19114646,D1,-69.76791875333403,2.6044860982462805
2025-03-28 19:21:48.709469+00:00,17,-63.0,0.319068004,D1,-69.13472302285597,2.3852865039231634
2025-03-28 19:21:49.465514+00:00,9,-71.5,0.644271931,D1,-69.35668166576107,2.2185510576252656
2025-03-28 19:21:49.573509+00:00,17,-62.0,4.878058905,D1,-68.66462413331963,2.4729385397536747
2025-03-28 19:21:50.367273+00:00,17,-65.0,5.52846676,D1,-68.3191895410213,2.7649136949821727
2025-03-28 19:21:51.021893+00:00,17,-64.0,5.427224028,D1,-67.91138132324323,3.019105881471801
2025-03-28 19:21:51.732433+00:00,17,-63.5,5.206330794,D1,-67.49430493418528,3.227797686179925
2025-03-28 19:21:52.413974+00:00,17,-64.0,5.378136642,D1,-67.16356803457974,3.432857297944081
2025-03-28 19:21:53.226675+00:00,17,-62.5,5.144971563,D1,-66.72175974453955,3.596053657529831
2025-03-28 19:21:53.901473+00:00,17,-63.0,2.027922602,D1,-66.36891291407925,3.4466366587246835
2025-03-28 19:21:54.463605+00:00,9,-72.0,0.092038847,D1,-66.90310082449047,3.127095322465903
2025-03-28 19:21:54.648525+00:00,17,-63.0,5.215534679,D1,-66.53265246466131,3.3259799144839235
2025-03-28 19:21:55.307372+00:00,17,-62.5,5.043728831,D1,-66.14975222648398,3.4895301148628657
2025-03-28 19:21:55.929766+00:00,17,-62.5,5.267690026,D1,-65.80309273661355,3.6588041166356193
2025-03-28 19:21:56.642645+00:00,17,-63.0,1.932815793,D1,-65.53677763400374,3.4945189372129404
2025-03-28 19:21:57.353064+00:00,17,-64.5,4.838175405,D1,-65.43825385241084,3.6223983229103287
2025-03-28 19:21:57.911834+00:00,9,-70.5,4.025165587,D1,-65.91935383114057,3.660727276370159
2025-03-28 19:21:58.096391+00:00,17,-64.0,5.62664153,D1,-65.73689909805357,3.84779765570089
2025-03-28 19:21:58.854354+00:00,17,-72.0,6.19114646,D1,-66.3323456885871,4.070769954861916
2025-03-28 19:22:00.325960+00:00,17,-70.5,5.638913376,D1,-66.72861345489699,4.219973132414759
2025-03-28 19:22:01.135007+00:00,17,-69.0,5.951845457,D1,-66.9445985838289,4.384747787205665
2025-03-28 19:22:01.762642+00:00,17,-69.0,6.025476535,D1,-67.1400589549499,4.540845589647267
2025-03-28 19:22:02.533379+00:00,17,-69.0,5.638913376,D1,-67.31694159407365,4.645312139014864
2025-03-28 19:22:03.184473+00:00,17,-69.0,5.645049299,D1,-67.4770097122164,4.740421702380993
2025-03-28 19:22:03.929940+00:00,17,-69.5,5.761631839,D1,-67.6694143407491,4.837572303001222
2025-03-28 19:22:04.587811+00:00,17,-69.0,6.227961999,D1,-67.7959688751805,4.969842006355916
2025-03-28 19:22:04.753993+00:00,17,-69.5,6.019340612,D1,-67.95804653820637,5.06968103679501
2025-03-28 19:22:05.431338+00:00,17,-68.5,6.203418306,D1,-68.0095950885968,5.177532621734313
2025-03-28 19:22:06.109520+00:00,17,-70.0,5.798447378,D1,-68.1989179753744,5.236599293811327
2025-03-28 19:22:07.499518+00:00,17,-71.0,5.215534679,D1,-68.46535429284921,5.234595462739486
2025-03-28 19:22:09.424695+00:00,9,-72.0,5.172583217,D1,-68.80157025359294,5.228696405105978
2025-03-28 19:22:09.641730+00:00,17,-69.5,1.644427405,D1,-68.86800558856407,4.887736111010201
2025-03-28 19:22:10.004898+00:00,9,-64.0,6.258641615,D1,-68.40495257485173,5.018145577659189
2025-03-28 19:22:10.227265+00:00,17,-61.5,1.626019635,D1,-67.74813766225438,4.695465430049278
2025-03-28 19:22:10.650814+00:00,9,-66.5,0.110446617,D1,-67.6294113526569,4.259310968147713
2025-03-28 19:22:10.856653+00:00,17,-63.0,1.469553595,D1,-67.18904712275999,3.993933072008922
2025-03-28 19:22:11.328787+00:00,9,-67.5,5.865942533,D1,-67.21862604195186,4.172009168576325
2025-03-28 19:22:11.498708+00:00,17,-63.0,1.230252592,D1,-66.81733455650226,3.892173076174779
2025-03-28 19:22:12.028317+00:00,9,-67.0,6.086835766,D1,-66.83471041573178,4.10094124860881
2025-03-28 19:22:12.216368+00:00,17,-63.0,0.984815666,D1,-66.46993692620624,3.804518818822212
2025-03-28 19:22:12.958584+00:00,9,-66.5,0.09817477,D1,-66.47279665424371,3.4519519355298645
2025-03-28 19:22:13.187777+00:00,17,-63.5,1.006291397,D1,-66.19001118425427,3.219308022067283
2025-03-28 19:22:13.696470+00:00,9,-66.0,6.215690153,D1,-66.17193646785611,3.504339286087619
2025-03-28 19:22:13.942416+00:00,17,-63.5,4.172427743,D1,-65.91776967178544,3.567891266653098
2025-03-28 19:22:14.420686+00:00,9,-66.5,6.227961999,D1,-65.97315411647902,3.8209306729585504
2025-03-28 19:22:14.620182+00:00,17,-64.0,1.147417629,D1,-65.78545845641592,3.5666126360589714
2025-03-28 19:22:15.125792+00:00,9,-67.0,0.046019424,D1,-65.90099138844414,3.231716139450308
2025-03-28 19:22:15.348361+00:00,17,-63.5,4.239922898,D1,-65.67259765445425,3.3276218088860423
2025-03-28 19:22:15.799749+00:00,9,-66.5,6.206486268,D1,-65.75130412952375,3.6014737534300614
2025-03-28 19:22:16.057529+00:00,17,-63.0,4.236854936,D1,-65.48958683426658,3.661914372728838
2025-03-28 19:22:16.622598+00:00,9,-67.0,6.089903728,D1,-65.63326463602556,3.8928767767182744
2025-03-28 19:22:16.834837+00:00,17,-64.0,4.233786975,D1,-65.47790058252411,3.9253058449180864
2025-03-28 19:22:17.345358+00:00,9,-66.5,6.010136727,D1,-65.57512764962077,4.1236252809347596
2025-03-28 19:22:17.499279+00:00,17,-64.0,4.304350091,D1,-65.42529383086492,4.140816718722699
2025-03-28 19:22:17.986201+00:00,9,-67.5,5.896622149,D1,-65.62265001134222,4.307837607737346
2025-03-28 19:22:18.203982+00:00,17,-62.5,4.466952054,D1,-65.32560827369319,4.3229733595797954
2025-03-28 19:22:18.625367+00:00,9,-63.0,5.939573611,D1,-65.10438502972643,4.476752353628653
2025-03-28 19:22:18.835217+00:00,17,-61.5,4.868855021,D1,-64.76151826319585,4.514051093492092
2025-03-28 19:22:19.297712+00:00,9,-69.5,5.632777453,D1,-65.21226588452119,4.620469861018011
2025-03-28 19:22:19.454311+00:00,17,-64.0,2.825592611,D1,-65.09694920447497,4.449732289694969
2025-03-28 19:22:19.929173+00:00,9,-68.0,2.202796411,D1,-65.37310165031491,4.235992676267629
2025-03-28 19:22:20.650377+00:00,9,-64.0,1.975767255,D1,-65.24248547635534,4.020988898483686
2025-03-28 19:22:21.384868+00:00,9,-64.0,1.883728408,D1,-65.12429415228361,3.817682152616852
2025-03-28 19:22:21.621374+00:00,17,-68.5,0.012271846,D1,-65.44540788558504,3.455692781771542
2025-03-28 19:22:22.050610+00:00,9,-65.5,1.748738098,D1,-65.45060095591691,3.2933188461294174
2025-03-28 19:22:22.342091+00:00,17,-70.0,6.142059075,D1,-65.8833621650709,3.564305044321487
2025-03-28 19:22:22.793231+00:00,9,-65.5,1.687378867,D1,-65.84689487040687,3.38576258481044
2025-03-28 19:22:23.028052+00:00,17,-70.5,5.694136685,D1,-66.28952111911873,3.6053464943429803
2025-03-28 19:22:23.487248+00:00,9,-65.5,1.994175024,D1,-66.21441798616617,3.4520839320171057
2025-03-28 19:22:23.765850+00:00,17,-70.0,6.031612458,D1,-66.57452117239622,3.6974613843008233
2025-03-28 19:22:24.467756+00:00,9,-66.5,1.865320638,D1,-66.56743235180691,3.523179137298598
2025-03-28 19:22:24.608599+00:00,17,-70.0,0.024543693,D1,-66.89395507697378,3.1903717113545844
2025-03-28 19:22:25.222687+00:00,9,-66.5,1.785553637,D1,-66.85648013144194,3.056738500891545
2025-03-28 19:22:25.415044+00:00,17,-70.0,6.043884304,D1,-67.15550721087449,3.3408905136463525
2025-03-28 19:22:25.829371+00:00,9,-65.5,5.083612331,D1,-66.99802721781523,3.5066667911694074
2025-03-28 19:22:26.039851+00:00,17,-68.0,5.967185265,D1,-67.0933397999444,3.740723419729877
2025-03-28 19:22:26.469503+00:00,9,-64.0,1.705786636,D1,-66.79908609434362,3.5471502164673505
2025-03-28 19:22:26.681795+00:00,17,-67.5,6.065360035,D1,-66.8657604746497,3.786694729463417
2025-03-28 19:22:27.249050+00:00,9,-66.0,4.921010368,D1,-66.78340507733387,3.894596416254984
2025-03-28 19:22:27.424282+00:00,17,-67.5,5.663457069,D1,-66.85157111324719,4.062859148061993
2025-03-28 19:22:27.889895+00:00,9,-65.5,1.306951631,D1,-66.7230030168545,3.8007036602390007
2025-03-28 19:22:28.258845+00:00,17,-70.0,0.171805848,D1,-67.03472709859422,3.4555050386811668
2025-03-28 19:22:28.714078+00:00,9,-62.5,1.92667987,D1,-66.60336153783797,3.3100756636895547
2025-03-28 19:22:29.012521+00:00,17,-71.5,0.582912699,D1,-67.0691538888915,3.0506544993047164
2025-03-28 19:22:29.440105+00:00,9,-64.0,1.889864331,D1,-66.77720086499045,2.9402344250616674
2025-03-28 19:22:30.060317+00:00,9,-63.5,1.024699166,D1,-66.46545738868348,2.7580192829313517
2025-03-28 19:22:30.355031+00:00,17,-69.0,4.172427743,D1,-66.70655555665411,2.892564777378879
2025-03-28 19:22:30.818065+00:00,9,-62.5,0.300660234,D1,-66.30640728778111,2.646010059860392
2025-03-28 19:22:31.699559+00:00,17,-68.0,5.252350218,D1,-66.4675101623094,2.893937964094361
2025-03-28 19:22:32.301005+00:00,9,-65.5,6.264777538,D1,-66.37547583364707,3.214588815604468
2025-03-28 19:22:32.481264+00:00,17,-65.5,5.599029876,D1,-66.29219626330848,3.4414085854576717
2025-03-28 19:22:32.654203+00:00,25,-62.5,4.325825822,D1,-65.93146388974871,3.525538706085541
2025-03-28 19:22:33.035579+00:00,9,-66.0,0.107378655,D1,-65.9379833818873,3.200386497902819
2025-03-28 19:22:33.288698+00:00,17,-70.5,5.019185138,D1,-66.37194485664844,3.373399576640433
2025-03-28 19:22:33.449255+00:00,25,-60.5,4.190835513,D1,-65.813376560411,3.4511581063095575
2025-03-28 19:22:33.809229+00:00,9,-65.0,3.798136431,D1,-65.7360041785765,3.4841643923737626
2025-03-28 19:22:34.176034+00:00,17,-69.0,2.23961195,D1,-66.04649152637889,3.3657764383967574
2025-03-28 19:22:34.343615+00:00,25,-62.5,3.969942279,D1,-65.70913179668185,3.423247666844784
2025-03-28 19:22:34.724577+00:00,9,-65.0,0.598252507,D1,-65.6416756898585,3.15452022268346
2025-03-28 19:22:34.960259+00:00,17,-68.0,5.755495916,D1,-65.86601110583503,3.4019378325688985
2025-03-28 19:22:35.486802+00:00,9,-61.5,2.951379036,D1,-65.45069464007888,3.35907846220036
2025-03-28 19:22:35.702186+00:00,17,-65.0,4.982369599,D1,-65.40782234760943,3.513493904929729
2025-03-28 19:22:35.902543+00:00,25,-62.5,4.871922982,D1,-65.13121597369098,3.642714364893032
2025-03-28 19:22:36.016582+00:00,25,-62.5,4.546719055,D1,-64.8809217595066,3.7287077405032227
2025-03-28 19:22:36.370768+00:00,9,-61.0,3.184544116,D1,-64.51174937995914,3.6769442181815917
2025-03-28 19:22:36.575937+00:00,17,-65.0,4.749204519,D1,-64.55819418209283,3.7789428956319417
2025-03-28 19:22:36.769963+00:00,25,-62.5,4.417864669,D1,-64.36240862111947,3.8397202794704954
2025-03-28 19:22:37.151825+00:00,9,-61.0,2.988194575,D1,-64.04255976339913,3.75871896327474
2025-03-28 19:22:37.342364+00:00,17,-66.5,6.022408573,D1,-64.27632357415588,3.9740522607707334
2025-03-28 19:22:37.557302+00:00,25,-64.0,4.752272481,D1,-64.25003831572532,4.048080398497723
2025-03-28 19:22:37.933891+00:00,9,-63.0,3.25203927,D1,-64.13112851847998,3.9723570482622588
2025-03-28 19:22:38.148370+00:00,17,-67.0,5.829126994,D1,-64.40402969430744,4.148982144471861
2025-03-28 19:22:38.379415+00:00,25,-64.0,4.583534594,D1,-64.36559640116202,4.190318912326265
2025-03-28 19:22:38.747503+00:00,9,-61.0,3.117048961,D1,-64.04544430611155,4.088224191950762
2025-03-28 19:22:38.978584+00:00,17,-64.5,4.577398671,D1,-64.08868388102474,4.134756876101321
2025-03-28 19:22:39.152291+00:00,25,-63.5,4.740000635,D1,-64.0326853727759,4.192330641440963
2025-03-28 19:22:39.529957+00:00,9,-61.0,3.209087808,D1,-63.744201413323935,4.098799743629788
2025-03-28 19:22:39.724501+00:00,17,-67.0,5.789243493,D1,-64.05390899983925,4.259603073387648
2025-03-28 19:22:40.058157+00:00,25,-63.0,4.792155981,D1,-63.95365598846354,4.310262127170533
2025-03-28 19:22:40.430665+00:00,9,-62.0,2.736621726,D1,-63.767814615000006,4.160569706796336
2025-03-28 19:22:40.818002+00:00,17,-64.5,0.055223308,D1,-63.83746369261748,3.7700489509405846
2025-03-28 19:22:42.023685+00:00,9,-71.5,0.693359316,D1,-64.56636186096826,3.4773790894831578
2025-03-28 19:22:49.827784+00:00,9,-70.0,0.429514621,D1,-65.08323626497021,3.1874512197358555
2025-03-28 19:22:50.460190+00:00,9,-70.5,0.21475731,D1,-65.59850549260818,2.904673943524035
2025-03-28 19:22:51.187164+00:00,9,-69.0,0.184077695,D1,-65.92207239221362,2.645877437664455
2025-03-28 19:22:51.372730+00:00,17,-67.5,0.343611696,D1,-66.07217263278251,2.426874588628624
2025-03-28 19:22:52.087609+00:00,9,-71.0,1.546252634,D1,-66.54093182658293,2.3431054939072924
2025-03-28 19:22:52.204018+00:00,17,-71.0,2.104621641,D1,-66.96510033864922,2.320419736007782
2025-03-28 19:22:52.768951+00:00,9,-72.5,1.81009733,D1,-67.49160723706078,2.2718753569554675
2025-03-28 19:22:52.964246+00:00,17,-70.0,1.294679785,D1,-67.73021790291173,2.1789197044213213
2025-03-28 19:22:54.973952+00:00,9,-73.0,0.374291312,D1,-68.2315055137093,2.007254569402869
2025-03-28 19:22:55.138141+00:00,17,-68.5,4.356505438,D1,-68.25704603076774,2.2307268749720177
2025-03-28 19:22:55.684348+00:00,9,-72.5,0.79767001,D1,-68.66065669602385,2.0944074525093885
2025-03-28 19:22:55.857278+00:00,17,-71.0,3.902447124,D1,-68.88318654528146,2.2663970851831294
2025-03-28 19:22:56.084894+00:00,25,-70.5,4.565126825,D1,-69.03698579900565,2.4850635723190884
2025-03-28 19:22:56.709577+00:00,17,-70.0,0.411106851,D1,-69.12859244973365,2.2877786010292565
2025-03-28 19:22:57.466581+00:00,17,-67.0,0.395767043,D1,-68.92611025904148,2.107801149200645
2025-03-28 19:22:58.103933+00:00,17,-67.0,0.44792239,D1,-68.74288917093972,1.949905311747865
2025-03-28 19:22:58.786920+00:00,17,-68.5,0.392699082,D1,-68.71978435750611,1.8017761906480008
2025-03-28 19:23:00.540027+00:00,17,-72.0,0.938796242,D1,-69.03181461455132,1.7196852903690236
2025-03-28 19:23:00.953495+00:00,9,-71.5,1.018563243,D1,-69.2666005567558,1.6529911103198427
2025-03-28 19:23:01.249739+00:00,17,-70.5,1.484893403,D1,-69.38392758255533,1.6370008290272857
2025-03-28 19:23:02.012226+00:00,17,-71.0,1.049242859,D1,-69.53765634516667,1.5810903979897226
2025-03-28 19:23:02.704211+00:00,17,-70.0,4.221515128,D1,-69.58163674925717,1.832260594406221
2025-03-28 19:23:04.244080+00:00,17,-66.0,4.26446659,D1,-69.24093383295023,2.063623999958136
2025-03-28 19:23:04.999781+00:00,17,-69.5,0.23316508,D1,-69.26557748187656,1.8895017380232442
2025-03-28 19:23:05.569891+00:00,17,-69.0,5.356660911,D1,-69.2403144446354,2.2193149838189097
2025-03-28 19:23:05.948552+00:00,9,-60.5,4.595806441,D1,-68.40889271507432,2.4453785482515835
2025-03-28 19:23:06.147976+00:00,17,-65.5,6.17273869,D1,-68.13218452252649,2.7999433908988234
2025-03-28 19:23:06.565776+00:00,9,-59.5,5.17871914,D1,-67.3110486433689,3.0262242484221575
2025-03-28 19:23:06.776434+00:00,17,-64.5,0.046019424,D1,-67.04364786050752,2.74273249703692
2025-03-28 19:23:07.296308+00:00,9,-59.5,5.166447294,D1,-66.3260589463887,2.9732881779816362
2025-03-28 19:23:07.513992+00:00,17,-63.5,0.932660319,D1,-66.05723030962378,2.7791736121210904
2025-03-28 19:23:07.971846+00:00,9,-61.0,4.835107443,D1,-65.57616167102384,2.9747441573640776
2025-03-28 19:23:08.191160+00:00,17,-66.5,0.469398121,D1,-65.6640417199829,2.7364233111408227
2025-03-28 19:23:08.599044+00:00,9,-60.5,4.933282214,D1,-65.17281265430678,2.9453993428599023
2025-03-28 19:23:08.832229+00:00,17,-67.5,3.344078118,D1,-65.39418616898125,2.9833236302371975
2025-03-28 19:23:09.250457+00:00,9,-62.5,5.025321061,D1,-65.118876935483,3.1775684765065626
2025-03-28 19:23:09.471966+00:00,17,-63.0,6.178874614,D1,-64.91731893232584,3.463067488651223
2025-03-28 19:23:09.877051+00:00,9,-61.5,5.41188422,D1,-64.59224673553318,3.6484485281594856
2025-03-28 19:23:10.071040+00:00,17,-60.0,6.031612458,D1,-64.1554096231371,3.8751468110332503
2025-03-28 19:23:10.524482+00:00,9,-59.5,5.264622064,D1,-63.71256414598614,4.007320536054437
2025-03-28 19:23:10.742450+00:00,17,-63.0,0.227029157,D1,-63.64478153719881,3.6477206135885547
2025-03-28 19:23:11.454135+00:00,9,-61.5,5.283029833,D1,-63.44075936082471,3.8032792754859845
2025-03-28 19:23:11.569970+00:00,17,-59.0,6.050020227,D1,-63.01833247312759,4.017000333191184
2025-03-28 19:23:12.028861+00:00,9,-62.5,5.890486225,D1,-62.96902613706552,4.195215532466085
2025-03-28 19:23:12.323479+00:00,17,-62.5,5.982525073,D1,-62.92441006237409,4.365233213050085
2025-03-28 19:23:12.809430+00:00,9,-61.5,5.85980661,D1,-62.788913166333906,4.5074043908171255
2025-03-28 19:23:12.995153+00:00,17,-62.0,6.123651305,D1,-62.71386786294331,4.661149752417072
2025-03-28 19:23:13.422810+00:00,9,-61.0,5.29530168,D1,-62.55083631620965,4.721473405047111
2025-03-28 19:23:13.691420+00:00,17,-60.5,0.134990309,D1,-62.355750671651826,4.285184558407421
2025-03-28 19:23:14.171200+00:00,9,-63.0,4.687845288,D1,-62.417034838741785,4.323487628891306
2025-03-28 19:23:14.374907+00:00,17,-59.0,5.430291989,D1,-62.09198966632915,4.428772307285473
2025-03-28 19:23:14.908723+00:00,9,-69.5,1.196505015,D1,-62.79667607129109,4.121303133312541
2025-03-28 19:23:15.168741+00:00,9,-57.5,5.307573526,D1,-62.2928301732959,4.234147011855227
2025-03-28 19:23:15.299266+00:00,17,-71.5,2.276427489,D1,-63.168661484648716,4.047919094999576
2025-03-28 19:23:15.720977+00:00,9,-56.5,2.540272185,D1,-62.53430558126046,3.9045043003237794
2025-03-28 19:23:16.517086+00:00,9,-56.0,5.117359908,D1,-61.91273027269857,4.019877095367893
2025-03-28 19:23:16.711624+00:00,17,-66.5,5.439495874,D1,-62.34909394757494,4.154918220915974
2025-03-28 19:23:17.128490+00:00,9,-59.5,2.245747873,D1,-62.078074108119544,3.9733085405382487
2025-03-28 19:23:17.568523+00:00,17,-66.0,5.313709449,D1,-62.451147002566614,4.100814072367546
2025-03-28 19:23:17.704730+00:00,25,-70.0,6.270913461,D1,-63.16923105492937,4.307244607383787
2025-03-28 19:23:18.023008+00:00,9,-54.5,2.043262409,D1,-62.344571127267606,4.091883477415391
2025-03-28 19:23:18.227023+00:00,17,-68.0,5.21860264,D1,-62.88254335750732,4.199062549841177
2025-03-28 19:23:18.708329+00:00,1,-61.5,0.030679616,D1,-62.75102902850084,3.8025454485080177
2025-03-28 19:23:18.846885+00:00,9,-55.5,1.975767255,D1,-62.06127545794433,3.6287733153894957
2025-03-28 19:23:19.038161+00:00,9,-56.0,5.215534679,D1,-61.484697102953525,3.779713866291929
2025-03-28 19:23:19.248858+00:00,17,-66.0,5.442563835,D1,-61.91421493871729,3.9378923398172647
2025-03-28 19:23:19.714768+00:00,9,-58.5,2.073942025,D1,-61.589438009074456,3.760584211559648
2025-03-28 19:23:19.942949+00:00,17,-65.0,5.657321146,D1,-61.91386745234364,3.941011164450653
2025-03-28 19:23:20.427387+00:00,9,-57.5,2.073942025,D1,-61.49399865534247,3.76340635824314
2025-03-28 19:23:20.687909+00:00,17,-73.0,0.595184546,D1,-62.58850613546854,3.462029505561926
2025-03-28 19:23:20.915387+00:00,25,-69.5,0.251572849,D1,-63.245961450045534,3.1566350666103666
2025-03-28 19:23:21.287990+00:00,9,-56.5,1.975767255,D1,-62.60425239348044,3.044305108171089
2025-03-28 19:23:21.522981+00:00,17,-68.5,0.064427193,D1,-63.16508492452019,2.7608444540028514
2025-03-28 19:23:22.024858+00:00,9,-57.0,1.988039101,D1,-62.57863170212134,2.6873314050985218
2025-03-28 19:23:22.242893+00:00,17,-69.0,0.205553426,D1,-63.18946386041376,2.4512524684836965
2025-03-28 19:23:22.668111+00:00,9,-58.5,1.877592484,D1,-62.743378976599026,2.396683107220937
2025-03-28 19:23:22.942973+00:00,9,-58.0,5.227806525,D1,-62.29216542156403,2.665993501431699
2025-03-28 19:23:23.085186+00:00,17,-69.5,0.064427193,D1,-62.97781012342847,2.418519709335839
2025-03-28 19:23:23.547245+00:00,9,-56.5,2.000310947,D1,-62.36160894088464,2.3787376334504247
2025-03-28 19:23:23.767124+00:00,17,-68.5,6.092971689,D1,-62.94552291141971,2.7320538581721947
2025-03-28 19:23:24.284125+00:00,9,-57.0,1.871456561,D1,-62.37995550838517,2.650189607428942
2025-03-28 19:23:24.505325+00:00,17,-64.5,0.012271846,D1,-62.58162457522827,2.3992578862031317
2025-03-28 19:23:24.999539+00:00,9,-58.0,2.178252719,D1,-62.145797895002374,2.378234786917414
2025-03-28 19:23:25.707572+00:00,9,-56.0,2.037126486,D1,-61.5611793497815,2.3457868864084714
2025-03-28 19:23:26.417497+00:00,9,-55.5,2.172116796,D1,-60.98461013707218,2.3292665326094077
2025-03-28 19:23:26.690868+00:00,17,-71.5,4.460816131,D1,-61.98488577729365,2.532030021836835
2025-03-28 19:23:26.826260+00:00,17,-71.0,4.73079675,D1,-62.8424478143018,2.7411875352890935
2025-03-28 19:23:27.377135+00:00,9,-58.0,2.816388727,D1,-62.38181034381042,2.7483410427828328
2025-03-28 19:23:27.591217+00:00,17,-68.0,0.352815581,D1,-62.916240196482185,2.5204668701475943
2025-03-28 19:23:28.062223+00:00,9,-72.0,4.301282129,D1,-63.780332139008785,2.6898667826933735
2025-03-28 19:23:28.241698+00:00,17,-71.0,5.246214295,D1,-64.46710248095297,2.9330391403361458
2025-03-28 19:23:28.824842+00:00,9,-69.0,6.215690153,D1,-64.89829400376168,3.245301061778756
2025-03-28 19:23:29.015100+00:00,17,-65.5,3.540427658,D1,-64.95553123970423,3.2733749562163124
2025-03-28 19:23:29.767394+00:00,17,-61.0,4.215379205,D1,-64.57926163916757,3.3629830368796276
2025-03-28 19:23:30.436074+00:00,17,-59.5,4.669437518,D1,-64.09609727206382,3.487259417456831
2025-03-28 19:23:31.132104+00:00,9,-72.5,1.417398248,D1,-64.89551786332326,3.2903640352183343
2025-03-28 19:23:31.240079+00:00,17,-64.0,4.577398671,D1,-64.81033179644966,3.4127931045229754
2025-03-28 19:23:31.430957+00:00,25,-70.0,4.129476281,D1,-65.30399857937557,3.4809675357643584
2025-03-28 19:23:31.970266+00:00,17,-62.5,4.565126825,D1,-65.03726843330146,3.5840981035586643
2025-03-28 19:23:32.683908+00:00,17,-62.5,4.276738437,D1,-64.79591097156036,3.6499854612322804
2025-03-28 19:23:33.377245+00:00,17,-67.0,4.445476323,D1,-65.00557476841114,3.7256564673877746
2025-03-28 19:23:33.697653+00:00,25,-71.0,0.589048623,D1,-65.57579400083604,3.4272868909320438
2025-03-28 19:23:34.221368+00:00,17,-66.5,4.353437476,D1,-65.66370902439303,3.515386893071422
2025-03-28 19:23:35.036345+00:00,17,-62.5,4.71238898,D1,-65.36276145030394,3.6292516231914274
2025-03-28 19:23:35.510511+00:00,9,-68.0,5.341321103,D1,-65.61362856156666,3.7921120988697234
2025-03-28 19:23:35.679775+00:00,17,-66.0,4.298214168,D1,-65.65038211450003,3.840255018705864
2025-03-28 19:23:36.348813+00:00,9,-64.0,0.932660319,D1,-65.4933896446334,3.5636702997686776
2025-03-28 19:23:36.875208+00:00,1,-57.5,6.148194998,D1,-64.73301907839182,3.8095230100239412
2025-03-28 19:23:37.093807+00:00,9,-55.5,2.718213956,D1,-63.85472885898916,3.705712321412027
2025-03-28 19:23:37.332448+00:00,17,-66.0,1.509437095,D1,-64.05879760888769,3.496791811869439
2025-03-28 19:23:37.877009+00:00,9,-56.5,2.601631416,D1,-63.339767576136296,3.411639749059483
2025-03-28 19:23:38.161709+00:00,17,-69.5,0.036815539,D1,-63.92575920478882,3.0906098594066576
2025-03-28 19:23:38.403256+00:00,1,-59.5,6.221826076,D1,-63.50475920576419,3.388466557689138
2025-03-28 19:23:38.566557+00:00,1,-59.0,6.142059075,D1,-63.07624433781095,3.6504018310424047
2025-03-28 19:23:38.750203+00:00,9,-56.0,2.638446955,D1,-62.40311714731831,3.554139702419176
2025-03-28 19:23:38.934532+00:00,17,-63.5,1.049242859,D1,-62.50745804309263,3.3158615856397553
2025-03-28 19:23:39.418975+00:00,9,-55.5,2.650718801,D1,-61.84087414351785,3.2525899301503247
2025-03-28 19:23:39.607702+00:00,17,-65.5,0.374291312,D1,-62.18894820510329,2.9787919986852094
2025-03-28 19:23:39.910707+00:00,1,-58.5,6.056156151,D1,-61.83803729493223,3.2715260235551344
2025-03-28 19:23:40.083962+00:00,9,-55.0,2.362330413,D1,-61.18756953080673,3.185038862043334
2025-03-28 19:23:40.323765+00:00,17,-62.5,6.215690153,D1,-61.312414376783074,3.473329329621455
2025-03-28 19:23:40.674549+00:00,1,-59.0,0.239301003,D1,-61.09244613962349,3.165692637394722
2025-03-28 19:23:40.844090+00:00,9,-53.5,2.466641107,D1,-60.37021529301137,3.0991954151111645
2025-03-28 19:23:41.058478+00:00,17,-62.5,0.951068088,D1,-60.572810897081894,2.8948549707327116
2025-03-28 19:23:41.439275+00:00,1,-59.0,3.147728577,D1,-60.423197383219474,2.918909552797793
2025-03-28 19:23:41.620424+00:00,9,-55.0,2.208932335,D1,-59.907316155299235,2.8513730253525225
2025-03-28 19:23:41.811094+00:00,17,-64.0,0.791534087,D1,-60.29663238668452,2.6554310070658134
2025-03-28 19:23:42.125541+00:00,1,-59.0,6.068427997,D1,-60.17329033207413,2.9800920794256935
2025-03-28 19:23:42.300314+00:00,9,-56.5,2.435961491,D1,-59.82386887585323,2.928331699658847
2025-03-28 19:23:42.477105+00:00,9,-55.5,5.350524988,D1,-59.41256118641835,3.1587426472146216
2025-03-28 19:23:42.686638+00:00,17,-68.5,0.104310694,D1,-60.27700309449021,2.868190045994758
2025-03-28 19:23:42.941196+00:00,1,-58.0,6.203418306,D1,-60.06040335279568,3.185453373988247
2025-03-28 19:23:43.216439+00:00,9,-56.0,5.491651221,D1,-59.6741578006841,3.4048302642383965
2025-03-28 19:23:43.377038+00:00,17,-63.0,0.852893318,D1,-59.99052828038688,3.1620774613487193
2025-03-28 19:23:43.859923+00:00,9,-56.0,2.073942025,D1,-59.61092958908601,3.0585686628705306
2025-03-28 19:23:44.044648+00:00,17,-64.0,1.288543862,D1,-60.02843956945603,2.8901951917983246
2025-03-28 19:23:44.730096+00:00,9,-64.5,2.067806102,D1,-60.45379640650686,2.8119654938002205
2025-03-28 19:23:44.917744+00:00,17,-65.0,1.877592484,D1,-60.886253668609015,2.723083334149761
2025-03-28 19:23:45.715579+00:00,9,-69.5,2.613903263,D1,-61.705635616273526,2.7126975884006876
2025-03-28 19:23:45.831123+00:00,17,-64.0,3.380893656,D1,-61.923886849252,2.776259687193406
2025-03-28 19:23:46.709012+00:00,17,-62.5,3.8165442,D1,-61.978689567764235,2.8752166703033377
2025-03-28 19:23:47.379809+00:00,9,-69.5,5.847534763,D1,-62.694153635761644,3.1579581969485693
2025-03-28 19:23:47.700631+00:00,17,-65.0,0.503145698,D1,-62.9134970912404,2.9054193651344584
2025-03-28 19:23:48.155296+00:00,9,-68.5,5.503923067,D1,-63.44491274453532,3.1526018270196805
2025-03-28 19:23:48.313552+00:00,17,-65.0,3.69996166,D1,-63.59284029837183,3.204669388422816
2025-03-28 19:23:48.782361+00:00,9,-69.5,2.429825568,D1,-64.15475840406833,3.1309624304642187
2025-03-28 19:23:48.978977+00:00,17,-66.0,3.184544116,D1,-64.33028686690174,3.136059384119965
2025-03-28 19:23:49.611546+00:00,9,-70.5,5.694136685,D1,-64.91718034728045,3.379396287765812
2025-03-28 19:23:49.704501+00:00,17,-64.5,3.687689814,D1,-64.87749609929693,3.4087226853934673
2025-03-28 19:23:50.336296+00:00,9,-69.0,5.614369684,D1,-65.26964896118265,3.618534684034801
2025-03-28 19:23:50.470296+00:00,17,-63.5,3.853359739,D1,-65.10131124183143,3.6408723990655547
2025-03-28 19:23:51.027123+00:00,9,-70.0,5.166447294,D1,-65.5672986277198,3.785992591909405
2025-03-28 19:23:51.156462+00:00,17,-66.5,3.515883966,D1,-65.65602177298159,3.7602985299456724
2025-03-28 19:23:51.716013+00:00,9,-70.5,5.589825991,D1,-66.11680482386322,3.9343321869250185
2025-03-28 19:23:51.841855+00:00,17,-65.0,3.589515044,D1,-66.01056885213471,3.9015314831094945
2025-03-28 19:23:52.327552+00:00,9,-67.0,2.859340189,D1,-66.10468841287256,3.802393117576906
2025-03-28 19:23:52.520600+00:00,17,-64.5,3.442252888,D1,-65.95204255280788,3.7681348063392432
2025-03-28 19:23:52.998882+00:00,9,-69.5,5.792311455,D1,-66.2895417281338,3.9606844521016624
2025-03-28 19:23:53.128670+00:00,17,-63.5,3.792000508,D1,-66.02418678890602,3.9446384050809775
2025-03-28 19:23:53.732131+00:00,9,-69.5,5.915029918,D1,-66.35482324940233,4.132071744002683
2025-03-28 19:23:53.894819+00:00,17,-64.0,3.319534425,D1,-66.13082087154389,4.054779194932806
2025-03-28 19:23:54.538125+00:00,9,-69.5,6.025476535,D1,-66.45131377324967,4.242241625638119
2025-03-28 19:23:54.829167+00:00,17,-66.0,0.766990394,D1,-66.40838258578418,3.911658623393695
2025-03-28 19:23:55.509877+00:00,17,-71.5,0.073631078,D1,-66.89272229502531,3.546566552609799
2025-03-28 19:23:56.076052+00:00,9,-70.5,5.97638915,D1,-67.23586430524418,3.7777032375935686
2025-03-28 19:23:56.211140+00:00,17,-67.5,1.383650671,D1,-67.26099019259797,3.5499691739982824
2025-03-28 19:23:56.776798+00:00,9,-67.5,5.988660996,D1,-67.28372598187775,3.781949543281179
2025-03-28 19:23:56.944180+00:00,17,-64.0,0.969475858,D1,-66.97136180407254,3.5144132034190863
2025-03-28 19:23:57.745911+00:00,17,-66.0,4.608078287,D1,-66.87896108825308,3.6184480091587727
2025-03-28 19:23:58.409781+00:00,9,-69.0,5.51005899,D1,-67.08072474923365,3.798387356113626
2025-03-28 19:23:58.607442+00:00,17,-67.0,1.217980746,D1,-67.07304581376155,3.552926378669234
2025-03-28 19:23:59.144578+00:00,9,-68.0,5.721748339,D1,-67.16122225839958,3.7592353984179514
2025-03-28 19:23:59.316190+00:00,17,-63.5,1.214912784,D1,-66.81294877674532,3.5172069082485664
2025-03-28 19:23:59.892774+00:00,9,-67.5,5.473243451,D1,-66.87830447074853,3.703274731753163
2025-03-28 19:24:00.054023+00:00,17,-66.0,4.488427785,D1,-66.79475582650048,3.7779623546797416
2025-03-28 19:24:00.609346+00:00,9,-67.5,5.589825991,D1,-66.86184212347618,3.9503157417095234
2025-03-28 19:24:00.823779+00:00,17,-65.5,1.294679785,D1,-66.73229699774164,3.697698578540154
2025-03-28 19:24:01.297254+00:00,9,-66.5,5.399612373,D1,-66.71019976395702,3.8595929954420747
2025-03-28 19:24:01.565520+00:00,17,-64.5,1.55852448,D1,-66.49995468386696,3.6407040324572617
2025-03-28 19:24:02.230034+00:00,9,-67.0,5.546874529,D1,-66.54752145554683,3.822028352207179
2025-03-28 19:24:02.428107+00:00,17,-64.0,1.349903093,D1,-66.30518867586466,3.58686762981884
2025-03-28 19:24:02.917767+00:00,9,-66.5,5.33518518,D1,-66.32372008787239,3.753176200362982
2025-03-28 19:24:03.099257+00:00,17,-65.5,1.184233168,D1,-66.24536377878634,3.508805694857646
2025-03-28 19:24:03.578763+00:00,9,-66.0,5.605165799,D1,-66.22202356847441,3.7082217861904576
2025-03-28 19:24:03.768907+00:00,17,-66.0,1.681242944,D1,-66.20090359384723,3.515405581987174
2025-03-28 19:24:04.212308+00:00,9,-66.5,2.261087681,D1,-66.22935511614477,3.396088689527054
2025-03-28 19:24:04.399828+00:00,17,-63.5,1.257864246,D1,-65.96972542368624,3.192690256176842
2025-03-28 19:24:05.182498+00:00,17,-69.0,2.288699336,D1,-66.25798005631336,3.106698190431168
2025-03-28 19:24:05.640420+00:00,9,-62.0,3.472932504,D1,-65.85294003569607,3.1415362009330567
2025-03-28 19:24:05.930907+00:00,17,-60.0,0.153398079,D1,-65.29617957149074,2.85728979524111
2025-03-28 19:24:06.408413+00:00,9,-62.5,3.785864585,D1,-65.03019320793157,2.9456203996625585
2025-03-28 19:24:06.603488+00:00,17,-59.5,0.110446617,D1,-64.50413401053422,2.6759247148082936
2025-03-28 19:24:07.094898+00:00,9,-60.5,3.712233507,D1,-64.1232410752147,2.7745035078049494
2025-03-28 19:24:07.285156+00:00,17,-59.5,0.177941771,D1,-63.68345562867482,2.527505775194589
2025-03-28 19:24:07.779650+00:00,9,-61.5,3.294990732,D1,-63.475754582366704,2.6005127218257744
2025-03-28 19:24:07.987725+00:00,17,-60.0,0.263844696,D1,-63.1451236989235,2.3782373581934526
2025-03-28 19:24:08.458053+00:00,9,-60.0,3.663146121,D1,-62.84594405246953,2.500464203997212
2025-03-28 19:24:08.666272+00:00,17,-58.0,6.270913461,D1,-62.38497400259524,2.8591278953708876
2025-03-28 19:24:09.324423+00:00,9,-61.5,3.675417968,D1,-62.30079091965067,2.9367774248366616
2025-03-28 19:24:10.228577+00:00,9,-63.0,0.552233084,D1,-62.367303128861366,2.7099478304745985
2025-03-28 19:24:10.366388+00:00,17,-59.5,0.141126232,D1,-62.094551142456915,2.4655888763584195
2025-03-28 19:24:10.867125+00:00,9,-61.5,3.945398586,D1,-62.037994511422035,2.6063556595222286
2025-03-28 19:24:11.083424+00:00,17,-59.0,0.092038847,D1,-61.749005520570115,2.367181468916897
2025-03-28 19:24:11.505349+00:00,9,-60.5,3.448388811,D1,-61.630193967882654,2.4700312329686502
2025-03-28 19:24:11.700342+00:00,17,-58.5,0.294524311,D1,-61.33243451092901,2.2630863067657403
2025-03-28 19:24:12.161115+00:00,9,-61.0,3.71836943,D1,-61.30081170401592,2.401520000311301
2025-03-28 19:24:12.379844+00:00,17,-59.5,0.404970928,D1,-61.129509631184234,2.2115984255934134
2025-03-28 19:24:12.890827+00:00,9,-60.5,3.595650967,D1,-61.0696275766369,2.3432563156005606
2025-03-28 19:24:13.105755+00:00,17,-59.5,0.312932081,D1,-60.92031687588342,2.1501218812052985
2025-03-28 19:24:13.535149+00:00,9,-60.0,3.558835428,D1,-60.83277180487503,2.284125647425754
2025-03-28 19:24:13.797708+00:00,9,-60.5,0.484737929,D1,-60.80111691290164,2.112959031112222
2025-03-28 19:24:13.945906+00:00,17,-60.0,0.23316508,D1,-60.72491072907102,1.934143778188287
2025-03-28 19:24:14.474303+00:00,9,-64.5,4.16629182,D1,-61.084015801407375,2.1464766864967038
2025-03-28 19:24:14.777551+00:00,17,-73.0,4.552854978,D1,-62.217522868524085,2.375383233712282
2025-03-28 19:24:15.965730+00:00,9,-72.0,0.392699082,D1,-63.14808024235354,2.1867805584845312
2025-03-28 19:24:25.925017+00:00,17,-66.5,0.997087512,D1,-63.46693134775775,2.0736111002664597
2025-03-28 19:24:26.449690+00:00,9,-70.0,4.246058821,D1,-64.0883889935433,2.2802650201905816
2025-03-28 19:24:27.138299+00:00,9,-66.0,4.626486056,D1,-64.27023084137427,2.5034491131522
2025-03-28 19:24:27.761499+00:00,9,-69.0,1.319223478,D1,-64.7201497635365,2.390799742010508
2025-03-28 19:24:29.217927+00:00,9,-69.5,1.141281706,D1,-65.17483264432035,2.271939436331772
2025-03-28 19:24:29.426455+00:00,9,-69.5,1.208776861,D1,-65.5862638515474,2.1708061793092512
2025-03-28 19:24:30.086059+00:00,9,-69.5,1.073786552,D1,-65.95855769728992,2.0664522728591534
2025-03-28 19:24:30.791238+00:00,9,-70.5,4.172427743,D1,-66.39056204197784,2.266783025132309
2025-03-28 19:24:31.550833+00:00,9,-70.0,0.975611781,D1,-66.7339095460993,2.143960461281082
2025-03-28 19:24:32.259098+00:00,9,-70.0,1.202640938,D1,-67.04459614568174,2.0544175150777746
2025-03-28 19:24:32.968306+00:00,9,-70.0,0.809941856,D1,-67.325728706721,1.936036865111321
2025-03-28 19:24:33.834238+00:00,9,-69.0,1.05231082,D1,-67.48499363285497,1.851972494025037
2025-03-28 19:24:34.611069+00:00,9,-69.5,0.91425255,D1,-67.67667095630374,1.7627719575175946
2025-03-28 19:24:35.344415+00:00,9,-70.0,4.779884135,D1,-67.8976774503018,2.0497745179829
2025-03-28 19:24:36.037278+00:00,9,-70.5,1.607611866,D1,-68.14522317978913,2.0077138302138713
2025-03-28 19:24:36.813591+00:00,9,-70.5,1.601475943,D1,-68.36922114107435,1.969070482890377
2025-03-28 19:24:37.642172+00:00,9,-67.5,1.512505057,D1,-68.2865365478528,1.9256397323772119
2025-03-28 19:24:39.386083+00:00,17,-70.0,0.429514621,D1,-68.44952962504104,1.7833209478963508
2025-03-28 19:24:39.890186+00:00,9,-71.0,4.289010283,D1,-68.6921429204522,2.0216744503854205
2025-03-28 19:24:40.112867+00:00,17,-71.0,0.865165164,D1,-68.91167764506787,1.911661594757531
2025-03-28 19:24:40.653247+00:00,9,-70.0,0.478602006,D1,-69.01520422416172,1.7753419131950223
2025-03-28 19:24:40.866423+00:00,17,-69.5,0.619728238,D1,-69.06132038451094,1.6654142525117372
2025-03-28 19:24:41.451390+00:00,9,-70.0,0.171805848,D1,-69.15061220969152,1.5233348695750821
2025-03-28 19:24:41.654047+00:00,17,-71.5,0.871301088,D1,-69.37409753992776,1.4613102069793158
2025-03-28 19:24:42.349930+00:00,9,-69.5,0.429514621,D1,-69.38607400161828,1.3631607323714594
2025-03-28 19:24:42.533901+00:00,17,-70.5,0.889708857,D1,-69.49203612529749,1.3181236596690136
2025-03-28 19:24:43.057581+00:00,9,-70.0,0.34974762,D1,-69.54035614924342,1.2260069644554563
2025-03-28 19:24:43.261168+00:00,17,-72.0,0.963339935,D1,-69.77432957862679,1.2010207837737565
2025-03-28 19:24:43.831884+00:00,9,-70.0,0.337475773,D1,-69.79579645985142,1.1188761320041578
2025-03-28 19:24:44.036618+00:00,17,-73.5,0.153398079,D1,-70.14815853257832,1.0270351075459723
2025-03-28 19:24:44.527661+00:00,9,-71.5,0.674951547,D1,-70.27675234668601,0.9935431863212353
2025-03-28 19:24:44.688487+00:00,17,-69.5,0.337475773,D1,-70.20286384031554,0.9311348248203503
2025-03-28 19:24:45.403813+00:00,9,-71.0,0.852893318,D1,-70.27869135530699,0.9236921075890533
2025-03-28 19:24:45.550576+00:00,17,-68.0,0.33133985,D1,-70.06193101793399,0.867344645305658
2025-03-28 19:24:46.126264+00:00,9,-72.0,0.533825314,D1,-70.24628967863035,0.8356186449388856
2025-03-28 19:24:46.294799+00:00,17,-69.5,0.141126232,D1,-70.17529893118176,0.7695551083475781
2025-03-28 19:24:46.901054+00:00,9,-71.0,0.638136008,D1,-70.25374855600373,0.7570538766813181
2025-03-28 19:24:47.133001+00:00,17,-71.0,0.177941771,D1,-70.32473566638575,0.7019658828150502
2025-03-28 19:24:47.836206+00:00,9,-71.5,0.343611696,D1,-70.43653259441787,0.6678774687557485
2025-03-28 19:24:48.047977+00:00,17,-70.5,0.889708857,D1,-70.44256992642167,0.6889791622535352
2025-03-28 19:24:48.723147+00:00,17,-67.0,0.190213618,D1,-70.11509573078592,0.6415341287738442
2025-03-28 19:24:48.947111+00:00,17,-67.0,1.202640938,D1,-69.81877249245804,0.6949093702197229
2025-03-28 19:24:49.549990+00:00,17,-73.0,5.688000761,D1,-70.12138651088975,1.169876799169278
2025-03-28 19:24:50.337367+00:00,25,-70.0,5.16031137,D1,-70.10983962851284,1.5494665763559325
2025-03-28 19:24:50.896839+00:00,17,-64.5,4.571262748,D1,-69.5762040715723,1.8369147014003855
2025-03-28 19:24:51.571769+00:00,17,-66.0,4.697049173,D1,-69.23601793830623,2.1089847698421678
2025-03-28 19:24:51.789896+00:00,25,-69.5,5.694136685,D1,-69.26112921132699,2.4500220660311296
2025-03-28 19:24:52.860420+00:00,17,-66.0,1.711922559,D1,-68.95091454955725,2.3798104080168496
2025-03-28 19:24:52.939422+00:00,25,-70.0,5.62664153,D1,-69.05070872117311,2.6886649651533943
2025-03-28 19:24:53.482885+00:00,17,-64.5,4.663301595,D1,-68.61782290915193,2.8765021204916006
2025-03-28 19:24:53.702081+00:00,25,-70.0,2.313243028,D1,-68.74930239707103,2.8229221432680336
2025-03-28 19:24:54.238357+00:00,17,-66.0,1.757941983,D1,-68.48777522107083,2.721615988620272
2025-03-28 19:24:55.183395+00:00,17,-65.5,4.746136558,D1,-68.20356333629509,2.914198349814248
2025-03-28 19:24:55.947579+00:00,17,-66.5,1.745670137,D1,-68.0415120068548,2.8030421947476234
2025-03-28 19:24:56.188603+00:00,25,-71.0,5.405748297,D1,-68.32293794635933,3.0506244096417405
2025-03-28 19:24:56.922759+00:00,17,-66.5,4.856583174,D1,-68.14953111645119,3.2224160961868797
2025-03-28 19:24:57.161937+00:00,25,-71.5,5.503923067,D1,-68.46824420757007,3.4394442687652016
2025-03-28 19:24:58.337732+00:00,17,-66.5,4.890330752,D1,-68.28101513090213,3.5774597322738724
2025-03-28 19:24:58.581208+00:00,25,-70.5,5.571418222,D1,-68.49209589343323,3.767134878025482
2025-03-28 19:24:59.184525+00:00,17,-65.5,4.810563751,D1,-68.20747300503615,3.8663909681510407
2025-03-28 19:24:59.851900+00:00,17,-65.0,4.755340442,D1,-67.90236238570317,3.9509522174884215
2025-03-28 19:25:00.678483+00:00,17,-65.0,4.88726279,D1,-67.62627539022722,4.040018687640616
2025-03-28 19:25:00.942228+00:00,25,-71.0,5.233942448,D1,-67.94720068048858,4.153590592185921
2025-03-28 19:25:01.711725+00:00,17,-69.0,4.82897152,D1,-68.0473481336098,4.217836150245953
2025-03-28 19:25:02.237758+00:00,9,-69.5,1.570796327,D1,-68.18553152905338,3.9660366936015707
2025-03-28 19:25:02.439306+00:00,17,-70.0,0.859029241,D1,-68.35813270077374,3.670482852104858
2025-03-28 19:25:02.903630+00:00,9,-71.0,0.220893233,D1,-68.60944012147435,3.342340908750349
2025-03-28 19:25:03.188516+00:00,17,-72.0,4.295146206,D1,-68.9319668653622,3.4329764383062105
2025-03-28 19:25:03.679998+00:00,9,-71.0,5.908893995,D1,-69.12868835593117,3.6684979026970597
2025-03-28 19:25:03.895144+00:00,17,-71.5,0.877437011,D1,-69.35425919104571,3.4029984531538697
2025-03-28 19:25:04.392682+00:00,9,-68.5,6.007068765,D1,-69.2729978521532,3.650710438379147
2025-03-28 19:25:04.604143+00:00,9,-70.0,0.257708772,D1,-69.34215387474097,3.327951419612255
2025-03-28 19:25:04.795465+00:00,17,-70.5,4.080388896,D1,-69.4522938970624,3.399526975842827
2025-03-28 19:25:05.356826+00:00,9,-68.0,6.17273869,D1,-69.3141445534232,3.6633285237652617
2025-03-28 19:25:06.176690+00:00,9,-71.0,3.730641276,D1,-69.47451142123575,3.669731644069346
2025-03-28 19:25:06.417055+00:00,17,-74.0,0.257708772,D1,-69.90499816917816,3.3451632345953506
2025-03-28 19:25:06.881397+00:00,9,-71.0,0.202485464,D1,-70.00916013289483,3.046216256882745
2025-03-28 19:25:07.504487+00:00,9,-70.5,0.269980619,D1,-70.05585123695421,2.7821270584518643
2025-03-28 19:25:09.774631+00:00,9,-70.5,0.515417545,D1,-70.09810085338313,2.566506492850423
2025-03-28 19:25:10.544094+00:00,9,-66.0,6.227961999,D1,-69.7082693294696,2.9148021621786966
2025-03-28 19:25:11.249732+00:00,9,-69.5,0.049087385,D1,-69.68845772575455,2.6422012676041216
2025-03-28 19:25:12.033011+00:00,9,-69.0,0.23316508,D1,-69.62296823831078,2.413041888229341
2025-03-28 19:25:52.998144+00:00,1,-59.0,5.97638915,D2,-59.0,5.97638915
2025-03-28 19:25:53.117357+00:00,9,-59.0,2.742757649,D2,-59.0,5.583687250606276
2025-03-28 19:25:53.308468+00:00,17,-55.0,5.399612373,D2,-58.82896067996498,5.562302741104105
2025-03-28 19:25:53.617495+00:00,1,-57.0,6.068427997,D2,-58.73730097580734,5.6190074303661905
2025-03-28 19:25:53.793877+00:00,9,-59.0,3.761320892,D2,-58.752197787332555,5.416958588771615
2025-03-28 19:25:54.045878+00:00,17,-54.0,5.111223985,D2,-58.45501795660943,5.384502968469168
2025-03-28 19:25:54.484869+00:00,9,-57.5,2.871612035,D2,-58.390430375337814,5.122991330137035
2025-03-28 19:25:54.715792+00:00,17,-54.0,5.233942448,D2,-58.07415493555418,5.134351477148342
2025-03-28 19:25:55.023729+00:00,1,-60.0,5.896622149,D2,-58.2201678400121,5.211366506790752
2025-03-28 19:25:55.203328+00:00,9,-59.5,3.006602344,D2,-58.321319355732356,4.991028337823769
2025-03-28 19:25:55.384966+00:00,17,-54.0,5.203262833,D2,-57.9680262018926,5.012049783468278
2025-03-28 19:25:55.713241+00:00,1,-59.0,5.97638915,D2,-58.0547577148914,5.106869355670968
2025-03-28 19:25:55.933749+00:00,9,-61.5,3.227495578,D2,-58.3509115282801,4.923182482206469
2025-03-28 19:25:56.125068+00:00,17,-54.0,5.203262833,D2,-57.96995385043785,4.950423023585042
2025-03-28 19:25:56.637578+00:00,9,-61.5,3.006602344,D2,-58.283727392100865,4.762126015518928
2025-03-28 19:25:56.842666+00:00,9,-62.0,0.006135923,D2,-58.618147081359076,4.302929660778291
2025-03-28 19:25:56.988694+00:00,17,-54.5,5.227806525,D2,-58.24381114466195,4.391987180494514
2025-03-28 19:25:57.383018+00:00,1,-60.0,3.092505268,D2,-58.40476858693867,4.267134417541836
2025-03-28 19:25:57.529913+00:00,9,-60.0,3.393165503,D2,-58.55196372800173,4.183316126651994
2025-03-28 19:25:57.724871+00:00,17,-54.5,5.141903601,D2,-58.17601086443225,4.275113800167923
2025-03-28 19:25:57.987390+00:00,1,-59.5,6.099107613,D2,-58.29941087243219,4.4495741965410565
2025-03-28 19:25:58.161024+00:00,9,-54.5,2.669126571,D2,-57.94398104952236,4.279447827375104
2025-03-28 19:25:58.419895+00:00,17,-54.5,5.056000677,D2,-57.62082389492553,4.3535891755443
2025-03-28 19:25:58.705195+00:00,1,-57.5,5.221670602,D2,-57.60945854664914,4.436414072455333
2025-03-28 19:25:58.894674+00:00,9,-57.5,3.436116965,D2,-57.59914136103445,4.341026280544604
2025-03-28 19:25:59.097020+00:00,17,-55.5,5.368932758,D2,-57.400954402242746,4.439003160668438
2025-03-28 19:25:59.419877+00:00,1,-58.0,5.632777453,D2,-57.45758931640811,4.552748485693382
2025-03-28 19:25:59.623404+00:00,9,-60.0,3.632466506,D2,-57.69822162134448,4.465088311088851
2025-03-28 19:25:59.830246+00:00,17,-56.5,5.479379374,D2,-57.58470968253305,4.561679526746824
2025-03-28 19:26:00.320998+00:00,9,-61.0,3.27044704,D2,-57.908494425607344,4.438739763542226
2025-03-28 19:26:00.514484+00:00,17,-52.5,5.141903601,D2,-57.395431397592986,4.505677825420954
2025-03-28 19:26:00.779781+00:00,17,-55.5,5.503923067,D2,-57.21553608221998,4.600693543718706
2025-03-28 19:26:01.065131+00:00,1,-55.5,0.257708772,D2,-57.05264785962919,4.187361860622919
2025-03-28 19:26:01.274237+00:00,9,-61.5,3.939262663,D2,-57.47506071336932,4.163751827475971
2025-03-28 19:26:01.520349+00:00,17,-58.5,5.694136685,D2,-57.57243697761997,4.309378135248312
2025-03-28 19:26:02.170311+00:00,9,-66.5,0.263844696,D2,-58.42080760929198,3.924441962183026
2025-03-28 19:26:02.221883+00:00,9,-66.0,3.522019889,D2,-59.14117767023571,3.8861530321772273
2025-03-28 19:26:02.317926+00:00,17,-64.0,4.442408362,D2,-59.60305778379741,3.939076466961425
2025-03-28 19:26:02.728090+00:00,1,-58.5,5.608233761,D2,-59.49818805196207,4.097878731854719
2025-03-28 19:26:02.831712+00:00,9,-63.0,3.325670348,D2,-59.83114542873267,4.024413451320907
2025-03-28 19:26:03.058167+00:00,17,-58.0,0.312932081,D2,-59.65702303634131,3.671323585336145
2025-03-28 19:26:03.303049+00:00,1,-53.5,5.381204604,D2,-59.071516137071654,3.833989271363194
2025-03-28 19:26:03.535977+00:00,9,-64.0,0.306796158,D2,-59.540220170474115,3.498442689700118
2025-03-28 19:26:03.724860+00:00,17,-52.5,0.766990394,D2,-58.870657339184966,3.238599165563558
2025-03-28 19:26:04.513734+00:00,17,-65.0,0.024543693,D2,-59.45361251642409,2.9328485757416356
2025-03-28 19:26:04.638349+00:00,17,-63.0,5.491651221,D2,-59.79091589002957,3.1762634824613953
2025-03-28 19:26:05.342635+00:00,17,-40.5,4.786020058,D2,-57.95607594929149,3.329396089531808
2025-03-28 19:26:05.526556+00:00,25,-62.0,2.926835343,D2,-58.340718390870464,3.2911015801594954
2025-03-28 19:26:06.211654+00:00,17,-41.0,4.841243367,D2,-56.691308615429755,3.438561691248846
2025-03-28 19:26:06.375842+00:00,25,-60.5,2.945243113,D2,-57.05358765851055,3.3916340196756707
2025-03-28 19:26:06.957364+00:00,17,-41.0,4.835107443,D2,-55.52656878859954,3.5289461859365057
2025-03-28 19:26:07.133311+00:00,25,-60.5,2.70594211,D2,-55.999646409846875,3.4506571146698994
2025-03-28 19:26:07.775169+00:00,17,-41.0,4.822835597,D2,-54.57285470272556,3.581186677196284
2025-03-28 19:26:07.938613+00:00,25,-60.5,3.104777115,D2,-55.136658248544634,3.5358679160561133
2025-03-28 19:26:08.744591+00:00,17,-41.5,4.859651136,D2,-53.839501750336616,3.6617934621821666
2025-03-28 19:26:08.920957+00:00,25,-60.5,2.957514959,D2,-54.47306930743605,3.594798688824893
2025-03-28 19:26:09.502516+00:00,17,-42.0,4.96396183,D2,-53.286587685912,3.7250407601555353
2025-03-28 19:26:09.689680+00:00,25,-62.5,6.221826076,D2,-54.16300185220366,3.962548066384458
2025-03-28 19:26:10.260420+00:00,17,-44.0,4.736932673,D2,-53.19625699404263,4.036211544288428
2025-03-28 19:26:10.444124+00:00,25,-62.5,5.936505649,D2,-54.081267400746874,4.2169772798509335
2025-03-28 19:26:11.008745+00:00,17,-43.5,4.632621979,D2,-53.074732075352046,4.256515522339368
2025-03-28 19:26:11.193884+00:00,25,-63.0,2.883883881,D2,-54.01886710474365,4.125943847400586
2025-03-28 19:26:11.823167+00:00,17,-42.5,4.608078287,D2,-52.92314081372466,4.171806905051097
2025-03-28 19:26:11.989466+00:00,25,-62.0,2.883883881,D2,-53.78657308142138,4.049293203857067
2025-03-28 19:26:12.836261+00:00,17,-42.5,4.706253057,D2,-52.712942010870165,4.11178651042685
2025-03-28 19:26:13.018123+00:00,25,-61.5,3.031146037,D2,-53.54880810442128,4.008990599944233
2025-03-28 19:26:13.684796+00:00,17,-43.0,4.657165672,D2,-52.54535563263569,4.0706482373623585
2025-03-28 19:26:13.865036+00:00,25,-61.5,2.80411688,D2,-53.3971640363932,3.9501694859970713
2025-03-28 19:26:14.511792+00:00,17,-42.5,4.84737929,D2,-52.36057359552348,4.035516530393683
2025-03-28 19:26:15.802002+00:00,17,-58.5,2.227340104,D2,-52.94458538992929,3.8635138364491377
2025-03-28 19:26:16.585756+00:00,17,-55.5,1.374446786,D2,-53.18766877926934,3.6267414683489605
2025-03-28 19:26:17.518429+00:00,17,-56.5,1.282407939,D2,-53.502753788274866,3.4037368786826363
2025-03-28 19:26:18.231620+00:00,17,-57.5,1.644427405,D2,-53.88299128520959,3.23638267424747
2025-03-28 19:26:18.440462+00:00,25,-67.5,4.792155981,D2,-55.178307515465676,3.3843755089517544
2025-03-28 19:26:19.002261+00:00,17,-58.5,1.448077864,D2,-55.49428312180119,3.2001853258806974
2025-03-28 19:26:19.266813+00:00,25,-67.0,4.595806441,D2,-56.58876316749823,3.332943687763882
2025-03-28 19:26:19.855930+00:00,17,-57.5,1.435806017,D2,-56.67544447579781,3.1524786012775845
2025-03-28 19:26:20.712827+00:00,17,-57.0,1.34376717,D2,-56.70631778762937,2.980425056902558
2025-03-28 19:26:20.918780+00:00,25,-66.5,1.340699209,D2,-57.637940868876456,2.824446255693207
2025-03-28 19:26:21.474398+00:00,17,-57.5,1.386718632,D2,-57.62481925650628,2.6876825220206118
2025-03-28 19:26:21.777149+00:00,25,-66.0,1.512505057,D2,-58.42150757088829,2.5758938535745686
2025-03-28 19:26:22.366672+00:00,17,-57.0,1.288543862,D2,-58.28628678807,2.4534347826823515
2025-03-28 19:26:22.670539+00:00,25,-67.5,1.46034971,D2,-59.16274046441927,2.358967640488632
2025-03-28 19:26:23.222326+00:00,17,-57.0,1.319223478,D2,-58.957009960719624,2.260062056323619
2025-03-28 19:26:23.916612+00:00,17,-57.0,1.104466167,D2,-58.77084955144622,2.150136085848311
2025-03-28 19:26:24.180477+00:00,17,-57.0,1.22718463,D2,-58.60239763384865,2.06234039953314
2025-03-28 19:26:24.358431+00:00,25,-68.0,4.792155981,D2,-59.49634379172639,2.322013896366951
2025-03-28 19:26:24.929228+00:00,17,-56.5,1.313087554,D2,-59.21131683119389,2.226039855972109
2025-03-28 19:26:25.667561+00:00,17,-57.5,1.67510702,D2,-59.048527955298866,2.1736324125799533
2025-03-28 19:26:26.427801+00:00,17,-58.0,2.049398333,D2,-58.94878681744329,2.161814655387444
2025-03-28 19:26:27.021282+00:00,9,-69.0,0.859029241,D2,-59.90490767085099,2.0378872939290162
2025-03-28 19:26:27.287196+00:00,17,-66.5,2.110757564,D2,-60.532265305299056,2.044819072709643
2025-03-28 19:26:27.533344+00:00,1,-59.0,0.282252465,D2,-60.38650868935847,1.8771550611648082
2025-03-28 19:26:27.698188+00:00,9,-61.5,2.975922728,D2,-60.49242946240832,1.9816752500013466
2025-03-28 19:26:27.914022+00:00,17,-64.0,1.55852448,D2,-60.826086833551166,1.9414230659394534
2025-03-28 19:26:28.073588+00:00,17,-64.5,1.264000169,D2,-61.175567534649026,1.8769832656170202
2025-03-28 19:26:28.614480+00:00,9,-63.0,3.773592738,D2,-61.349116529667405,2.057398093938904
2025-03-28 19:26:28.859873+00:00,17,-63.5,1.239456477,D2,-61.55371915109346,1.9795914613615504
2025-03-28 19:26:29.267646+00:00,1,-59.5,6.221826076,D2,-61.35835927776562,2.3831336984416964
2025-03-28 19:26:29.378918+00:00,9,-61.0,3.675417968,D2,-61.32427037952625,2.5060621388429114
2025-03-28 19:26:29.633983+00:00,17,-67.0,1.398990479,D2,-61.86417371556322,2.4007520335170183
2025-03-28 19:26:29.906645+00:00,1,-58.0,0.23316508,D2,-61.496594493077566,2.194560493590302
2025-03-28 19:26:30.116053+00:00,9,-61.5,3.515883966,D2,-61.496918441657336,2.320251285856017
2025-03-28 19:26:30.325608+00:00,17,-63.0,0.963339935,D2,-61.63989895743162,2.191175199438253
2025-03-28 19:26:30.598967+00:00,1,-59.5,0.030679616,D2,-61.43634123628832,1.9856582255844122
2025-03-28 19:26:30.791098+00:00,9,-62.0,3.749049046,D2,-61.48995923215991,2.1534006398217933
2025-03-28 19:26:31.031402+00:00,17,-63.5,1.12900986,D2,-61.6811642032291,2.0559555468036663
2025-03-28 19:26:31.388451+00:00,1,-59.0,6.264777538,D2,-61.426118667746884,2.456319410373693
2025-03-28 19:26:31.618341+00:00,9,-61.5,3.460660657,D2,-61.433146623709405,2.551857293104768
2025-03-28 19:26:31.833115+00:00,17,-62.5,1.313087554,D2,-61.534630967846354,2.4340194183184285
2025-03-28 19:26:31.993692+00:00,17,-64.0,1.325359401,D2,-61.76914900458999,2.328558220668112
2025-03-28 19:26:32.238806+00:00,1,-59.0,0.337475773,D2,-61.50573392166564,2.1391566581798225
2025-03-28 19:26:32.437102+00:00,9,-62.0,3.25203927,D2,-61.55275094379098,2.24501952979974
2025-03-28 19:26:32.643170+00:00,17,-63.0,1.043106936,D2,-61.69042039731399,2.1306876880914936
2025-03-28 19:26:32.966098+00:00,1,-59.0,0.380427235,D2,-61.43449436698227,1.9641942990533143
2025-03-28 19:26:33.099522+00:00,9,-61.5,3.380893656,D2,-61.440725585211126,2.0989577148455343
2025-03-28 19:26:33.310290+00:00,17,-63.0,1.208776861,D2,-61.58905144223765,2.0142793305799156
2025-03-28 19:26:33.601977+00:00,1,-58.5,0.128854386,D2,-61.29520566484843,1.8349284298380182
2025-03-28 19:26:33.812695+00:00,9,-62.0,3.657010198,D2,-61.362249170982146,2.008253815864893
2025-03-28 19:26:34.033724+00:00,17,-63.5,1.398990479,D2,-61.565602551778596,1.9502976884841066
2025-03-28 19:26:34.330245+00:00,1,-59.0,6.007068765,D2,-61.32154980923855,2.336197720602386
2025-03-28 19:26:34.616861+00:00,9,-63.0,0.159534002,D2,-61.48121225266392,2.1291427542080235
2025-03-28 19:26:34.757824+00:00,17,-62.0,0.852893318,D2,-61.53056189664816,2.0077396261703564
2025-03-28 19:26:35.019943+00:00,1,-59.0,0.055223308,D2,-61.28984239368852,1.8220066637531995
2025-03-28 19:26:35.269065+00:00,9,-61.0,3.080233422,D2,-61.262271158605095,1.9416953859557555
2025-03-28 19:26:35.517061+00:00,17,-63.0,1.018563243,D2,-61.42757247904957,1.853882512886411
2025-03-28 19:26:35.903795+00:00,1,-58.0,0.337475773,D2,-61.10152491442905,1.709634440075642
2025-03-28 19:26:36.115173+00:00,9,-62.0,3.319534425,D2,-61.18699228683733,1.862776050525537
2025-03-28 19:26:36.355922+00:00,17,-63.0,0.981747704,D2,-61.359454504086,1.7789682978065384
2025-03-28 19:26:36.803423+00:00,1,-59.5,0.177941771,D2,-61.182574039474645,1.6266707743678706
2025-03-28 19:26:36.979293+00:00,9,-61.0,3.577243197,D2,-61.16520669821551,1.8122188238727561
2025-03-28 19:26:37.243346+00:00,17,-65.0,3.061825653,D2,-61.52999111182673,1.9310875759899433
2025-03-28 19:26:37.846297+00:00,9,-71.5,0.417242774,D2,-62.478387429375736,1.7870832073220204
2025-03-28 19:26:38.100007+00:00,17,-62.5,5.773903686,D2,-62.48044332346999,2.166329194274965
2025-03-28 19:26:38.663570+00:00,17,-54.5,4.135612204,D2,-61.72130427502088,2.3536570869169666
2025-03-28 19:26:38.909344+00:00,1,-54.0,5.098952139,D2,-60.98681580833511,2.6148030645380147
2025-03-28 19:26:39.375303+00:00,17,-45.5,3.350214041,D2,-59.513633662967244,2.6847589762917163
2025-03-28 19:26:39.632172+00:00,1,-58.5,2.208932335,D2,-59.41721183986892,2.639496004166386
2025-03-28 19:26:39.827353+00:00,1,-56.5,5.344389065,D2,-59.13971229122445,2.896798745522231
2025-03-28 19:26:40.184029+00:00,17,-45.5,3.27044704,D2,-57.842235723795554,2.932342010379597
2025-03-28 19:26:40.562012+00:00,1,-55.5,2.417553722,D2,-57.619430733328464,2.8833728146151185
2025-03-28 19:26:41.063383+00:00,17,-45.5,3.288854809,D2,-56.46657083047016,2.921944257692242
2025-03-28 19:26:41.386293+00:00,1,-57.0,5.424156066,D2,-56.51731323859952,3.159966960716229
2025-03-28 19:26:41.830420+00:00,17,-46.0,3.301126656,D2,-55.51685463741779,3.173394765715762
2025-03-28 19:26:42.584932+00:00,17,-45.5,3.233631501,D2,-54.56400212162384,3.179124780459554
2025-03-28 19:26:42.854537+00:00,1,-57.5,5.632777453,D2,-54.843288690715724,3.4125282994826076
2025-03-28 19:26:43.292804+00:00,17,-45.5,3.294990732,D2,-53.95450908304502,3.401347547546986
2025-03-28 19:26:43.572999+00:00,1,-57.0,5.338253142,D2,-54.24421116888828,3.5855955410874447
2025-03-28 19:26:43.687371+00:00,1,-57.0,5.430291989,D2,-54.506355366420436,3.761072146758089
2025-03-28 19:26:44.130006+00:00,17,-45.5,3.27044704,D2,-53.64962651493316,3.714401471759973
2025-03-28 19:26:44.392593+00:00,1,-57.5,5.730952224,D2,-54.0158929922651,3.906225704720405
2025-03-28 19:26:44.814236+00:00,17,-45.5,3.362485887,D2,-53.20581933584976,3.854502496986407
2025-03-28 19:26:45.103283+00:00,1,-56.5,1.945087639,D2,-53.51917801449036,3.6728695576073065
2025-03-28 19:26:45.454319+00:00,17,-46.0,3.27044704,D2,-52.803916792564635,3.6345891470199323
2025-03-28 19:26:45.690265+00:00,1,-54.5,5.148039524,D2,-52.96525657533079,3.7785559960394197
2025-03-28 19:26:46.121635+00:00,17,-45.5,3.411573272,D2,-52.25512462609775,3.7436467930499124
2025-03-28 19:26:46.504093+00:00,1,-55.5,5.233942448,D2,-52.56379314285069,3.885411050943002
2025-03-28 19:26:46.880735+00:00,17,-45.5,3.184544116,D2,-51.89185037130713,3.818741138443441
2025-03-28 19:26:47.200323+00:00,1,-56.5,1.871456561,D2,-52.330200245174154,3.6335058449558724
2025-03-28 19:26:47.840616+00:00,17,-45.0,6.221826076,D2,-51.63291551880915,3.8797196049737996
2025-03-28 19:26:48.091545+00:00,1,-56.5,4.798291905,D2,-52.095896550316006,3.9670987233398955
2025-03-28 19:26:48.470069+00:00,17,-44.5,2.957514959,D2,-51.373337483655995,3.871062146532356
2025-03-28 19:26:48.785768+00:00,1,-58.0,5.0621366,D2,-52.003698238461325,3.9843630109819084
2025-03-28 19:26:49.204698+00:00,17,-45.5,3.36862181,D2,-51.385034450994986,3.9257906772832483
2025-03-28 19:26:49.589680+00:00,1,-57.0,4.976233676,D2,-51.91915761072238,4.025713985572742
2025-03-28 19:26:49.849521+00:00,9,-65.0,4.758408404,D2,-53.16347172233703,4.095411484955324
2025-03-28 19:26:50.034998+00:00,17,-61.5,6.086835766,D2,-53.95648332427129,4.284845564303849
2025-03-28 19:26:50.531552+00:00,9,-59.0,0.239301003,D2,-54.436247454517,3.900013453573532
2025-03-28 19:26:50.853898+00:00,17,-64.5,4.638757903,D2,-55.393561130156655,3.970286461682845
2025-03-28 19:26:51.156511+00:00,1,-58.0,3.969942279,D2,-55.641498424276605,3.970253721331995
2025-03-28 19:26:51.344970+00:00,9,-64.5,0.576776776,D2,-56.4841626954606,3.647449491691798
2025-03-28 19:26:51.532455+00:00,9,-66.5,0.926524396,D2,-57.4369184375442,3.3886217042710878
2025-03-28 19:26:52.051082+00:00,1,-60.0,4.651029749,D2,-57.68073137118197,3.508708171023387
2025-03-28 19:26:52.199325+00:00,9,-62.5,0.582912699,D2,-58.13916392346282,3.2303921050396567
2025-03-28 19:26:52.824795+00:00,1,-59.0,1.441941941,D2,-58.22105088807454,3.0602659227336724
2025-03-28 19:26:53.107318+00:00,9,-65.0,0.674951547,D2,-58.86589789340202,2.833363078862115
2025-03-28 19:26:53.592930+00:00,1,-58.5,4.503767593,D2,-58.83109188484225,2.9922601779319997
2025-03-28 19:26:53.763159+00:00,9,-64.5,0.809941856,D2,-59.37034632696593,2.784667317839052
2025-03-28 19:26:54.346300+00:00,1,-59.5,4.485359824,D2,-59.382679622496745,2.9464455597868344
2025-03-28 19:26:54.497070+00:00,9,-64.5,0.760854471,D2,-59.86946432411504,2.7385413780021866
2025-03-28 19:26:54.765187+00:00,17,-68.0,1.306951631,D2,-60.64288089587826,2.602361515021967
2025-03-28 19:26:55.207674+00:00,9,-62.5,0.766990394,D2,-60.81953920575148,2.4277719803441653
2025-03-28 19:26:55.418462+00:00,9,-64.5,0.668815624,D2,-61.16964275162723,2.2604513941938866
2025-03-28 19:26:55.581344+00:00,17,-62.5,4.405592823,D2,-61.29619288107424,2.464507805229054
2025-03-28 19:26:56.097430+00:00,9,-65.0,0.56450493,D2,-61.64851724426326,2.283770179975357
2025-03-28 19:26:56.326688+00:00,17,-63.5,4.362641361,D2,-61.824639396936156,2.4815226388612133
2025-03-28 19:26:56.767495+00:00,1,-59.0,4.620350133,D2,-61.55594579470215,2.6849784373538115
2025-03-28 19:26:57.150718+00:00,17,-63.0,4.583534594,D2,-61.69331133830517,2.865578443615197
2025-03-28 19:26:57.704341+00:00,9,-62.5,0.601320469,D2,-61.77004753430499,2.6501910804543067
2025-03-28 19:26:57.909755+00:00,17,-62.5,4.49763167,D2,-61.83948420564787,2.8259287223836775
2025-03-28 19:26:58.405329+00:00,9,-62.5,0.44792239,D2,-61.90231571904722,2.59972105556556
2025-03-28 19:26:58.743776+00:00,17,-62.5,4.28287436,D2,-61.95917038963705,2.7598308823176483
2025-03-28 19:26:59.151622+00:00,9,-62.5,0.497009775,D2,-62.01061676412325,2.544580201046322
2025-03-28 19:26:59.321886+00:00,9,-64.0,0.404970928,D2,-62.19985668920943,2.341050035896145
2025-03-28 19:26:59.491057+00:00,17,-63.0,4.442408362,D2,-62.27597025921521,2.5409415827030455
2025-03-28 19:27:00.084569+00:00,9,-63.5,0.478602006,D2,-62.39240599279938,2.3447616913883613
2025-03-28 19:27:00.247062+00:00,17,-63.0,4.503767593,D2,-62.450203325325305,2.550136959317344
2025-03-28 19:27:00.776030+00:00,9,-62.5,0.834485549,D2,-62.454940230118225,2.38693575277889
2025-03-28 19:27:00.981023+00:00,17,-63.0,5.252350218,D2,-62.50678899819858,2.6595080802019324
2025-03-28 19:27:01.577908+00:00,9,-64.5,1.006291397,D2,-62.69639303921968,2.5022459722087067
2025-03-28 19:27:02.231690+00:00,9,-63.0,1.006291397,D2,-62.72527362767421,2.3599434099675682
2025-03-28 19:27:02.455167+00:00,17,-64.0,4.835107443,D2,-62.846531874377995,2.5953931954789264
2025-03-28 19:27:02.914930+00:00,9,-64.0,5.565282298,D2,-62.95625543982556,2.8779036646232337
2025-03-28 19:27:03.627350+00:00,9,-60.5,2.417553722,D2,-62.72260433276762,2.8341129122511517
2025-03-28 19:27:03.854498+00:00,17,-62.0,4.976233676,D2,-62.653866651996104,3.0378819827584413
2025-03-28 19:27:04.293175+00:00,9,-65.0,1.564660404,D2,-62.87704240366207,2.8977418950308356
2025-03-28 19:27:04.488893+00:00,17,-61.0,5.086680293,D2,-62.69848889147463,3.1059644893402703
2025-03-28 19:27:04.900574+00:00,9,-64.5,1.098330244,D2,-62.869857495105705,2.91498843840295
2025-03-28 19:27:05.137664+00:00,17,-60.5,4.417864669,D2,-62.64442498579782,3.0579494225728254
2025-03-28 19:27:05.685285+00:00,9,-67.0,1.260932208,D2,-63.05874871916919,2.887008300253339
2025-03-28 19:27:05.918316+00:00,17,-60.5,5.0621366,D2,-62.815347946910975,3.0939172100469254
2025-03-28 19:27:06.637346+00:00,17,-62.0,4.957825906,D2,-62.73778803708063,3.2712213793133333
2025-03-28 19:27:07.241126+00:00,9,-65.0,1.638291481,D2,-62.9529807735386,3.1158890501497085
2025-03-28 19:27:07.438655+00:00,17,-61.5,4.865787059,D2,-62.81476609082819,3.2823479617014324
2025-03-28 19:27:07.877211+00:00,9,-64.0,1.01242732,D2,-62.92751137395733,3.0664219377758073
2025-03-28 19:27:08.121460+00:00,17,-64.5,4.921010368,D2,-63.07709423181229,3.2428395174919924
2025-03-28 19:27:08.596633+00:00,9,-63.0,0.625864161,D2,-63.06976064902661,2.9938999409017257
2025-03-28 19:27:08.823693+00:00,17,-60.0,4.96396183,D2,-62.777749906813696,3.181301924383203
2025-03-28 19:27:09.305313+00:00,9,-63.0,1.883728408,D2,-62.798891429586426,3.057870344883663
2025-03-28 19:27:09.516156+00:00,17,-61.5,4.430136515,D2,-62.67533448369626,3.1884070572414864
2025-03-28 19:27:10.269914+00:00,9,-67.0,1.356039016,D2,-63.086717953491835,3.01410319029348
2025-03-28 19:27:10.448805+00:00,17,-61.5,4.687845288,D2,-62.935781531973554,3.173317776739908
2025-03-28 19:27:11.257321+00:00,9,-68.0,4.595806441,D2,-63.41751491859628,3.3086318999344204
2025-03-28 19:27:11.427798+00:00,17,-63.0,4.82897152,D2,-63.377798844542454,3.453254087664865
2025-03-28 19:27:11.942766+00:00,9,-66.5,1.208776861,D2,-63.67479798583781,3.2397483666093074
2025-03-28 19:27:12.122133+00:00,17,-62.0,4.626486056,D2,-63.515482958115285,3.3716616811089275
2025-03-28 19:27:12.928284+00:00,9,-63.0,1.061514705,D2,-63.46644768194641,3.15190913026155
2025-03-28 19:27:13.198921+00:00,17,-63.0,4.841243367,D2,-63.422076882597004,3.3126069177167743
2025-03-28 19:27:13.663366+00:00,9,-65.0,5.344389065,D2,-63.57217669601857,3.5058800359422175
2025-03-28 19:27:13.854082+00:00,17,-57.5,5.129631755,D2,-62.99456136160655,3.6603392915203083
2025-03-28 19:27:14.530296+00:00,17,-71.0,3.423845119,D2,-63.75607808743939,3.6378428018123623
2025-03-28 19:27:15.294415+00:00,17,-55.5,5.638913376,D2,-62.97071930357282,3.828194484043435
2025-03-28 19:27:15.974585+00:00,17,-56.0,5.148039524,D2,-62.30763017372823,3.9537446404850995
2025-03-28 19:27:16.620449+00:00,17,-58.5,5.215534679,D2,-61.94542965055218,4.073772319444513
2025-03-28 19:27:17.378794+00:00,17,-56.5,5.025321061,D2,-61.42743357993664,4.164288319238013
2025-03-28 19:27:18.054805+00:00,17,-58.0,5.006913292,D2,-61.10139922807923,4.2444429540240804
2025-03-28 19:27:19.011410+00:00,17,-56.0,1.969631332,D2,-60.6161290245576,4.0280516759768945
2025-03-28 19:27:19.629890+00:00,17,-57.0,4.976233676,D2,-60.272145033254056,4.118247414744825
2025-03-28 19:27:20.359068+00:00,17,-55.5,5.52846676,D2,-59.81819510932429,4.25239441992634
2025-03-28 19:27:21.096471+00:00,17,-57.5,5.203262833,D2,-59.59767698043278,4.34284570352609
2025-03-28 19:27:21.836162+00:00,17,-57.5,5.123495832,D2,-59.398135621345595,4.417104986084996
2025-03-28 19:27:22.929901+00:00,17,-57.5,5.240078371,D2,-59.21757561847186,4.495390265110483
2025-03-28 19:27:23.684558+00:00,17,-56.5,5.491651221,D2,-58.95906644981035,4.590159510803725
2025-03-28 19:27:24.349467+00:00,17,-56.0,5.29530168,D2,-58.67758548466069,4.657236104628043
2025-03-28 19:27:24.972416+00:00,17,-55.5,5.283029833,D2,-58.37531791337138,4.716764684210308
2025-03-28 19:27:25.594761+00:00,17,-53.5,5.129631755,D2,-57.91155367727078,4.756038632104194
2025-03-28 19:27:26.372217+00:00,17,-54.0,5.258486141,D2,-57.53946743892914,4.803833912183187
2025-03-28 19:27:26.731163+00:00,17,-55.5,5.651185223,D2,-57.34546325793554,4.884438139507935
2025-03-28 19:27:27.274796+00:00,17,-63.5,6.07456392,D2,-57.930913085301334,4.997648761514708
2025-03-28 19:27:27.956507+00:00,17,-58.0,5.098952139,D2,-57.93748497267136,5.007285237393548
2025-03-28 19:27:28.458624+00:00,9,-65.5,1.233320553,D2,-58.65686862456189,4.648287141263626
2025-03-28 19:27:28.687240+00:00,17,-64.0,4.798291905,D2,-59.165133579739276,4.662556332709553
2025-03-28 19:27:30.746151+00:00,17,-56.0,2.767301341,D2,-58.86405049493403,4.482270349505183
2025-03-28 19:27:40.563399+00:00,17,-68.0,1.040038974,D2,-59.73310697874816,4.154828358498947
2025-03-28 19:27:41.221961+00:00,17,-65.0,0.082834963,D2,-60.234119766432265,3.767480304479558
2025-03-28 19:27:41.715456+00:00,9,-61.5,1.724194406,D2,-60.35453652487693,3.5731128928191724
2025-03-28 19:27:42.443529+00:00,9,-59.0,1.509437095,D2,-60.225686343639104,3.376805893575079
2025-03-28 19:27:43.125990+00:00,9,-59.0,1.405126402,D2,-60.10909302583767,3.1892500357842133
2025-03-28 19:27:43.754158+00:00,9,-58.5,1.540116711,D2,-59.95602817730836,3.032376356941859
2025-03-28 19:27:44.447716+00:00,9,-59.0,1.484893403,D2,-59.865086071538386,2.8851721616943595
2025-03-28 19:27:45.193304+00:00,9,-58.0,1.380582709,D2,-59.687669904511296,2.7420482074061563
2025-03-28 19:27:45.482339+00:00,17,-68.0,4.568194786,D2,-60.478379656254354,2.9157602582052506
2025-03-28 19:27:45.920300+00:00,9,-58.5,1.135145783,D2,-60.29018644582117,2.74637944518824
2025-03-28 19:27:46.212220+00:00,9,-58.5,1.306951631,D2,-60.1198950998462,2.609453986678532
2025-03-28 19:27:46.358850+00:00,17,-64.5,4.387185053,D2,-60.53655223670471,2.778560515650458
2025-03-28 19:27:46.771189+00:00,9,-58.5,1.491029326,D2,-60.34282536409525,2.656084211697793
2025-03-28 19:27:47.428658+00:00,9,-58.5,1.368310863,D2,-60.167526745126736,2.5335848723846452
2025-03-28 19:27:48.074968+00:00,9,-59.5,1.466485633,D2,-60.104028315582,2.4320771405012627
2025-03-28 19:27:48.423215+00:00,17,-70.5,0.527689391,D2,-61.09294431089062,2.2509224044245624
2025-03-28 19:27:48.838305+00:00,9,-59.5,1.883728408,D2,-60.94141560761061,2.215993104165904
2025-03-28 19:27:49.136104+00:00,17,-64.0,4.071185011,D2,-61.232363209282965,2.3924680895475183
2025-03-28 19:27:49.802114+00:00,17,-61.0,3.724505353,D2,-61.210259677130644,2.5191780302979034
2025-03-28 19:27:50.184293+00:00,1,-56.5,1.300815708,D2,-60.76219659287336,2.4032814094550767
2025-03-28 19:27:50.545074+00:00,17,-50.0,6.203418306,D2,-59.738443481723536,2.7647691352237462
2025-03-28 19:27:50.914664+00:00,1,-56.0,1.441941941,D2,-59.38282433722597,2.638935301590106
2025-03-28 19:27:51.119809+00:00,9,-64.0,5.35359295,D2,-59.822032811880696,2.8971668985771584
2025-03-28 19:27:51.302223+00:00,17,-49.0,5.902758072,D2,-58.792587785066665,3.183073524430253
2025-03-28 19:27:51.539781+00:00,1,-55.0,1.414330286,D2,-58.431818167938324,3.014821961885181
2025-03-28 19:27:51.763758+00:00,9,-63.5,5.368932758,D2,-58.91392856925565,3.238756567680232
2025-03-28 19:27:51.983387+00:00,17,-48.5,5.810719225,D2,-57.92330442667798,3.483414314773969
2025-03-28 19:27:52.256961+00:00,1,-54.5,1.322291439,D2,-57.59766286020211,3.2778376698429765
2025-03-28 19:27:52.534002+00:00,9,-64.5,5.448699759,D2,-58.254247142053295,3.4843407566871054
2025-03-28 19:27:52.707172+00:00,17,-48.5,5.847534763,D2,-57.326375143764956,3.7091394021435087
2025-03-28 19:27:52.964443+00:00,1,-54.0,4.353437476,D2,-57.00995396776304,3.770428206146142
2025-03-28 19:27:53.208239+00:00,9,-64.5,5.29530168,D2,-57.72244401215004,3.9154816763644313
2025-03-28 19:27:53.432803+00:00,17,-49.0,5.712544454,D2,-56.892722206084734,4.086427132866706
2025-03-28 19:27:53.823973+00:00,1,-56.5,4.577398671,D2,-56.855364536874056,4.133130762122356
2025-03-28 19:27:54.098064+00:00,1,-55.0,1.405126402,D2,-56.67887313007336,3.873629560225066
2025-03-28 19:27:54.192543+00:00,9,-63.5,2.420621683,D2,-57.327732291339686,3.735412299278598
2025-03-28 19:27:54.380828+00:00,17,-50.0,5.97638915,D2,-56.6306823288906,3.9485850473456594
2025-03-28 19:27:54.692203+00:00,1,-56.0,1.319223478,D2,-56.570688721565446,3.698467233224153
2025-03-28 19:27:54.914842+00:00,9,-63.5,5.482447336,D2,-57.229838916249726,3.868168201301205
2025-03-28 19:27:55.138550+00:00,17,-50.0,5.988660996,D2,-56.5421010534677,4.069879912940185
2025-03-28 19:27:55.406497+00:00,1,-54.5,4.331961745,D2,-56.34784635009662,4.094810426765286
2025-03-28 19:27:55.622770+00:00,9,-63.5,5.562214337,D2,-57.028194407979036,4.23439710922851
2025-03-28 19:27:55.831690+00:00,17,-50.0,5.994796919,D2,-56.359637963312444,4.401855003773434
2025-03-28 19:27:56.098974+00:00,1,-54.5,1.22718463,D2,-56.18274004715524,4.0998647321798165
2025-03-28 19:27:56.421054+00:00,9,-64.5,5.540738606,D2,-56.97391875119463,4.236927746999181
2025-03-28 19:27:56.569344+00:00,17,-49.5,5.970253226,D2,-56.26296281315841,4.401810197942087
2025-03-28 19:27:56.837000+00:00,1,-55.0,1.294679785,D2,-56.14282357410254,4.106244659852576
2025-03-28 19:27:57.141926+00:00,9,-64.0,5.350524988,D2,-56.890236868540235,4.224606728979522
2025-03-28 19:27:57.296097+00:00,17,-49.0,5.865942533,D2,-56.13967870207577,4.380738669267647
2025-03-28 19:27:57.539915+00:00,1,-54.0,1.40205844,D2,-55.936141932494586,4.097391944877521
2025-03-28 19:27:57.788266+00:00,9,-64.0,5.491651221,D2,-56.70321580196338,4.230020749728112
2025-03-28 19:27:57.940605+00:00,9,-64.5,2.448233337,D2,-57.44488429043807,4.0605283611207605
2025-03-28 19:27:58.127370+00:00,17,-50.0,6.068427997,D2,-56.736690253215826,4.251529657312393
2025-03-28 19:27:58.431479+00:00,1,-56.5,1.331495324,D2,-56.71417511134702,3.9737616191990184
2025-03-28 19:27:58.626555+00:00,9,-65.0,5.577554145,D2,-57.50236355735797,4.126322258075922
2025-03-28 19:27:58.841678+00:00,17,-50.0,6.080699843,D2,-56.78870180935493,4.312232273346635
2025-03-28 19:27:59.138459+00:00,1,-56.5,4.589670517,D2,-56.761239072266726,4.33862356462635
2025-03-28 19:27:59.517594+00:00,17,-55.0,5.964117303,D2,-56.59370134294243,4.493248529655937
2025-03-28 19:27:59.840481+00:00,1,-59.5,1.994175024,D2,-56.87016277592382,4.255524357426864
2025-03-28 19:28:00.231752+00:00,17,-64.5,5.651185223,D2,-57.59595044652698,4.388286488364586
2025-03-28 19:28:00.878433+00:00,17,-56.5,0.760854471,D2,-57.49169824581537,4.043227300752217
2025-03-28 19:28:01.598579+00:00,17,-52.0,0.276116542,D2,-56.96930087868565,3.6848811837641318
2025-03-28 19:28:01.868008+00:00,25,-62.0,2.386874106,D2,-57.44784574006782,3.561408361772061
2025-03-28 19:28:02.529101+00:00,17,-50.0,0.134990309,D2,-56.739369995180624,3.2354706118569396
2025-03-28 19:28:02.700280+00:00,25,-61.5,2.350058567,D2,-57.19222455292903,3.151245860176408
2025-03-28 19:28:03.263830+00:00,17,-50.0,0.09817477,D2,-56.50806475352292,2.8608227109468696
2025-03-28 19:28:03.449140+00:00,25,-62.0,1.902136177,D2,-57.0304846653221,2.769627729209083
2025-03-28 19:28:04.130901+00:00,17,-50.0,0.055223308,D2,-56.361710360104446,2.5114202204397493
2025-03-28 19:28:04.311139+00:00,25,-61.5,2.227340104,D2,-56.85048976117164,2.4843971215294784
2025-03-28 19:28:04.897935+00:00,17,-49.5,0.042951462,D2,-56.1512749961805,2.2521547936666284
2025-03-28 19:28:05.061880+00:00,25,-61.5,2.405281875,D2,-56.660072044821206,2.2667209953303424
2025-03-28 19:28:05.876372+00:00,17,-49.5,0.128854386,D2,-55.97897075024008,2.063356600930172
2025-03-28 19:28:06.011841+00:00,25,-62.0,2.080077948,D2,-56.55172068781766,2.0649472177654644
2025-03-28 19:28:06.605687+00:00,17,-50.0,0.092038847,D2,-55.928488768603366,1.8772744629374996
2025-03-28 19:28:06.794334+00:00,25,-62.0,2.245747873,D2,-56.506040800745154,1.9123254673186374
2025-03-28 19:28:07.456413+00:00,17,-50.5,0.288388388,D2,-55.934716638210595,1.757848579360196
2025-03-28 19:28:07.651152+00:00,25,-63.0,2.227340104,D2,-56.60680116671444,1.8025089240083092
2025-03-28 19:28:08.232038+00:00,17,-52.0,0.153398079,D2,-56.16857956518789,1.6456373835528837
2025-03-28 19:28:08.420080+00:00,25,-61.0,2.227340104,D2,-56.62816805706575,1.7009718094466089
2025-03-28 19:28:09.055161+00:00,17,-54.0,6.203418306,D2,-56.378163775706746,2.1292666811166243
2025-03-28 19:28:09.889939+00:00,17,-66.5,0.846757395,D2,-57.341002656761106,2.0072680853457685
2025-03-28 19:28:10.306590+00:00,9,-65.0,0.046019424,D2,-58.06956418142432,1.8207044594665744
2025-03-28 19:28:10.534953+00:00,17,-65.5,4.930214252,D2,-58.77638380888803,2.1164963358540536
2025-03-28 19:28:10.946441+00:00,9,-59.0,0.055223308,D2,-58.79765528161934,1.9204178999154098
2025-03-28 19:28:11.153633+00:00,17,-63.0,0.165669925,D2,-59.19740299505687,1.753497635720172
2025-03-28 19:28:11.557090+00:00,9,-59.0,0.601320469,D2,-59.17862505055495,1.6438968726374148
2025-03-28 19:28:11.805292+00:00,17,-64.5,5.964117303,D2,-59.684820427407345,2.0548575039796733
2025-03-28 19:28:12.223783+00:00,9,-59.5,0.809941856,D2,-59.6672393986713,1.9364350001032575
2025-03-28 19:28:12.463233+00:00,17,-64.0,6.111379459,D2,-60.079392912798234,2.3335762659953483
2025-03-28 19:28:13.066984+00:00,9,-59.5,0.699495239,D2,-60.02427820717688,2.1781344358056667
2025-03-28 19:28:13.290704+00:00,17,-63.5,6.264777538,D2,-60.35490597151731,2.5668760420313745
2025-03-28 19:28:13.611550+00:00,17,-64.5,6.270913461,D2,-60.74920771754542,2.919222312494
2025-03-28 19:28:13.902681+00:00,9,-59.0,0.435650544,D2,-60.58281446990021,2.6829727418028946
2025-03-28 19:28:14.179007+00:00,17,-63.5,0.012271846,D2,-60.86031151583027,2.4289225274777477
2025-03-28 19:28:14.704589+00:00,9,-60.0,0.558369007,D2,-60.77847445001487,2.2509862697969094
2025-03-28 19:28:14.982863+00:00,17,-63.0,5.927301764,D2,-60.98979689461713,2.600695494329286
2025-03-28 19:28:15.487209+00:00,9,-60.0,0.619728238,D2,-60.89564254224805,2.412256138640877
2025-03-28 19:28:15.750519+00:00,17,-63.0,0.257708772,D2,-61.09581938121896,2.2073049885031
2025-03-28 19:28:16.306801+00:00,9,-60.0,0.717903009,D2,-60.991579648084546,2.0656257414171746
2025-03-28 19:28:16.508210+00:00,17,-62.0,0.312932081,D2,-61.08750555537599,1.8989008937282885
2025-03-28 19:28:17.028008+00:00,9,-60.5,0.809941856,D2,-61.03161913526244,1.795313750233132
2025-03-28 19:28:17.255619+00:00,17,-63.0,6.105243536,D2,-61.21886121143277,2.205295484811176
2025-03-28 19:28:17.599953+00:00,17,-63.0,0.042951462,D2,-61.38829189971742,1.9996026783635525
2025-03-28 19:28:17.901793+00:00,9,-60.0,0.398835005,D2,-61.256230741081744,1.847329778338738
2025-03-28 19:28:18.162725+00:00,17,-64.0,0.021475731,D2,-61.5172315777469,1.6736455545524598
2025-03-28 19:28:18.597056+00:00,9,-59.5,0.650407854,D2,-61.32534258131325,1.5763101481280826
2025-03-28 19:28:18.858614+00:00,17,-64.0,0.0,D2,-61.579769159569004,1.4263637682829324
2025-03-28 19:28:19.342175+00:00,9,-60.0,0.656543777,D2,-61.429493741530436,1.3531347016792699
2025-03-28 19:28:19.605758+00:00,17,-64.0,6.154330921,D2,-61.674012948797184,1.8098481174168355
2025-03-28 19:28:20.114549+00:00,9,-59.5,0.711767086,D2,-61.46721013667564,1.7053932449838223
2025-03-28 19:28:20.383996+00:00,17,-63.5,0.208621387,D2,-61.66057911381087,1.5630129387824714
2025-03-28 19:28:20.786211+00:00,9,-59.5,0.533825314,D2,-61.45505419419419,1.465111546279972
2025-03-28 19:28:21.038586+00:00,17,-62.0,0.589048623,D2,-61.50689212145071,1.3817761290599608
2025-03-28 19:28:21.678861+00:00,9,-60.0,0.742446701,D2,-61.36354912597673,1.3209599671010315
2025-03-28 19:28:21.977846+00:00,17,-62.0,0.276116542,D2,-61.42409146570753,1.221569317814812
2025-03-28 19:28:22.487727+00:00,9,-60.0,0.650407854,D2,-61.28862487615039,1.1672376281357268
2025-03-28 19:28:22.670477+00:00,17,-62.0,6.178874614,D2,-61.35629437929976,1.643969205370581
2025-03-28 19:28:23.168815+00:00,9,-59.5,0.736310778,D2,-61.17971452131087,1.5576282682892688
2025-03-28 19:28:23.456541+00:00,17,-64.0,5.945709534,D2,-61.44799395741136,1.9750441562990086
2025-03-28 19:28:23.865639+00:00,9,-61.5,0.079767001,D2,-61.452941028154704,1.794756064784921
2025-03-28 19:28:24.161154+00:00,17,-67.0,4.414796708,D2,-61.98060458002836,2.0439872265355445
2025-03-28 19:28:24.848484+00:00,17,-69.5,2.877747958,D2,-62.69588648263357,2.1232986510598386
2025-03-28 19:28:25.365757+00:00,9,-70.5,0.724038932,D2,-63.438252172037615,1.9901941794650035
2025-03-28 19:28:25.557025+00:00,17,-69.5,0.177941771,D2,-64.01487546118953,1.8178038105152876
2025-03-28 19:28:26.017045+00:00,9,-69.5,0.644271931,D2,-64.53664750495335,1.70617168204415
2025-03-28 19:28:26.712667+00:00,9,-70.0,0.68108747,D2,-65.05634848475295,1.6086606263582044
2025-03-28 19:28:27.290500+00:00,9,-69.5,0.490873852,D2,-65.47905048841382,1.5023312466654832
2025-03-28 19:28:27.515123+00:00,17,-70.5,0.11658254,D2,-65.95666791893133,1.3705120090704308
2025-03-28 19:28:27.971341+00:00,9,-69.5,3.681553891,D2,-66.29372710666566,1.5903496877641699
2025-03-28 19:28:28.630712+00:00,9,-68.5,3.331806271,D2,-66.50359864349413,1.7560056093629817
2025-03-28 19:28:28.942043+00:00,17,-72.5,0.355883543,D2,-67.07400585464757,1.622819107048222
2025-03-28 19:28:29.713872+00:00,17,-69.5,1.257864246,D2,-67.30477835842997,1.5881028043675238
2025-03-28 19:28:30.111466+00:00,9,-68.0,0.469398121,D2,-67.37091126283792,1.4816861086519133
2025-03-28 19:28:30.321888+00:00,17,-68.5,3.896311201,D2,-67.4783157408605,1.7113771321543754
2025-03-28 19:28:30.777810+00:00,9,-68.5,0.411106851,D2,-67.57550337629168,1.5876890231163996
2025-03-28 19:28:30.959459+00:00,17,-68.5,3.696893699,D2,-67.66344604548577,1.7883269533338677
2025-03-28 19:28:31.400539+00:00,9,-69.0,0.619728238,D2,-67.79058563612098,1.6771640917205652
2025-03-28 19:28:31.643659+00:00,17,-67.5,0.665747662,D2,-67.76294370015864,1.5809531827616878
2025-03-28 19:28:32.130036+00:00,9,-69.5,0.294524311,D2,-67.92818104514289,1.458581736712181
2025-03-28 19:28:32.776929+00:00,9,-70.0,0.840621472,D2,-68.12526266156483,1.399798314749327
2025-03-28 19:28:32.958918+00:00,17,-68.0,3.604854852,D2,-68.1133470606574,1.6095541458002571
2025-03-28 19:28:33.145710+00:00,17,-68.5,0.362019466,D2,-68.1501273913428,1.490882506726265
2025-03-28 19:28:33.581737+00:00,9,-69.0,4.055845203,D2,-68.23097145692789,1.7348743830716875
2025-03-28 19:28:33.772781+00:00,17,-67.0,0.377359274,D2,-68.11387539313725,1.605740864244748
2025-03-28 19:28:34.271537+00:00,9,-68.5,0.558369007,D2,-68.15060546623673,1.5061096980481448
2025-03-28 19:28:34.466825+00:00,17,-70.5,0.736310778,D2,-68.37409143794359,1.4328826358440472
2025-03-28 19:28:34.950065+00:00,9,-67.5,0.576776776,D2,-68.29094355811237,1.3514456327261788
2025-03-28 19:28:35.104880+00:00,17,-64.0,2.730485802,D2,-67.88276788695852,1.4826267212252997
2025-03-28 19:28:35.635148+00:00,9,-72.0,5.362796834,D2,-68.27441927045427,1.8517276004430352
2025-03-28 19:28:35.734215+00:00,9,-70.5,4.571262748,D2,-68.48612746369582,2.1104231691558737
2025-03-28 19:28:35.837516+00:00,17,-64.0,2.914563497,D2,-68.05938493875306,2.18691695509699
2025-03-28 19:28:36.338227+00:00,9,-68.0,1.291611823,D2,-68.05373595108783,2.1017511242646814
2025-03-28 19:28:36.491874+00:00,17,-64.0,3.012738267,D2,-67.66812463504347,2.1884087051353327
2025-03-28 19:28:37.277958+00:00,17,-61.5,3.393165503,D2,-67.08138226041828,2.3030111015280528
2025-03-28 19:28:37.863457+00:00,9,-68.0,3.804272354,D2,-67.16876570121855,2.4458184610297904
2025-03-28 19:28:38.017615+00:00,17,-66.0,0.702563201,D2,-67.057586955086,2.2799914404412993
2025-03-28 19:28:38.543290+00:00,9,-70.5,4.111068512,D2,-67.38504622738057,2.454172503998962
2025-03-28 19:28:38.705088+00:00,17,-66.5,3.715301468,D2,-67.30085627405893,2.5741372982968254
2025-03-28 19:28:39.289495+00:00,9,-69.0,0.711767086,D2,-67.46248718840914,2.3969794771681743
2025-03-28 19:28:39.425946+00:00,17,-65.0,3.859495662,D2,-67.22824328675343,2.536101215133826
2025-03-28 19:28:39.899773+00:00,9,-63.5,0.773126317,D2,-66.8735944350065,2.3683983655093623
2025-03-28 19:28:40.186722+00:00,17,-66.0,4.187767551,D2,-66.79049383254089,2.5414657173183373
2025-03-28 19:28:40.641414+00:00,9,-69.0,0.834485549,D2,-67.0006729343182,2.3790893619984437
2025-03-28 19:28:40.801733+00:00,17,-64.5,4.246058821,D2,-66.76279661656243,2.556684686111015
2025-03-28 19:28:40.964905+00:00,17,-66.5,4.055845203,D2,-66.73779810891729,2.6992922133043384
2025-03-28 19:30:56.655447+00:00,9,-62.5,2.012582794,L1,-62.5,2.012582794
2025-03-28 19:30:57.303471+00:00,9,-64.0,1.178097245,L1,-62.59471409088606,1.9074502893976084
2025-03-28 19:30:58.047682+00:00,9,-61.0,1.22718463,L1,-62.4860223625255,1.8260180408892155
2025-03-28 19:30:58.683756+00:00,9,-63.0,1.441941941,L1,-62.52328149026086,1.7819205869753558
2025-03-28 19:30:59.327184+00:00,9,-62.5,1.024699166,L1,-62.521507314681315,1.6978959563751046
2025-03-28 19:30:59.817441+00:00,9,-64.5,1.36217494,L1,-62.67852805581618,1.661667959080636
2025-03-28 19:31:00.570258+00:00,9,-62.0,1.840776945,L1,-62.62286633920365,1.6805593760489783
2025-03-28 19:31:01.187714+00:00,9,-60.0,1.441941941,L1,-62.4018195897846,1.6558575898932402
2025-03-28 19:31:01.718558+00:00,9,-62.5,1.264000169,L1,-62.41027826659,1.6159087649209487
2025-03-28 19:31:02.604618+00:00,9,-63.5,1.349903093,L1,-62.50586841745624,1.5891281537254889
2025-03-28 19:31:02.869253+00:00,17,-71.0,1.656699251,L1,-63.26202193288665,1.5958614855264364
2025-03-28 19:31:03.304712+00:00,9,-61.5,1.564660404,L1,-63.103265468435005,1.5927784004926364
2025-03-28 19:31:03.999611+00:00,9,-62.0,1.01242732,L1,-63.00287832258227,1.535825647505082
2025-03-28 19:31:04.256812+00:00,9,-62.0,1.147417629,L1,-62.91088700143976,1.4979236762633834
2025-03-28 19:31:04.805913+00:00,9,-62.0,0.693359316,L1,-62.826780820556586,1.419773905999412
2025-03-28 19:31:05.466146+00:00,9,-62.0,1.251728323,L1,-62.75002725144484,1.403512778144557
2025-03-28 19:31:05.959165+00:00,9,-61.0,1.429670094,L1,-62.58684522840562,1.406036090262044
2025-03-28 19:31:06.739452+00:00,9,-69.0,5.013049215,L1,-63.18700982989838,1.7531112037247583
2025-03-28 19:31:07.039684+00:00,17,-68.0,0.957204012,L1,-63.638761579497945,1.6766861530112727
2025-03-28 19:31:07.375557+00:00,9,-63.5,0.165669925,L1,-63.62570567116282,1.5318411720348502
2025-03-28 19:31:07.581501+00:00,17,-66.0,5.387340527,L1,-63.849544020006554,1.9009120982357095
2025-03-28 19:31:08.023714+00:00,9,-65.0,0.766990394,L1,-63.958180515113284,1.7924902603048558
2025-03-28 19:31:08.143307+00:00,9,-64.5,0.846757395,L1,-64.0094121508682,1.7021468581644166
2025-03-28 19:31:08.340250+00:00,17,-66.0,5.086680293,L1,-64.1978369565123,2.0252153003953377
2025-03-28 19:31:09.001689+00:00,9,-64.0,1.01242732,L1,-64.17909342059957,1.9286008187439174
2025-03-28 19:31:09.113177+00:00,17,-65.0,4.982369599,L1,-64.25692484957753,2.219764424371944
2025-03-28 19:31:09.687569+00:00,9,-63.0,0.987883627,L1,-64.13768257069647,2.102359251991309
2025-03-28 19:31:09.900866+00:00,17,-66.0,5.092816216,L1,-64.31444391207887,2.3872686374426473
2025-03-28 19:31:10.242462+00:00,25,-72.0,5.503923067,L1,-65.04420881199503,2.684117619458708
2025-03-28 19:31:10.594345+00:00,9,-61.5,1.043106936,L1,-64.70756586437302,2.5278538873990914
2025-03-28 19:31:10.772641+00:00,17,-67.5,5.043728831,L1,-64.97287357507054,2.767380541199788
2025-03-28 19:31:11.273004+00:00,9,-62.5,1.178097245,L1,-64.73787544216086,2.616094455792425
2025-03-28 19:31:11.478471+00:00,17,-65.5,5.157243409,L1,-64.81031348387708,2.857959341862225
2025-03-28 19:31:12.079508+00:00,9,-64.0,1.079922475,L1,-64.73328384197733,2.6887444994427154
2025-03-28 19:31:12.289712+00:00,17,-65.5,1.948155601,L1,-64.80617785960145,2.6182690202137593
2025-03-28 19:31:12.740298+00:00,9,-64.0,0.975611781,L1,-64.7295245181696,2.4619623118243874
2025-03-28 19:31:12.956572+00:00,17,-66.0,5.105088062,L1,-64.85033418374861,2.7134540858076024
2025-03-28 19:31:13.363990+00:00,9,-64.0,0.89584478,L1,-64.76947044284344,2.5405177447588345
2025-03-28 19:31:13.580096+00:00,17,-65.5,5.157243409,L1,-64.83894496385174,2.7894764736588744
2025-03-28 19:31:14.053680+00:00,9,-63.0,1.208776861,L1,-64.6640506028814,2.639091325509285
2025-03-28 19:31:14.270320+00:00,17,-65.5,5.013049215,L1,-64.74355714613175,2.8649399795598525
2025-03-28 19:31:14.781880+00:00,9,-63.0,1.024699166,L1,-64.57772374326235,2.68987065300117
2025-03-28 19:31:15.007859+00:00,17,-65.5,5.049864754,L1,-64.66544552667959,2.9143822994383624
2025-03-28 19:31:15.553194+00:00,9,-65.0,1.043106936,L1,-64.6972671216044,2.7363660852065963
2025-03-28 19:31:15.751672+00:00,17,-65.0,1.902136177,L1,-64.72606243418525,2.6570059086730056
2025-03-28 19:31:16.194977+00:00,1,-60.0,5.135767678,L1,-64.27652332624145,2.8928079560315414
2025-03-28 19:31:16.329699+00:00,9,-64.0,0.865165164,L1,-64.25022037010957,2.699921877455052
2025-03-28 19:31:16.544034+00:00,17,-66.0,5.29530168,L1,-64.41666126613414,2.946814217626241
2025-03-28 19:31:17.167204+00:00,9,-67.0,0.905048665,L1,-64.66239299607496,2.7525868946584557
2025-03-28 19:31:17.349506+00:00,17,-64.5,4.859651136,L1,-64.64694579528508,2.953025047437234
2025-03-28 19:31:17.831984+00:00,9,-65.5,0.60438843,L1,-64.72809070220133,2.729607675806403
2025-03-28 19:31:17.999265+00:00,17,-64.0,3.985282087,L1,-64.65883239431717,2.849055136896288
2025-03-28 19:31:18.279912+00:00,1,-59.0,4.835107443,L1,-64.1205444441206,3.0379801899013272
2025-03-28 19:31:18.506571+00:00,9,-65.0,2.202796411,L1,-64.20420156217469,2.958532715527242
2025-03-28 19:31:18.685046+00:00,17,-62.0,4.356505438,L1,-63.99452916009815,3.0915156971703097
2025-03-28 19:31:19.161461+00:00,9,-63.0,2.153709026,L1,-63.89992542699726,3.002306396902085
2025-03-28 19:31:19.401264+00:00,17,-63.5,5.209398756,L1,-63.86188280735082,3.212256875537932
2025-03-28 19:31:19.726367+00:00,1,-58.0,1.945087639,L1,-63.30427472777129,3.0917170352967194
2025-03-28 19:31:20.061160+00:00,9,-64.5,2.104621641,L1,-63.41801748905882,2.997819366033879
2025-03-28 19:31:20.235838+00:00,17,-63.0,5.258486141,L1,-63.378253754568306,3.212865673365951
2025-03-28 19:31:20.771945+00:00,9,-65.0,2.000310947,L1,-63.53252177412376,3.0975212551165394
2025-03-28 19:31:20.930684+00:00,17,-62.5,4.921010368,L1,-63.434303463594034,3.270980815780889
2025-03-28 19:31:21.385922+00:00,1,-60.0,4.94555406,L1,-63.107616275481874,3.430274691368657
2025-03-28 19:31:21.582670+00:00,9,-64.5,5.135767678,L1,-63.240066449236714,3.5925097674406445
2025-03-28 19:31:21.780669+00:00,17,-63.0,1.767145868,L1,-63.21723017795748,3.418872003485609
2025-03-28 19:31:22.125534+00:00,1,-58.0,1.619883712,L1,-62.720942115509125,3.2477432491163527
2025-03-28 19:31:22.354368+00:00,9,-65.5,5.264622064,L1,-62.98529953954816,3.4395988115704443
2025-03-28 19:31:22.506420+00:00,17,-63.0,4.835107443,L1,-62.98669791866046,3.5723465306823425
2025-03-28 19:31:22.869411+00:00,25,-72.0,6.264777538,L1,-63.84408705317796,3.8284639298602854
2025-03-28 19:31:23.025443+00:00,1,-58.5,1.92667987,L1,-63.33573144298042,3.6475568061175676
2025-03-28 19:31:23.163848+00:00,9,-65.5,2.626175109,L1,-63.54160723645079,3.5503979239775063
2025-03-28 19:31:23.371141+00:00,17,-63.5,4.853515213,L1,-63.53764935265443,3.6743568835601548
2025-03-28 19:31:23.997592+00:00,9,-65.0,2.080077948,L1,-63.676755305762825,3.5227011950183122
2025-03-28 19:31:24.199774+00:00,17,-62.5,4.914874444,L1,-63.56481657423612,3.655131587573819
2025-03-28 19:31:24.736290+00:00,9,-65.0,2.276427489,L1,-63.701338260548184,3.5239824508476327
2025-03-28 19:31:24.931285+00:00,17,-63.5,4.902602598,L1,-63.682185977104325,3.6551235986335175
2025-03-28 19:31:25.277770+00:00,1,-59.5,5.27689391,L1,-63.28435591135565,3.8093943863080555
2025-03-28 19:31:25.616208+00:00,9,-65.0,5.313709449,L1,-63.447556404962484,3.952492249406833
2025-03-28 19:31:25.728878+00:00,17,-63.5,4.736932673,L1,-63.452545097436456,4.027112087821904
2025-03-28 19:31:26.168351+00:00,1,-58.5,1.938951716,L1,-62.98143466332931,3.8284759859513553
2025-03-28 19:31:26.367454+00:00,9,-65.5,5.424156066,L1,-63.221012981199934,3.9802649349623938
2025-03-28 19:31:26.544271+00:00,17,-62.0,5.227806525,L1,-63.104864221900655,4.098937235151234
2025-03-28 19:31:27.036790+00:00,1,-58.5,1.816233253,L1,-62.6668268883559,3.8817951913009607
2025-03-28 19:31:27.223766+00:00,9,-65.5,2.208932335,L1,-62.93633225134557,3.7226642392272566
2025-03-28 19:31:27.389129+00:00,17,-63.0,4.970097753,L1,-62.94238864081779,3.841326256965105
2025-03-28 19:31:27.765065+00:00,17,-63.0,4.951689983,L1,-62.94786891675307,3.9469495212771033
2025-03-28 19:31:27.984841+00:00,1,-56.0,4.957825906,L1,-62.28695343919725,4.043109059624688
2025-03-28 19:31:28.087463+00:00,9,-65.5,1.773281791,L1,-62.59259423841279,3.8271919157337253
2025-03-28 19:31:28.387519+00:00,1,-58.5,5.068272523,L1,-62.203286535172765,3.945249612589136
2025-03-28 19:31:28.643763+00:00,9,-66.5,5.350524988,L1,-62.61201106450971,4.078926323884994
2025-03-28 19:31:29.232731+00:00,9,-71.0,1.306951631,L1,-63.40991785152153,3.8152424461255188
2025-03-28 19:31:30.335793+00:00,25,-69.5,0.77926224,L1,-63.98923643714491,3.5264450646621004
2025-03-28 19:31:31.234514+00:00,25,-67.5,0.196349541,L1,-64.32319754544656,3.209669986694003
2025-03-28 19:31:32.064520+00:00,17,-71.0,0.809941856,L1,-64.95832785534748,2.981396034846401
2025-03-28 19:31:32.269827+00:00,25,-70.0,1.061514705,L1,-65.43791652310213,2.7987674727158733
2025-03-28 19:31:32.908039+00:00,17,-73.0,4.350369514,L1,-66.1572591218065,2.9463634961115517
2025-03-28 19:31:33.064285+00:00,25,-70.5,4.215379205,L1,-66.57036200805803,3.067078516593073
2025-03-28 19:31:33.820732+00:00,17,-70.5,3.877903432,L1,-66.94416851473011,3.144208173504771
2025-03-28 19:31:33.980022+00:00,25,-70.0,1.055378782,L1,-67.23485424588718,2.9455084404125387
2025-03-28 19:31:34.858493+00:00,25,-69.0,0.736310778,L1,-67.40276359780898,2.7353586849705804
2025-03-28 19:31:36.522464+00:00,25,-69.0,0.687223393,L1,-67.55470058578474,2.5405299749937345
2025-03-28 19:31:37.365847+00:00,25,-70.0,0.632000085,L1,-67.78730950156795,2.358981218019824
2025-03-28 19:31:37.953773+00:00,17,-71.0,1.092194321,L1,-68.09291643434501,2.2384782132273786
2025-03-28 19:31:38.646377+00:00,17,-69.5,4.203107359,L1,-68.22676514866211,2.4253634074971058
2025-03-28 19:31:39.514491+00:00,17,-71.0,4.221515128,L1,-68.49056889738662,2.5962221998155184
2025-03-28 19:31:41.163674+00:00,25,-69.5,0.227029157,L1,-68.58659095222345,2.370852896420712
2025-03-28 19:31:44.768395+00:00,17,-62.5,3.497476196,L1,-68.00760446299185,2.4780228499086396
2025-03-28 19:31:44.977008+00:00,25,-68.0,0.650407854,L1,-68.00688108904329,2.304171115996445
2025-03-28 19:31:45.538057+00:00,9,-70.0,0.889708857,L1,-68.19647636989107,2.1696205039569607
2025-03-28 19:31:45.646448+00:00,17,-60.5,3.69996166,L1,-67.46434965586496,2.3151940870340484
2025-03-28 19:31:46.247562+00:00,9,-68.0,0.073631078,L1,-67.51530335304834,2.1019655806826263
2025-03-28 19:31:46.387214+00:00,17,-61.5,4.16629182,L1,-66.94309809101313,2.298334453139023
2025-03-28 19:31:46.657437+00:00,25,-69.5,4.086524819,L1,-67.18632318557442,2.468435922174553
2025-03-28 19:31:47.290376+00:00,9,-69.0,0.061359232,L1,-67.35884905101696,2.239462939827718
2025-03-28 19:31:47.458001+00:00,17,-61.5,3.411573272,L1,-66.80152649222475,2.3509598437236154
2025-03-28 19:31:47.667861+00:00,25,-69.0,4.123340358,L1,-67.0106561130999,2.5195574018557396
2025-03-28 19:31:48.234045+00:00,9,-69.0,0.012271846,L1,-67.1998922951099,2.2810520589852303
2025-03-28 19:31:48.338564+00:00,17,-62.5,3.83495197,L1,-66.75281540727357,2.428866666777116
2025-03-28 19:31:48.557116+00:00,25,-70.0,3.969942279,L1,-67.0617035882784,2.575461364146409
2025-03-28 19:31:48.997640+00:00,9,-69.0,0.061359232,L1,-67.2460838831988,2.3363075949912524
2025-03-28 19:31:49.137101+00:00,17,-61.5,3.620194659,L1,-66.69948810217224,2.4584372517781903
2025-03-28 19:31:49.723941+00:00,9,-69.5,6.258641615,L1,-66.96588657793211,2.8199313953131084
2025-03-28 19:31:49.850591+00:00,17,-60.5,3.687689814,L1,-66.35081962173093,2.902476847182407
2025-03-28 19:31:50.110932+00:00,25,-69.5,4.074252973,L1,-66.65038515948805,3.0139419597208494
2025-03-28 19:31:50.721773+00:00,9,-70.0,0.049087385,L1,-66.96901700982703,2.7319103996390477
2025-03-28 19:31:50.832505+00:00,17,-62.5,3.669282045,L1,-66.54390211547636,2.8210778042636755
2025-03-28 19:31:51.503319+00:00,9,-69.5,6.178874614,L1,-66.82510069608317,3.1404879637906262
2025-03-28 19:31:51.627882+00:00,17,-62.0,3.841087893,L1,-66.3661133688609,3.207132477390825
2025-03-28 19:31:52.238060+00:00,9,-68.0,6.252505691,L1,-66.52153670715933,3.4968233667133175
2025-03-28 19:31:52.429618+00:00,17,-61.0,3.755184969,L1,-65.9963009587241,3.5213999939715825
2025-03-28 19:31:53.148806+00:00,17,-61.5,3.798136431,L1,-65.56859068086166,3.547724525950906
2025-03-28 19:31:53.713502+00:00,9,-69.5,0.018407769,L1,-65.94256568558589,3.211998544829213
2025-03-28 19:31:53.858592+00:00,17,-62.0,4.068117049,L1,-65.56752943237369,3.293436750737773
2025-03-28 19:31:54.062803+00:00,25,-69.5,4.307418052,L1,-65.9416053882778,3.3898916429020143
2025-03-28 19:31:54.640209+00:00,9,-70.5,0.312932081,L1,-66.37522232003725,3.097196104663302
2025-03-28 19:31:54.757144+00:00,17,-61.0,3.331806271,L1,-65.86390471625933,3.119513378430051
2025-03-28 19:31:55.629766+00:00,9,-68.5,0.110446617,L1,-66.11466307443705,2.8332761375388094
2025-03-28 19:31:55.822755+00:00,17,-61.5,3.522019889,L1,-65.6756936095521,2.8987928331556336
2025-03-28 19:31:56.377495+00:00,9,-69.5,0.067495155,L1,-66.03948045654222,2.629465862440051
2025-03-28 19:31:56.566224+00:00,17,-61.0,3.785864585,L1,-65.56010027133189,2.7394682006927016
2025-03-28 19:31:57.328712+00:00,17,-61.5,3.914718971,L1,-65.17388354982103,2.8512638385163354
2025-03-28 19:31:58.003809+00:00,17,-61.5,3.657010198,L1,-64.82440566380834,2.9279103980918633
2025-03-28 19:31:58.259611+00:00,25,-70.5,4.301282129,L1,-65.36429613218603,3.0585522768337636
2025-03-28 19:31:58.688702+00:00,9,-69.5,6.160466844,L1,-65.75770463991314,3.353621658000864
2025-03-28 19:31:58.816291+00:00,17,-61.5,3.871767509,L1,-65.3526908182595,3.4029102416475387
2025-03-28 19:31:59.026889+00:00,17,-62.0,3.902447124,L1,-65.03376636577468,3.4504286486037086
2025-03-28 19:31:59.420500+00:00,9,-69.0,0.0,L1,-65.41105403075505,3.1222068926335647
2025-03-28 19:31:59.575298+00:00,17,-61.0,3.571107274,L1,-64.99145286026301,3.1649085063844766
2025-03-28 19:32:00.109073+00:00,9,-69.0,0.239301003,L1,-65.37276559415356,2.8866103209028426
2025-03-28 19:32:00.252741+00:00,17,-62.0,3.436116965,L1,-65.05193153017818,2.9388820975459593
2025-03-28 19:32:00.734901+00:00,9,-68.5,0.0,L1,-65.37992877432582,2.659321167330502
2025-03-28 19:32:00.869704+00:00,17,-62.0,3.650874275,L1,-65.05841331339546,2.7536425793291595
2025-03-28 19:32:01.082701+00:00,25,-67.5,0.975611781,L1,-65.29066905644781,2.5845075383733858
2025-03-28 19:32:01.549227+00:00,9,-70.0,3.675417968,L1,-65.7386437949959,2.68828030787061
2025-03-28 19:32:01.672678+00:00,17,-63.0,4.141748127,L1,-65.47813051768644,2.8265413207548407
2025-03-28 19:32:01.947834+00:00,25,-69.0,3.669282045,L1,-65.81314807738885,2.906706966391714
2025-03-28 19:32:02.394862+00:00,9,-70.5,4.043573357,L1,-66.2589845008239,3.0148512930914904
2025-03-28 19:32:02.549453+00:00,17,-62.5,3.638602429,L1,-65.90141139348718,3.0741855712250485
2025-03-28 19:32:03.829718+00:00,17,-66.5,4.304350091,L1,-65.95835208797534,3.191204875181984
2025-03-28 19:32:04.349816+00:00,9,-70.0,4.693981211,L1,-66.34281353024701,3.334156356868799
2025-03-28 19:32:04.516876+00:00,17,-63.0,3.307262579,L1,-66.02482865401363,3.3315980883474836
2025-03-28 19:32:04.832821+00:00,25,-69.0,4.239922898,L1,-66.30784159615541,3.418002414991369
2025-03-28 19:32:14.122207+00:00,9,-70.5,1.214912784,L1,-66.7066203372175,3.2084336857448816
2025-03-28 19:32:14.250775+00:00,17,-60.0,6.246369768,L1,-66.06865360094048,3.497417118526855
2025-03-28 19:32:14.422370+00:00,25,-63.5,3.522019889,L1,-65.82431062757662,3.4997574551484205
2025-03-28 19:32:14.673126+00:00,25,-64.5,6.270913461,L1,-65.69833568246104,3.763363453978688
2025-03-28 19:32:14.927993+00:00,1,-56.5,3.920854894,L1,-64.82334471839003,3.7783448149220527
2025-03-28 19:32:14.998704+00:00,9,-62.5,1.392854555,L1,-64.60233673333795,3.551425240080799
2025-03-28 19:32:15.247782+00:00,17,-58.0,6.252505691,L1,-63.97428996674298,3.8083653072159436
2025-03-28 19:32:15.458426+00:00,25,-63.0,3.712233507,L1,-63.88161070967796,3.7992207772213256
2025-03-28 19:32:15.723045+00:00,1,-59.0,0.981747704,L1,-63.417247871819704,3.5312088709715157
2025-03-28 19:32:15.910426+00:00,9,-65.0,2.018718717,L1,-63.567807044514666,3.3873333630907947
2025-03-28 19:32:16.101717+00:00,17,-58.5,6.197282383,L1,-63.085732294833505,3.654629544356372
2025-03-28 19:32:16.303952+00:00,25,-64.0,3.325670348,L1,-63.17270193894945,3.6233373264708346
2025-03-28 19:32:16.586446+00:00,1,-58.5,1.018563243,L1,-62.72821153160612,3.375558395024671
2025-03-28 19:32:16.735274+00:00,9,-64.0,1.748738098,L1,-62.849190310427616,3.2208072412069133
2025-03-28 19:32:16.967751+00:00,17,-58.0,6.19114646,L1,-62.38791146051837,3.503360527626474
2025-03-28 19:32:17.155658+00:00,25,-62.0,3.362485887,L1,-62.35101141310432,3.489959838428976
2025-03-28 19:32:17.462397+00:00,1,-59.0,0.68108747,L1,-62.032246713903795,3.222766073551447
2025-03-28 19:32:17.643381+00:00,9,-62.5,1.932815793,L1,-62.07674170874608,3.100059653765581
2025-03-28 19:32:17.843172+00:00,17,-58.0,6.062292074,L1,-61.68894197179955,3.381841781604802
2025-03-28 19:32:18.081598+00:00,25,-63.5,2.662990648,L1,-61.861218725419796,3.313461123610799
2025-03-28 19:32:18.359951+00:00,1,-59.0,0.638136008,L1,-61.58904551741797,3.0589710307372417
2025-03-28 19:32:18.660629+00:00,1,-57.0,0.932660319,L1,-61.15251292064532,2.856705890193937
2025-03-28 19:32:18.860979+00:00,9,-63.0,1.705786636,L1,-61.328254984914146,2.747224785942086
2025-03-28 19:32:18.954935+00:00,17,-59.0,6.019340612,L1,-61.1067799111421,3.0584845485808407
2025-03-28 19:32:19.171845+00:00,25,-63.0,3.325670348,L1,-61.28687232437148,3.0839005769027494
2025-03-28 19:32:19.476353+00:00,1,-60.0,4.04970928,L1,-61.16445869492707,3.1757730544252407
2025-03-28 19:32:19.725682+00:00,9,-63.5,4.767612289,L1,-61.386626879335694,3.327196637406935
2025-03-28 19:32:19.880234+00:00,17,-59.5,0.104310694,L1,-61.207161644647655,3.0206198635140704
2025-03-28 19:32:20.065710+00:00,25,-64.0,3.657010198,L1,-61.47283017528236,3.0811564444261004
2025-03-28 19:32:20.322639+00:00,1,-58.5,3.841087893,L1,-61.19003993682112,3.1534448641761443
2025-03-28 19:32:20.517310+00:00,9,-61.5,1.589204096,L1,-61.2195248636456,3.004646583157179
2025-03-28 19:32:20.722694+00:00,17,-58.5,0.239301003,L1,-60.96083027318903,2.7415933006177187
2025-03-28 19:32:20.904122+00:00,25,-63.0,3.534291735,L1,-61.15480613434062,2.816998677336059
2025-03-28 19:32:21.306905+00:00,9,-64.0,1.779417714,L1,-61.42545497880811,2.718298869158561
2025-03-28 19:32:21.516408+00:00,17,-59.5,0.171805848,L1,-61.24229622418742,2.476063919217327
2025-03-28 19:32:21.679602+00:00,25,-62.5,3.614058736,L1,-61.36193519772612,2.5843155873688928
2025-03-28 19:32:22.140822+00:00,9,-63.0,1.748738098,L1,-61.51775598422833,2.504831343890696
2025-03-28 19:32:22.340952+00:00,17,-58.5,6.240233845,L1,-61.230692181696554,2.8601612153446148
2025-03-28 19:32:22.468591+00:00,17,-59.5,0.144194194,L1,-61.06606022295425,2.601805064359314
2025-03-28 19:32:22.657014+00:00,25,-62.5,3.442252888,L1,-61.202463632359,2.681752598005095
2025-03-28 19:32:24.415726+00:00,17,-66.0,1.521708942,L1,-61.6588289049911,2.5714035357429124
2025-03-28 19:32:24.619476+00:00,25,-66.5,4.84737929,L1,-62.11934492765936,2.7879055517779285
2025-03-28 19:32:25.455559+00:00,17,-66.5,0.202485464,L1,-62.53605439960422,2.5419676676619085
2025-03-28 19:32:26.191860+00:00,17,-62.0,2.607767339,L1,-62.48506226666885,2.548226856263761
2025-03-28 19:32:26.394222+00:00,17,-63.5,5.307573526,L1,-62.58160813935893,2.810709492917509
2025-03-28 19:32:26.971773+00:00,17,-64.0,2.417553722,L1,-62.716532554428845,2.7733105808859415
2025-03-28 19:32:27.656237+00:00,17,-65.0,2.08314591,L1,-62.93374721701555,2.7076587204197375
2025-03-28 19:32:28.312291+00:00,17,-64.0,2.245747873,L1,-63.03517442979991,2.663719487100682
2025-03-28 19:32:28.881920+00:00,9,-71.0,1.773281791,L1,-63.792827840689796,2.5790166707377282
2025-03-28 19:32:29.021897+00:00,17,-65.5,5.031456984,L1,-63.95522245913781,2.812304864179025
2025-03-28 19:32:29.557441+00:00,9,-69.5,1.589204096,L1,-64.48266899006721,2.6959574990414854
2025-03-28 19:32:29.729503+00:00,17,-67.0,5.016117176,L1,-64.72212990596603,2.9166625072759143
2025-03-28 19:32:30.583989+00:00,9,-70.0,2.000310947,L1,-65.22418688684202,2.8294946366052858
2025-03-28 19:32:30.717816+00:00,17,-68.0,4.960893868,L1,-65.48823589264143,3.032243822183963
2025-03-28 19:32:31.258454+00:00,9,-70.0,1.583068173,L1,-65.91741710131225,2.8943911016308856
2025-03-28 19:32:31.424070+00:00,17,-67.0,5.046796792,L1,-66.02039771507869,3.0991385249804213
2025-03-28 19:32:31.930625+00:00,9,-70.0,1.448077864,L1,-66.39895707191343,2.942081508432788
2025-03-28 19:32:32.076057+00:00,17,-67.0,4.853515213,L1,-66.45613123354978,3.123906490435358
2025-03-28 19:32:32.760983+00:00,17,-67.0,5.092816216,L1,-66.50786670752164,3.3111988744505987
2025-03-28 19:32:33.237272+00:00,9,-70.5,4.258330667,L1,-66.88761807547249,3.4012947123145385
2025-03-28 19:32:33.416688+00:00,17,-65.0,5.028389023,L1,-66.70805855332928,3.556071931660398
2025-03-28 19:32:33.887699+00:00,9,-69.5,3.920854894,L1,-66.97364176559563,3.5907718824898516
2025-03-28 19:32:34.019294+00:00,17,-63.0,1.34376717,L1,-66.59564940269667,3.3770257345424057
2025-03-28 19:32:34.193163+00:00,17,-60.5,0.269980619,L1,-66.01580122889341,3.0814683103613847
2025-03-28 19:32:34.876804+00:00,17,-60.5,5.190990986,L1,-65.49111106737908,3.282136490280736
2025-03-28 19:32:35.480269+00:00,9,-67.5,5.166447294,L1,-65.68220647034607,3.4613814084564773
2025-03-28 19:32:35.585305+00:00,17,-67.5,0.95413605,L1,-65.85512393801653,3.2228798893673822
2025-03-28 19:32:35.721940+00:00,17,-67.0,3.95153451,L1,-65.9640301840809,3.2921931032999643
2025-03-28 19:32:36.145013+00:00,9,-70.0,3.417709195,L1,-66.34795149790358,3.304132811729224
2025-03-28 19:32:36.269944+00:00,17,-63.5,1.877592484,L1,-66.07704033388403,3.1684332743633514
2025-03-28 19:32:36.853298+00:00,9,-65.5,0.944932165,L1,-66.02214941714833,2.9569229048293866
2025-03-28 19:32:37.738918+00:00,17,-71.5,0.104310694,L1,-66.54322952641913,2.685568390856429
2025-03-28 19:32:42.067499+00:00,9,-72.0,5.215534679,L1,-67.06230439194037,2.926231236609152
2025-03-28 19:32:46.028916+00:00,17,-71.5,0.865165164,L1,-67.48443984039477,2.730172487272031
2025-03-28 19:32:46.781854+00:00,17,-71.0,1.073786552,L1,-67.81885722626686,2.572608904422926
2025-03-28 19:32:48.927154+00:00,17,-72.0,0.773126317,L1,-68.21658810637412,2.401433263703441
2025-03-28 19:32:49.645796+00:00,17,-71.0,4.129476281,L1,-68.48135994557262,2.565813220888906
2025-03-28 19:32:50.427736+00:00,17,-71.5,0.987883627,L1,-68.7685078452131,2.415712791392119
2025-03-28 19:32:51.651258+00:00,17,-71.5,0.6626797,L1,-69.02834082330571,2.2489556553582264
2025-03-28 19:32:52.341161+00:00,17,-71.5,0.724038932,L1,-69.26345720963138,2.103898071034209
2025-03-28 19:32:53.225498+00:00,17,-72.5,0.497009775,L1,-69.57133309002587,1.951042947255425
2025-03-28 19:32:54.499766+00:00,9,-73.0,5.037592907,L1,-69.89748476230687,2.2446507713403627
2025-03-28 19:32:54.660081+00:00,17,-72.5,1.104466167,L1,-70.14504882122469,2.1361907998182352
2025-03-28 19:32:57.129866+00:00,9,-69.5,2.080077948,L1,-70.08368860243723,2.130853069167371
2025-03-28 19:32:57.943702+00:00,9,-71.5,5.350524988,L1,-70.21841511361916,2.437124109223387
2025-03-28 19:32:59.352336+00:00,9,-63.5,1.374446786,L1,-69.57932640015724,2.336037011769813
2025-03-28 19:33:00.188815+00:00,9,-68.0,1.448077864,L1,-69.42909309957317,2.251569967123438
2025-03-28 19:33:00.788214+00:00,9,-66.5,1.570796327,L1,-69.15046334702608,2.1868114277257584
2025-03-28 19:33:01.620685+00:00,9,-67.5,1.552388557,L1,-68.99346314992174,2.1264620016503986
2025-03-28 19:33:01.817771+00:00,17,-70.5,5.190990986,L1,-69.13677235023414,2.4179750821691313
2025-03-28 19:33:02.257660+00:00,9,-67.5,1.656699251,L1,-68.98107450813137,2.3455587781296146
2025-03-28 19:33:03.094705+00:00,9,-65.5,1.853048792,L1,-68.6499375671649,2.298708804128356
2025-03-28 19:33:03.766873+00:00,9,-67.0,4.78908802,L1,-68.49298738482884,2.5356059327200917
2025-03-28 19:33:04.425512+00:00,9,-64.5,1.822369176,L1,-68.1131547714098,2.4677593418891712
2025-03-28 19:33:05.137256+00:00,9,-66.0,1.466485633,L1,-67.91214108866362,2.3725132584579693
2025-03-28 19:33:06.043546+00:00,9,-67.0,1.632155558,L1,-67.82537373877658,2.3020867899701627
2025-03-28 19:33:06.704680+00:00,9,-67.0,5.013049215,L1,-67.7468601262773,2.559966879121516
2025-03-28 19:33:07.360896+00:00,9,-66.0,1.711922559,L1,-67.58069019306829,2.479296729340732
2025-03-28 19:33:08.049424+00:00,9,-66.5,1.687378867,L1,-67.47788962277622,2.4039656044769377
2025-03-28 19:33:08.795682+00:00,9,-67.5,5.006913292,L1,-67.47999287068441,2.6515708001510787
2025-03-28 19:33:09.653236+00:00,9,-67.0,4.942486099,L1,-67.4343335863132,2.869493939199698
2025-03-28 19:33:10.309078+00:00,9,-67.0,1.764077906,L1,-67.39301763780512,2.7643413252944216
2025-03-28 19:33:10.999386+00:00,9,-66.5,1.859184715,L1,-67.30806940468884,2.6782383733672686
2025-03-28 19:33:11.559943+00:00,9,-66.0,4.899534637,L1,-67.1836394046332,2.8895390071231466
2025-03-28 19:33:12.110404+00:00,9,-66.5,1.638291481,L1,-67.11860825961014,2.7705141838323937
2025-03-28 19:33:12.735377+00:00,9,-65.0,1.398990479,L1,-66.91707581422442,2.6400480984267727
2025-03-28 19:33:13.576528+00:00,9,-66.0,1.270136092,L1,-66.82983904895345,2.5097353257062296
2025-03-28 19:33:14.222045+00:00,9,-66.5,4.638757903,L1,-66.79846313515826,2.7122584322489987
2025-03-28 19:33:14.416912+00:00,17,-70.5,4.859651136,L1,-67.15057154060467,2.916528995637637
2025-03-28 19:33:14.914863+00:00,9,-66.0,0.073631078,L1,-67.04112351258087,2.6460985530465626
2025-03-28 19:33:15.499896+00:00,1,-58.5,5.822991071,L1,-66.22864980488909,2.9483002059319148
2025-03-28 19:33:16.186853+00:00,25,-72.5,0.693359316,L1,-66.82521150286126,2.7337991297245328
2025-03-28 19:33:16.957713+00:00,25,-72.0,0.539961237,L1,-67.3174628548758,2.525110471358789
2025-03-28 19:33:17.224534+00:00,25,-71.5,0.337475773,L1,-67.71532637445284,2.317011891373067
2025-03-28 19:33:19.839172+00:00,25,-72.0,3.945398586,L1,-68.12290561876067,2.4719120486405175
2025-03-28 19:33:29.291457+00:00,25,-72.5,0.754718548,L1,-68.53927638024234,2.3085641508803976
2025-03-28 19:33:32.404535+00:00,9,-69.5,1.552388557,L1,-68.63066513960894,2.236633006515013
2025-03-28 19:33:33.158803+00:00,9,-66.5,4.970097753,L1,-68.42798578445411,2.4966536272389876
2025-03-28 19:33:33.656854+00:00,9,-68.0,4.822835597,L1,-68.38727367010257,2.7179315056063498
2025-03-28 19:33:34.395490+00:00,9,-67.5,5.148039524,L1,-68.30287183146581,2.949095341240802
2025-03-28 19:33:34.951989+00:00,9,-67.5,5.111223985,L1,-68.2264987111437,3.1547676597729115
2025-03-28 19:33:35.605798+00:00,9,-68.0,5.074408446,L1,-68.20495303891929,3.3373733397779994
2025-03-28 19:33:36.246567+00:00,9,-67.5,5.114291947,L1,-68.13789443609781,3.5064025836414827
2025-03-28 19:33:36.981783+00:00,9,-68.5,5.117359908,L1,-68.17233969960982,3.6596447734221202
2025-03-28 19:33:37.679738+00:00,9,-67.0,1.856116753,L1,-68.06082097715917,3.4880843112042417
2025-03-28 19:33:38.238241+00:00,9,-67.5,4.957825906,L1,-68.00747292546636,3.627893365728932
2025-03-28 19:33:38.888586+00:00,9,-68.0,5.135767678,L1,-68.00676206401447,3.77132979202806
2025-03-28 19:33:39.561819+00:00,9,-68.0,1.889864331,L1,-68.00611882320271,3.592355536853805
2025-03-28 19:33:40.158889+00:00,9,-67.5,4.967029791,L1,-67.95797430963674,3.7231213180170717
2025-03-28 19:33:41.854036+00:00,9,-67.5,5.135767678,L1,-67.91440953916714,3.8574991927851894
2025-03-28 19:33:42.586280+00:00,9,-68.0,4.957825906,L1,-67.92255132507546,3.96216768552401
2025-03-28 19:33:43.241516+00:00,9,-68.5,4.957825906,L1,-67.97748108522079,4.056879596058071
2025-03-28 19:33:43.993112+00:00,9,-68.5,1.705786636,L1,-68.02718565621832,3.8332320616824433
2025-03-28 19:33:44.760467+00:00,9,-67.0,5.123495832,L1,-67.92947470081928,3.95596830215785
2025-03-28 19:33:45.458526+00:00,9,-60.5,5.804583301,L1,-67.22274649960715,4.13181765967991
2025-03-28 19:33:46.077676+00:00,9,-67.5,0.589048623,L1,-67.24912021719862,3.7948120314991303
2025-03-28 19:33:46.583754+00:00,9,-62.5,0.012271846,L1,-66.79736052709956,3.434998191495665
2025-03-28 19:33:47.555931+00:00,17,-71.0,0.030679616,L1,-67.19713627903778,3.111162652632094
2025-03-28 19:33:48.219264+00:00,17,-73.5,0.018407769,L1,-67.79669569869763,2.8169645856465104
2025-03-28 19:33:50.089805+00:00,9,-72.0,0.122718463,L1,-68.19653469238571,2.5606746334550397
2025-03-28 19:33:55.806854+00:00,9,-70.5,0.294524311,L1,-68.4156516500389,2.3451072608535393
2025-03-28 19:33:56.520616+00:00,9,-64.0,0.742446701,L1,-67.99561313137119,2.1926543001490617
2025-03-28 19:33:57.470157+00:00,17,-66.0,1.438873979,L1,-67.8057805879622,2.120951005915348
2025-03-28 19:33:58.304663+00:00,9,-71.5,4.786020058,L1,-68.1571929212816,2.3744654915462355
2025-03-28 19:33:58.428371+00:00,17,-64.5,1.491029326,L1,-67.8093027300063,2.2904286952309616
2025-03-28 19:33:58.923646+00:00,9,-70.5,4.798291905,L1,-68.06525509786607,2.5289889873779545
2025-03-28 19:33:59.070932+00:00,17,-66.0,4.635689941,L1,-67.86879786782825,2.729388751210651
2025-03-28 19:33:59.746560+00:00,9,-71.0,5.056000677,L1,-68.16665322633122,2.9507075291116602
2025-03-28 19:33:59.892873+00:00,17,-64.5,1.282407939,L1,-67.81786312427623,2.7920106607755284
2025-03-28 19:34:00.540863+00:00,9,-70.5,4.835107443,L1,-68.07300118529903,2.9863600827669052
2025-03-28 19:34:00.664531+00:00,17,-64.0,1.319223478,L1,-67.68555726535355,2.8277738433209483
2025-03-28 19:34:01.236376+00:00,9,-71.5,2.073942025,L1,-68.04840583285538,2.7560656504227774
2025-03-28 19:34:01.358174+00:00,17,-64.0,1.291611823,L1,-67.66330154389198,2.616759594356851
2025-03-28 19:34:01.910972+00:00,9,-70.5,1.656699251,L1,-67.93314226318877,2.525433929106135
2025-03-28 19:34:02.062020+00:00,17,-64.5,1.242524438,L1,-67.60656487328244,2.4033972638668795
2025-03-28 19:34:02.545536+00:00,9,-70.5,5.043728831,L1,-67.88180266394394,2.6545585981719566
2025-03-28 19:34:02.675055+00:00,17,-64.0,1.135145783,L1,-67.51254648842362,2.5100245726847015
2025-03-28 19:34:03.204507+00:00,9,-71.5,1.214912784,L1,-67.89185269258131,2.3868271648403994
2025-03-28 19:34:03.330672+00:00,17,-65.0,1.346835132,L1,-67.61676543084354,2.2878980038644308
2025-03-28 19:34:03.879050+00:00,9,-71.5,0.809941856,L1,-67.98615781623548,2.1473075406200444
2025-03-28 19:34:04.467401+00:00,9,-70.5,1.043106936,L1,-68.22528685781727,2.042270544263571
2025-03-28 19:34:04.596814+00:00,17,-63.5,1.34376717,L1,-67.7757943141697,1.975825465289218
2025-03-28 19:34:05.184766+00:00,9,-72.0,4.393320977,L1,-68.17762155043012,2.2057895372095846
2025-03-28 19:34:05.297298+00:00,17,-65.0,1.503301172,L1,-67.8753505483873,2.138965386282431
2025-03-28 19:34:05.850053+00:00,9,-72.5,1.668971097,L1,-68.31526996662214,2.0942572161869175
2025-03-28 19:34:05.979025+00:00,17,-65.5,4.669437518,L1,-68.04746763071567,2.3392210414620163
2025-03-28 19:34:06.496970+00:00,9,-70.0,4.871922982,L1,-68.23320211999263,2.580144115935301
2025-03-28 19:34:06.652474+00:00,17,-63.5,1.294679785,L1,-67.78295663764824,2.4578644217566437
2025-03-28 19:34:07.332673+00:00,9,-71.5,5.074408446,L1,-68.13654009746037,2.7067629679004144
2025-03-28 19:34:07.472557+00:00,17,-66.0,4.577398671,L1,-67.93330188739833,2.8847070431967428
2025-03-28 19:34:08.814886+00:00,9,-72.0,1.073786552,L1,-68.32014622804529,2.712443372773244
2025-03-28 19:34:09.564258+00:00,9,-70.5,0.251572849,L1,-68.52750464801395,2.4783532562148793
2025-03-28 19:34:10.242205+00:00,9,-68.0,3.730641276,L1,-68.47732580953148,2.5974770563840406
2025-03-28 19:34:10.864463+00:00,9,-69.0,3.607922813,L1,-68.52704515111684,2.6935956301395816
2025-03-28 19:34:11.562748+00:00,9,-68.5,0.46633016,L1,-68.52447248322711,2.4817271760805015
2025-03-28 19:34:12.324814+00:00,9,-69.0,0.582912699,L1,-68.56970700115592,2.301102597107958
2025-03-28 19:34:13.011660+00:00,9,-70.5,0.6626797,L1,-68.75332597205504,2.1452477468625997
2025-03-28 19:34:13.622481+00:00,9,-70.0,0.423378697,L1,-68.87191574168845,1.9814550878475503
2025-03-28 19:34:14.275962+00:00,9,-71.0,3.749049046,L1,-69.07434959071125,2.1495973251958715
2025-03-28 19:34:15.033353+00:00,9,-69.0,0.601320469,L1,-69.06727709169616,2.0023176100584057
2025-03-28 19:34:15.636743+00:00,9,-70.0,0.613592315,L1,-69.15600228557052,1.8702152247247323
2025-03-28 19:34:16.251930+00:00,9,-71.0,0.515417545,L1,-69.3314124242731,1.7413402011523877
2025-03-28 19:34:16.752492+00:00,9,-67.5,0.886640895,L1,-69.15719946031464,1.6600369963446886
2025-03-28 19:34:18.033938+00:00,9,-67.0,0.380427235,L1,-68.95199602997309,1.5383142176415208
2025-03-28 19:34:18.356146+00:00,17,-66.0,6.148194998,L1,-68.67118763795875,1.9768287671756668
2025-03-28 19:34:18.825492+00:00,9,-70.0,5.559146375,L1,-68.79759081021402,2.3175964501006834
2025-03-28 19:34:18.994020+00:00,17,-69.0,0.484737929,L1,-68.81684496859893,2.143245926294342
2025-03-28 19:34:19.523755+00:00,9,-69.0,0.44792239,L1,-68.83426757666983,1.9819784071861932
2025-03-28 19:34:19.712690+00:00,17,-69.5,0.79767001,L1,-68.89759532149368,1.8693211633124753
2025-03-28 19:34:19.825925+00:00,17,-69.5,0.325203927,L1,-68.95489901953246,1.7224371316918528
2025-03-28 19:34:20.518528+00:00,17,-66.5,0.220893233,L1,-68.72137694184906,1.5796028854905009
2025-03-28 19:34:21.125882+00:00,9,-68.0,0.625864161,L1,-68.65275601654291,1.4888785637411865
2025-03-28 19:34:21.265434+00:00,17,-65.0,2.982058652,L1,-68.30528788548467,1.6309172031277028
2025-03-28 19:34:21.773748+00:00,9,-68.0,0.460194236,L1,-68.2762473991988,1.5195522722282617
2025-03-28 19:34:21.930928+00:00,17,-67.0,0.589048623,L1,-68.1548444649324,1.4310381852002931
2025-03-28 19:34:22.481815+00:00,9,-70.0,0.472466083,L1,-68.33036474123284,1.3398540887734711
2025-03-28 19:34:22.606829+00:00,17,-65.0,3.227495578,L1,-68.0135640550831,1.519415838148206
2025-03-28 19:34:23.237446+00:00,9,-70.0,0.754718548,L1,-68.20252361934669,1.4466740680902725
2025-03-28 19:34:23.381050+00:00,17,-66.5,0.392699082,L1,-68.04057119289999,1.3464147797774644
2025-03-28 19:34:23.990779+00:00,9,-70.0,0.625864161,L1,-68.22696170528606,1.2778724583890186
2025-03-28 19:34:24.150670+00:00,17,-66.5,0.450990352,L1,-68.06268460782123,1.1992153625383035
2025-03-28 19:34:24.685742+00:00,9,-70.0,0.570640853,L1,-68.24697158333836,1.1394222613645675
2025-03-28 19:34:24.829796+00:00,17,-64.0,3.742913122,L1,-67.84297874285386,1.3870791263386402
2025-03-28 19:34:25.391575+00:00,9,-70.5,0.533825314,L1,-68.09572768261917,1.3059134240171855
2025-03-28 19:34:25.533968+00:00,17,-65.5,0.217825272,L1,-67.84880928934815,1.2024091234573446
2025-03-28 19:34:26.115442+00:00,9,-69.0,0.288388388,L1,-67.95831621587438,1.1154629723157141
2025-03-28 19:34:26.272043+00:00,17,-65.0,3.043417883,L1,-67.67690661666933,1.2988595327610626
2025-03-28 19:34:26.772386+00:00,9,-69.0,4.246058821,L1,-67.802765771521,1.5792116350922107
2025-03-28 19:34:26.934344+00:00,17,-63.0,1.951223562,L1,-67.34590305225285,1.614599240612155
2025-03-28 19:34:27.702096+00:00,17,-66.0,5.97638915,L1,-67.21787412942474,2.029514165403129
2025-03-28 19:34:28.365538+00:00,17,-64.0,3.117048961,L1,-66.91177410394587,2.132965827976664
2025-03-28 19:34:29.063590+00:00,17,-62.0,3.344078118,L1,-66.44454197556146,2.2481727900650745
2025-03-28 19:34:29.688094+00:00,17,-62.0,3.000466421,L1,-66.02175526693266,2.319734663008171
2025-03-28 19:34:30.374260+00:00,17,-62.0,2.797980957,L1,-65.63918611097318,2.365227804407783
2025-03-28 19:34:31.041702+00:00,17,-62.5,2.368466336,L1,-65.34057127710969,2.365535869472798
2025-03-28 19:34:31.850703+00:00,17,-63.0,2.564815877,L1,-65.11792461700355,2.3844923646395033
2025-03-28 19:34:32.510417+00:00,17,-63.0,2.755029495,L1,-64.91645720306744,2.419739680252961
2025-03-28 19:34:33.137521+00:00,17,-61.5,3.049553806,L1,-64.59146697820324,2.479650699821829
2025-03-28 19:34:33.748656+00:00,17,-61.5,2.896155728,L1,-64.29739142312108,2.519270708128433
2025-03-28 19:34:34.406366+00:00,17,-61.0,3.006602344,L1,-63.98372732128389,2.5656280919654484
2025-03-28 19:34:35.271606+00:00,17,-61.0,3.190680039,L1,-63.69990049265953,2.625086109655872
2025-03-28 19:34:35.522556+00:00,17,-62.0,0.263844696,L1,-63.538197590934274,2.400473204423612
2025-03-28 19:34:36.052795+00:00,17,-62.0,3.074097499,L1,-63.39187666511836,2.464551662883974
2025-03-28 19:34:36.691507+00:00,17,-61.5,3.344078118,L1,-63.21191204496738,2.548216548299639
2025-03-28 19:34:37.380241+00:00,17,-65.5,0.297592273,L1,-63.42956623315608,2.3341260897223375
2025-03-28 19:34:38.627912+00:00,9,-70.0,0.171805848,L1,-64.05457823255261,2.128435545448934
2025-03-28 19:34:38.746712+00:00,17,-67.5,0.981747704,L1,-64.38232370934341,2.019356954004285
2025-03-28 19:34:39.304393+00:00,9,-70.5,6.277049384,L1,-64.96426718914516,2.424369614190548
2025-03-28 19:34:39.449561+00:00,9,-70.0,0.092038847,L1,-65.4432908798521,2.2025068319474768
2025-03-28 19:34:39.583030+00:00,17,-67.0,1.316155516,L1,-65.59137271344005,2.118192732177747
2025-03-28 19:34:40.043857+00:00,9,-69.5,6.227961999,L1,-65.96318057909366,2.5091342130092085
2025-03-28 19:34:40.597954+00:00,9,-70.0,6.234097922,L1,-66.34718271152447,2.8634710951773665
2025-03-28 19:34:41.161324+00:00,9,-71.5,5.884350302,L1,-66.83734405402927,3.1508319940147294
2025-03-28 19:34:41.276735+00:00,17,-65.0,4.26446659,L1,-66.66256684425309,3.2567663980637094
2025-03-28 19:34:41.827790+00:00,9,-69.5,5.638913376,L1,-66.9324774517957,3.483367943466935
2025-03-28 19:34:42.001526+00:00,17,-68.0,4.433204477,L1,-67.03402545089753,3.5737210696059014
2025-03-28 19:34:42.628346+00:00,9,-71.0,5.792311455,L1,-67.41128847042584,3.7847643069054624
2025-03-28 19:34:43.108824+00:00,9,-68.0,6.043884304,L1,-67.4672896087409,3.9996629203556036
2025-03-28 19:34:43.387949+00:00,17,-68.0,1.132077821,L1,-67.51796364314336,3.7268841115298867
2025-03-28 19:34:43.852815+00:00,9,-68.5,0.134990309,L1,-67.61137977496351,3.3852054938307106
2025-03-28 19:34:44.067466+00:00,17,-72.0,1.521708942,L1,-68.02884693143706,3.207940529741784
2025-03-28 19:34:44.590035+00:00,9,-71.0,5.890486225,L1,-68.31147763525247,3.463117479690898
2025-03-28 19:34:45.318718+00:00,17,-66.0,1.564660404,L1,-68.0915985055579,3.2825268984976534
2025-03-28 19:34:45.903562+00:00,9,-72.0,5.97638915,L1,-68.46338489275392,3.538780334976488
2025-03-28 19:34:46.333780+00:00,9,-70.0,5.749359993,L1,-68.60955528493247,3.749061552459979
2025-03-28 19:34:46.498285+00:00,17,-66.5,4.724660827,L1,-68.40888400305658,3.84186535732703
2025-03-28 19:34:47.069649+00:00,9,-71.5,0.153398079,L1,-68.70292617107378,3.4910001952780374
2025-03-28 19:34:47.312394+00:00,17,-66.0,1.567728365,L1,-68.44581052995295,3.308049112490924
2025-03-28 19:34:47.840323+00:00,9,-72.5,5.74322407,L1,-68.83146498695292,3.5396949403133706
2025-03-28 19:34:47.953194+00:00,17,-64.5,4.595806441,L1,-68.4194347180424,3.6401574644104504
2025-03-28 19:34:48.438629+00:00,9,-71.5,6.203418306,L1,-68.71247325011981,3.883987451961831
2025-03-28 19:34:48.590548+00:00,17,-66.5,4.871922982,L1,-68.50201190483591,3.977964742170576
2025-03-28 19:35:44.999329+00:00,9,-71.0,4.976233676,L2,-71.0,4.976233676
2025-03-28 19:35:49.032999+00:00,9,-66.5,1.089126359,L2,-70.72718388418689,4.552092662843176
2025-03-28 19:35:49.786588+00:00,9,-70.0,4.031301511,L2,-70.67921385959512,4.496661403284864
2025-03-28 19:35:50.400584+00:00,9,-68.0,0.911184588,L2,-70.49005243873012,4.1227209096039
2025-03-28 19:35:51.126548+00:00,9,-70.5,1.491029326,L2,-70.49079443770746,3.8527881689164207
2025-03-28 19:35:53.074717+00:00,1,-59.0,2.178252719,L2,-69.59458724511855,3.6833583507645353
2025-03-28 19:35:53.807590+00:00,1,-58.5,5.669592992,L2,-68.69729191315946,3.882092948596445
2025-03-28 19:35:54.414903+00:00,25,-71.5,4.675573441,L2,-68.93077500257701,3.9607621821556656
2025-03-28 19:35:54.623613+00:00,1,-59.5,5.221670602,L2,-68.12592255085735,4.084840901282822
2025-03-28 19:35:55.779648+00:00,1,-58.0,5.589825991,L2,-67.24452045262564,4.232031558026755
2025-03-28 19:35:59.145956+00:00,1,-60.5,4.939418137,L2,-66.64790260549158,4.3008685275724305
2025-03-28 19:36:00.710086+00:00,1,-58.5,2.270291566,L2,-65.91757121816178,4.1040814700001205
2025-03-28 19:36:01.383517+00:00,1,-59.5,5.080544369,L2,-65.33609599316678,4.1983938518491515
2025-03-28 19:36:01.918035+00:00,1,-59.0,2.245747873,L2,-64.75691184377156,4.01031606327791
2025-03-28 19:36:02.521880+00:00,25,-71.5,4.135612204,L2,-65.3777688634851,4.022357266092915
2025-03-28 19:36:03.348790+00:00,1,-59.0,1.859184715,L2,-64.78706518870098,3.8148566682206693
2025-03-28 19:36:04.064528+00:00,1,-59.0,5.190990986,L2,-64.2484713968582,3.9466612960021314
2025-03-28 19:36:04.249419+00:00,1,-59.0,5.264622064,L2,-63.75806456044995,4.072737528161389
2025-03-28 19:36:04.912692+00:00,1,-59.5,1.840776945,L2,-63.358906833350325,3.8594449100120936
2025-03-28 19:36:07.114636+00:00,1,-59.0,5.0621366,L2,-62.949209567588404,3.974281993246764
2025-03-28 19:36:07.867289+00:00,1,-58.5,2.25801972,L2,-62.530114609356524,3.8105190919394514
2025-03-28 19:36:08.662506+00:00,1,-59.0,5.491651221,L2,-62.19700181072209,3.9708404432919195
2025-03-28 19:36:09.984876+00:00,1,-58.5,5.381204604,L2,-61.84763229813313,4.105278534653923
2025-03-28 19:36:11.179164+00:00,1,-59.5,5.246214295,L2,-61.625514408769284,4.213993612155133
2025-03-28 19:36:13.240046+00:00,9,-70.0,4.368777284,L2,-62.41862877200128,4.228737794241655
2025-03-28 19:36:13.345902+00:00,17,-70.5,2.47277703,L2,-63.18459577570125,4.06151271577991
2025-03-28 19:36:13.831856+00:00,9,-64.5,5.460971605,L2,-63.309353837374466,4.1947597480036025
2025-03-28 19:36:14.072076+00:00,17,-70.0,5.988660996,L2,-63.94426109805316,4.365534197298532
2025-03-28 19:36:14.534686+00:00,9,-62.5,4.896466675,L2,-63.80714811090376,4.4160705447501885
2025-03-28 19:36:15.201427+00:00,9,-64.0,5.013049215,L2,-63.82546336194254,4.472887035190822
2025-03-28 19:36:15.413943+00:00,17,-67.0,0.184077695,L2,-64.12703961003746,4.064744145952275
2025-03-28 19:36:15.948914+00:00,9,-61.5,5.049864754,L2,-63.87741461921109,4.158485682713944
2025-03-28 19:36:16.193264+00:00,17,-68.0,5.755495916,L2,-64.26922576550295,4.310443652438348
2025-03-28 19:36:16.704831+00:00,9,-63.0,5.227806525,L2,-64.14857886547708,4.397727711093433
2025-03-28 19:36:16.912317+00:00,17,-67.5,0.193281579,L2,-64.46719204603264,3.9977050969914583
2025-03-28 19:36:17.357691+00:00,9,-62.5,5.129631755,L2,-64.28015461433836,4.105396065455643
2025-03-28 19:36:17.580638+00:00,17,-68.5,5.997864881,L2,-64.68140625647361,4.2854396470325264
2025-03-28 19:36:18.043158+00:00,9,-63.5,5.17871914,L2,-64.56906194548158,4.370421536449293
2025-03-28 19:36:18.281249+00:00,17,-69.5,6.099107613,L2,-65.03799104701822,4.534876525086978
2025-03-28 19:36:18.643689+00:00,9,-63.0,5.325981296,L2,-64.84416994769997,4.610135498317089
2025-03-28 19:36:18.864648+00:00,17,-68.5,2.620039186,L2,-65.19186786557998,4.420817044314942
2025-03-28 19:36:19.315784+00:00,9,-64.0,5.246214295,L2,-65.07850824695379,4.499336526248966
2025-03-28 19:36:19.501164+00:00,17,-68.0,6.138991113,L2,-65.35638136587156,4.655314449879575
2025-03-28 19:36:20.099784+00:00,9,-63.0,5.123495832,L2,-65.13225293357347,4.699851548825967
2025-03-28 19:36:20.336727+00:00,17,-69.0,6.031612458,L2,-65.50014228713265,4.82653841905691
2025-03-28 19:36:20.800785+00:00,9,-64.0,5.430291989,L2,-65.35745082806667,4.883971624688572
2025-03-28 19:36:21.020619+00:00,17,-68.0,6.188078498,L2,-65.60880946875528,5.008026801673925
2025-03-28 19:36:21.511826+00:00,9,-64.5,5.249282256,L2,-65.50333874189475,5.030976527920335
2025-03-28 19:36:21.683762+00:00,17,-65.0,5.614369684,L2,-65.45546042558854,5.086472389922317
2025-03-28 19:36:22.152487+00:00,9,-63.5,5.0621366,L2,-65.26945294730291,5.084157428165565
2025-03-28 19:36:22.362899+00:00,17,-69.0,0.009203885,L2,-65.62431228740071,4.601399173431495
2025-03-28 19:36:22.795880+00:00,9,-63.0,5.737088147,L2,-65.37467977236496,4.709432175460631
2025-03-28 19:36:23.055482+00:00,17,-69.0,6.000932842,L2,-65.71953243577259,4.832286706001531
2025-03-28 19:36:23.524144+00:00,9,-63.0,5.516194913,L2,-65.46084058946121,4.8973436941682325
2025-03-28 19:36:23.801970+00:00,9,-64.0,5.381204604,L2,-65.32187976614573,4.943371083805812
2025-03-28 19:36:23.992863+00:00,17,-68.5,6.080699843,L2,-65.624195491066,5.051559698032154
2025-03-28 19:36:24.334416+00:00,9,-63.0,5.301437603,L2,-65.37457093487434,5.075329369068024
2025-03-28 19:36:24.856646+00:00,9,-63.0,5.399612373,L2,-65.14869141965053,5.106176822769638
2025-03-28 19:36:25.109791+00:00,17,-69.5,6.025476535,L2,-65.56260726875502,5.193625271386977
2025-03-28 19:36:25.575280+00:00,9,-61.5,4.896466675,L2,-65.17615362889637,5.165358047302678
2025-03-28 19:36:25.793488+00:00,17,-69.5,0.128854386,L2,-65.58745781846588,4.686260532830032
2025-03-28 19:36:26.210748+00:00,9,-62.5,4.632621979,L2,-65.29376442901271,4.681158165251123
2025-03-28 19:36:26.724863+00:00,9,-62.0,4.718524904,L2,-64.98044603881871,4.684712675829475
2025-03-28 19:36:26.969493+00:00,17,-69.5,6.025476535,L2,-65.41036747687906,4.812252805898612
2025-03-28 19:36:27.451311+00:00,9,-67.5,1.494097287,L2,-65.60914331236154,4.496613373991795
2025-03-28 19:36:40.210037+00:00,17,-68.0,0.567572892,L2,-65.83657309163961,4.12286356211617
2025-03-28 19:36:41.626597+00:00,17,-71.0,0.484737929,L2,-66.3277431843234,3.776787037024826
2025-03-28 19:36:42.433131+00:00,17,-71.0,3.515883966,L2,-66.77219088698195,3.751968646402797
2025-03-28 19:36:44.032541+00:00,17,-69.0,0.44792239,L2,-66.98411091355278,3.4376714382412077
2025-03-28 19:36:44.738974+00:00,17,-70.0,6.056156151,L2,-67.27099697076174,3.68675463494453
2025-03-28 19:36:47.810813+00:00,17,-70.0,0.687223393,L2,-67.53059305479331,3.401424419534962
2025-03-28 19:36:50.410917+00:00,17,-67.5,3.638602429,L2,-67.52768289390968,3.423985961772911
2025-03-28 19:36:51.798016+00:00,17,-67.0,1.067650628,L2,-67.4774871148623,3.1998397259054268
2025-03-28 19:36:52.428061+00:00,17,-66.0,3.871767509,L2,-67.33694130287677,3.263756808770331
2025-03-28 19:36:53.189189+00:00,17,-67.0,0.911184588,L2,-67.3048897941792,3.039968545710499
2025-03-28 19:36:53.829483+00:00,17,-66.5,0.79767001,L2,-67.22832472792327,2.8266700614390508
2025-03-28 19:36:54.058327+00:00,25,-69.5,4.644893826,L2,-67.44441763178136,2.9996284624900644
2025-03-28 19:36:54.595232+00:00,17,-66.5,0.883572934,L2,-67.35457998816982,2.7983388384789114
2025-03-28 19:36:55.414575+00:00,17,-68.0,4.270602513,L2,-67.41597551088309,2.938387809613703
2025-03-28 19:36:56.036503+00:00,17,-67.5,4.276738437,L2,-67.42396833326234,3.0656983115728877
2025-03-28 19:36:56.233722+00:00,25,-69.0,4.835107443,L2,-67.57388821349844,3.234013220338566
2025-03-28 19:36:56.949595+00:00,25,-69.5,4.706253057,L2,-67.75710943780506,3.3740599221067464
2025-03-28 19:36:57.567241+00:00,17,-69.0,0.89584478,L2,-67.87533930074898,3.138319897076804
2025-03-28 19:36:58.199343+00:00,17,-67.0,4.025165587,L2,-67.79207272083676,3.2226810250131837
2025-03-28 19:37:01.714325+00:00,17,-66.0,4.123340358,L2,-67.62160194774317,3.3083561745197807
2025-03-28 19:37:01.908406+00:00,25,-71.0,2.221204181,L2,-67.94297179168606,3.20494092524008
2025-03-28 19:37:02.541070+00:00,17,-66.5,4.101864627,L2,-67.80570921510095,3.2902607228742817
2025-03-28 19:37:03.299888+00:00,17,-63.0,3.742913122,L2,-67.34856650782987,3.3333192472238493
2025-03-28 19:37:03.982791+00:00,17,-64.5,3.896311201,L2,-67.0775968443578,3.3868738131037364
2025-03-28 19:37:04.689759+00:00,17,-71.0,1.147417629,L2,-67.45071513474122,3.173845717659791
2025-03-28 19:37:05.147351+00:00,9,-69.0,4.331961745,L2,-67.598090735452,3.284011414679436
2025-03-28 19:37:05.989102+00:00,9,-70.0,5.872078456,L2,-67.82657216529101,3.53020109056396
2025-03-28 19:37:06.187411+00:00,25,-69.5,0.883572934,L2,-67.985756856618,3.278440793245761
2025-03-28 19:37:06.619177+00:00,9,-69.5,0.171805848,L2,-68.12979911683034,2.9829223860642924
2025-03-28 19:37:06.809526+00:00,9,-68.0,6.117515382,L2,-68.11745198601533,3.281100300563499
2025-03-28 19:37:07.377041+00:00,9,-66.5,2.865476112,L2,-67.96359199251631,3.2415640820190266
2025-03-28 19:37:07.998699+00:00,9,-64.5,2.448233337,L2,-67.63411807529886,3.166098556742119
2025-03-28 19:37:08.659534+00:00,9,-67.0,5.835262917,L2,-67.57379764298692,3.420002608404829
2025-03-28 19:37:09.451731+00:00,9,-68.5,0.165669925,L2,-67.66190256978238,3.110434465662258
2025-03-28 19:37:09.924930+00:00,9,-69.5,6.062292074,L2,-67.8367514441722,3.3912296904489887
2025-03-28 19:37:10.504332+00:00,9,-66.5,2.549476069,L2,-67.7095930674901,3.3111579428606412
2025-03-28 19:37:10.677015+00:00,9,-67.5,6.160466844,L2,-67.68965554331729,3.582198229834521
2025-03-28 19:37:11.347421+00:00,9,-69.0,6.123651305,L2,-67.8143019574234,3.8239537553629726
2025-03-28 19:37:12.058378+00:00,9,-69.0,0.202485464,L2,-67.92709139113758,3.4794618666551864
2025-03-28 19:37:12.419013+00:00,25,-71.0,3.890175278,L2,-68.21940158263813,3.51853094786855
2025-03-28 19:37:12.868647+00:00,9,-67.5,6.252505691,L2,-68.15096856325079,3.7786000820171233
2025-03-28 19:37:13.496761+00:00,9,-67.5,6.212622191,L2,-68.08904522948575,4.010136245237815
2025-03-28 19:37:15.008612+00:00,9,-66.0,5.905826033,L2,-67.89032496508842,4.190463588398291
2025-03-28 19:37:15.700673+00:00,9,-65.5,0.46633016,L2,-67.66294548934655,3.836205686581737
2025-03-28 19:37:16.083927+00:00,25,-70.5,1.043106936,L2,-67.93282007825455,3.5705123858558148
2025-03-28 19:37:16.551496+00:00,9,-70.0,0.202485464,L2,-68.1294604069841,3.2501290876978457
2025-03-28 19:37:17.058678+00:00,9,-67.0,5.694136685,L2,-68.02202057391196,3.4826151197004167
2025-03-28 19:37:17.602890+00:00,9,-68.0,6.148194998,L2,-68.019925868537,3.7361781976431754
2025-03-28 19:37:18.301564+00:00,9,-67.0,6.007068765,L2,-67.9229054998827,3.952196485676693
2025-03-28 19:37:18.573218+00:00,9,-67.5,5.921165841,L2,-67.88267664720735,4.139494541972053
2025-03-28 19:37:19.069477+00:00,9,-67.5,0.079767001,L2,-67.84627456100307,3.753313276400744
2025-03-28 19:37:19.733875+00:00,9,-65.5,5.669592992,L2,-67.62308537647172,3.9355992348272113
2025-03-28 19:37:20.180339+00:00,25,-69.0,3.93312674,L2,-67.75406427259279,3.9353640389496927
2025-03-28 19:37:21.873980+00:00,9,-67.5,0.282252465,L2,-67.72989642848714,3.587862085517559
2025-03-28 19:37:22.603645+00:00,9,-62.5,5.608233761,L2,-67.23240293881543,3.780049783504786
2025-03-28 19:37:23.336041+00:00,9,-62.5,6.197282383,L2,-66.78223347852735,4.009988845922633
2025-03-28 19:37:24.037332+00:00,9,-62.0,6.037748381,L2,-66.32732389203574,4.202879313476879
2025-03-28 19:37:24.668208+00:00,9,-62.5,0.042951462,L2,-65.96325000544732,3.807166501192197
2025-03-28 19:37:25.427068+00:00,9,-62.0,0.024543693,L2,-65.58624615792584,3.447344801710236
2025-03-28 19:37:26.088745+00:00,9,-62.5,6.185010537,L2,-65.2926672329679,3.707765041167222
2025-03-28 19:37:26.312962+00:00,9,-63.0,6.227961999,L2,-65.07457744132455,3.9474985801369713
2025-03-28 19:37:26.806543+00:00,9,-62.0,5.786175532,L2,-64.78210850212193,4.122402581715921
2025-03-28 19:37:27.502488+00:00,9,-63.0,6.056156151,L2,-64.6125855699119,4.30635073910841
2025-03-28 19:37:28.118545+00:00,9,-62.5,6.19114646,L2,-64.41162603241462,4.485641784992564
2025-03-28 19:37:28.638785+00:00,9,-64.0,0.024543693,L2,-64.37247013819946,4.061280177079635
2025-03-28 19:37:29.300377+00:00,9,-63.5,0.134990309,L2,-64.28947648438013,3.6877921597368033
2025-03-28 19:37:30.017211+00:00,9,-64.0,6.111379459,L2,-64.26194005639066,3.91833571247293
2025-03-28 19:37:30.236431+00:00,9,-64.0,0.21475731,L2,-64.23702302896507,3.5660331059184367
2025-03-28 19:37:30.848742+00:00,9,-62.0,0.202485464,L2,-64.0242263878844,3.2460758989299934
2025-03-28 19:37:32.237547+00:00,9,-65.0,5.635845415,L2,-64.11704677659961,3.47340253767851
2025-03-28 19:37:32.891737+00:00,9,-64.0,5.939573611,L2,-64.10591271110845,3.7079968685991376
2025-03-28 19:37:33.605184+00:00,9,-64.5,6.037748381,L2,-64.14340023371457,3.9296142994316505
2025-03-28 19:37:34.421540+00:00,9,-65.0,5.694136685,L2,-64.22488421964408,4.097464353677612
2025-03-28 19:37:35.230902+00:00,9,-63.5,5.553010452,L2,-64.15592966481138,4.235923062707936
2025-03-28 19:37:35.847083+00:00,9,-63.5,5.448699759,L2,-64.09353440662677,4.351288351312807
2025-03-28 19:37:36.535938+00:00,9,-65.5,5.80151534,L2,-64.22732433645336,4.489241080454112
2025-03-28 19:37:37.190809+00:00,9,-66.0,5.927301764,L2,-64.39594997063074,4.626036490768153
2025-03-28 19:37:37.722719+00:00,9,-66.0,5.884350302,L2,-64.54853510451444,4.745733493878516
2025-03-28 19:37:38.467608+00:00,9,-65.0,5.586758029,L2,-64.59148066747082,4.825735887158914
2025-03-28 19:37:39.605086+00:00,9,-65.0,5.798447378,L2,-64.63034103710191,4.918264991826935
2025-03-28 19:37:40.249013+00:00,9,-64.0,5.973321188,L2,-64.57037989513154,5.018627130164509
2025-03-28 19:37:40.765583+00:00,9,-64.5,6.031612458,L2,-64.56368501309872,5.114987280434154
2025-03-28 19:37:41.456292+00:00,9,-63.0,0.404970928,L2,-64.41493959823815,4.666947342419625
2025-03-28 19:37:42.179531+00:00,9,-68.5,6.080699843,L2,-64.80353065020869,4.8014304387257685
2025-03-28 19:37:43.652093+00:00,17,-70.0,3.681553891,L2,-65.29784439164006,4.6949022695045155
2025-03-28 19:37:45.007405+00:00,17,-71.0,0.699495239,L2,-65.84026149896034,4.314839487479373
2025-03-28 19:37:45.642927+00:00,17,-68.0,0.362019466,L2,-66.04570645535274,3.9388277913647918
2025-03-28 19:37:45.841870+00:00,17,-70.0,0.417242774,L2,-66.42185832024367,3.6038372913684236
2025-03-28 19:37:46.069252+00:00,25,-72.0,5.356660911,L2,-66.95247861228205,3.7705745014174408
2025-03-28 19:37:46.633612+00:00,17,-70.0,3.479068427,L2,-67.24237384649825,3.7428450088339704
2025-03-28 19:37:46.813491+00:00,25,-72.0,5.313709449,L2,-67.69494266312444,3.892273366134146
2025-03-28 19:37:47.427864+00:00,17,-69.0,0.104310694,L2,-67.81908614046436,3.531943712512626
2025-03-28 19:37:48.128218+00:00,17,-70.5,0.521553468,L2,-68.0741078621677,3.2455805753965743
2025-03-28 19:37:48.845917+00:00,17,-70.0,3.982214125,L2,-68.25730820150645,3.315652784324929
2025-03-28 19:37:51.821151+00:00,17,-71.0,0.355883543,L2,-68.51820654483276,3.0341049661872774
2025-03-28 19:37:52.076458+00:00,25,-71.5,5.902758072,L2,-68.80184941459368,3.306985369043894
2025-03-28 19:37:52.626999+00:00,17,-69.0,4.114136473,L2,-68.82069847356925,3.383765554827739
2025-03-28 19:37:54.067906+00:00,17,-69.5,0.693359316,L2,-68.88531697826677,3.1278408712849126
2025-03-28 19:37:55.032615+00:00,9,-71.0,4.61421421,L2,-69.08647603570573,3.2692320191521955
2025-03-28 19:37:55.672386+00:00,9,-67.0,0.926524396,L2,-68.88800016561173,3.0463821392954524
2025-03-28 19:37:56.359634+00:00,9,-67.5,0.813009818,L2,-68.75596675816008,2.833932771496672
2025-03-28 19:37:57.046458+00:00,9,-69.0,0.957204012,L2,-68.77918040124881,2.655409094685997
2025-03-28 19:37:57.749936+00:00,9,-68.5,1.01242732,L2,-68.75262338736377,2.4991205815667454
2025-03-28 19:37:58.502725+00:00,9,-71.0,0.539961237,L2,-68.96640491228362,2.3127557017831317
2025-03-28 19:37:59.240265+00:00,9,-71.0,0.859029241,L2,-69.1598504863263,2.174470085631772
2025-03-28 19:37:59.693513+00:00,9,-69.0,0.288388388,L2,-69.14464472128725,1.9950567113107818
2025-03-28 19:38:00.344260+00:00,9,-69.0,3.761320892,L2,-69.13088540346106,2.1630724536816723
2025-03-28 19:38:01.107655+00:00,9,-71.0,0.656543777,L2,-69.3086847836145,2.0197640308629885
2025-03-28 19:38:01.873289+00:00,9,-71.0,0.705631162,L2,-69.46957101160407,1.894757244250894
2025-03-28 19:38:05.830282+00:00,9,-67.5,5.951845457,L2,-69.28221572280593,2.280687443924218
2025-03-28 19:38:06.430879+00:00,9,-70.5,0.429514621,L2,-69.39805735715336,2.104594773585932
2025-03-28 19:38:06.908832+00:00,9,-60.0,1.69351479,L2,-68.50406788436104,2.065490822222862
2025-03-28 19:38:07.325192+00:00,25,-69.0,2.178252719,L2,-68.55124338816485,2.0762172888552586
2025-03-28 19:38:07.666408+00:00,9,-63.0,1.521708942,L2,-68.02318179401529,2.02346972562755
2025-03-28 19:38:08.130925+00:00,25,-68.0,1.865320638,L2,-68.0209766276684,2.0084258060069566
2025-03-28 19:38:08.495899+00:00,9,-62.5,2.055534256,L2,-67.49579415674943,2.0129069936367907
2025-03-28 19:38:08.745142+00:00,17,-69.0,0.147262156,L2,-67.63888162021922,1.8354376740281861
2025-03-28 19:38:08.911572+00:00,25,-70.5,5.190990986,L2,-67.91104528284997,2.1546344210040824
2025-03-28 19:38:09.413128+00:00,9,-62.5,2.147573103,L2,-67.39632002252918,2.153962713679921
2025-03-28 19:38:09.661174+00:00,17,-68.5,6.209554229,L2,-67.5013074942687,2.5397505401270926
2025-03-28 19:38:09.876330+00:00,25,-69.5,1.79168956,L2,-67.69143296292341,2.468591297761828
2025-03-28 19:38:10.255296+00:00,9,-62.0,1.877592484,L2,-67.15003584641359,2.412372581716892
2025-03-28 19:38:10.509622+00:00,17,-70.0,5.767767762,L2,-67.42113846414793,2.7315542864282385
2025-03-28 19:38:11.021818+00:00,9,-62.0,1.650563328,L2,-66.90545309074372,2.62872510585477
2025-03-28 19:38:11.253320+00:00,17,-71.0,0.042951462,L2,-67.29494654599948,2.3827535897445276
2025-03-28 19:38:11.453291+00:00,25,-69.0,5.27689391,L2,-67.45713962277023,2.658058461886307
2025-03-28 19:38:11.833119+00:00,9,-63.5,4.838175405,L2,-67.0807170249199,2.865441915990931
2025-03-28 19:38:12.037068+00:00,17,-70.0,0.073631078,L2,-67.35841359014006,2.5998711278650526
2025-03-28 19:38:12.193006+00:00,25,-69.5,5.184855063,L2,-67.56213183027536,2.8457675229949406
2025-03-28 19:38:12.607927+00:00,9,-62.5,1.803961407,L2,-67.08059693490588,2.7466657975004445
2025-03-28 19:38:12.863890+00:00,17,-70.5,6.166602767,L2,-67.4058673846655,3.0719870348749714
2025-03-28 19:38:13.170939+00:00,25,-69.5,4.970097753,L2,-67.60507158629927,3.252544668831788
2025-03-28 19:38:13.538644+00:00,9,-63.5,1.491029326,L2,-67.21457697196101,3.0849806592915456
2025-03-28 19:38:13.760125+00:00,17,-69.5,6.264777538,L2,-67.43197765917738,3.387458589267099
2025-03-28 19:38:13.963453+00:00,25,-69.0,5.264622064,L2,-67.58113566199927,3.566023618330701
2025-03-28 19:38:14.353958+00:00,9,-62.5,1.742602175,L2,-67.09779302861988,3.3925707958108773
2025-03-28 19:38:14.598708+00:00,17,-69.5,0.024543693,L2,-67.32630277933421,3.072187480454714
2025-03-28 19:38:14.776501+00:00,25,-69.5,5.123495832,L2,-67.5330755578419,3.267318027337005
2025-03-28 19:38:15.168378+00:00,9,-62.5,1.589204096,L2,-67.05430463812047,3.1076875705576006
2025-03-28 19:38:15.374242+00:00,17,-67.5,0.018407769,L2,-67.09670137464276,2.8138200704832013
2025-03-28 19:38:15.628610+00:00,25,-69.0,5.019185138,L2,-67.27775250787025,3.023605250451623
2025-03-28 19:38:16.042389+00:00,9,-62.0,1.613747789,L2,-66.7757067123689,2.8894926694386847
2025-03-28 19:38:16.263324+00:00,17,-67.5,6.178874614,L2,-66.84460505484002,3.202394870252843
2025-03-28 19:38:16.447186+00:00,25,-70.0,5.000777369,L2,-67.1447617527908,3.373465865122883
2025-03-28 19:38:16.827113+00:00,9,-61.5,1.607611866,L2,-66.6078042315032,3.2054891412414848
2025-03-28 19:38:17.097980+00:00,9,-62.5,1.718058482,L2,-66.21704967450313,3.0639974158416283
2025-03-28 19:38:17.261120+00:00,17,-67.0,0.263844696,L2,-66.29152776312436,2.7976331068555984
2025-03-28 19:38:17.411717+00:00,25,-69.5,1.754874021,L2,-66.5967334343081,2.698440730177465
2025-03-28 19:38:17.790833+00:00,9,-62.5,1.638291481,L2,-66.2070319860274,2.5975941155702498
2025-03-28 19:38:18.025739+00:00,17,-68.0,0.44792239,L2,-66.37758792845574,2.3931067604088816
2025-03-28 19:38:18.220259+00:00,25,-69.0,1.742602175,L2,-66.62704467214114,2.3312275624791057
2025-03-28 19:38:18.604492+00:00,9,-62.0,1.730330329,L2,-66.18689740874042,2.2740672600309124
2025-03-28 19:38:18.865952+00:00,17,-71.0,3.227495578,L2,-66.64474341717964,2.3647620543840975
2025-03-28 19:38:19.027049+00:00,25,-70.0,4.816699674,L2,-66.96391193781815,2.5980024291315074
2025-03-28 19:38:19.452780+00:00,9,-63.5,1.797825483,L2,-66.63440758501358,2.5218856595665513
2025-03-28 19:38:19.699494+00:00,17,-70.5,0.190213618,L2,-67.00212176186666,2.300085538547064
2025-03-28 19:38:19.874184+00:00,25,-69.0,1.889864331,L2,-67.19216977337966,2.261063278187683
2025-03-28 19:38:20.244618+00:00,9,-63.0,1.883728408,L2,-66.79338995079144,2.2251693281035747
2025-03-28 19:38:20.493579+00:00,17,-69.5,3.859495662,L2,-67.0508560205324,2.3806344930930807
2025-03-28 19:38:20.666502+00:00,25,-70.5,2.110757564,L2,-67.37895557245118,2.3549624712709223
2025-03-28 19:38:21.179520+00:00,9,-64.0,5.151107486,L2,-67.0575326872732,2.6209455476208317
2025-03-28 19:38:21.554806+00:00,25,-68.5,4.657165672,L2,-67.19474727784421,2.8146408280712425
2025-03-28 19:38:21.950609+00:00,9,-64.0,2.110757564,L2,-66.89084719231741,2.7476839874987142
2025-03-28 19:38:22.170186+00:00,17,-70.0,2.92069942,L2,-67.18660511054881,2.764142067015438
2025-03-28 19:38:22.392325+00:00,25,-69.0,2.386874106,L2,-67.3591041579132,2.728254481661119
2025-03-28 19:38:22.819580+00:00,9,-64.0,1.441941941,L2,-67.03956963699419,2.605894101598477
2025-03-28 19:38:23.276273+00:00,25,-70.0,5.418020143,L2,-67.32118034428015,2.873397371863643
2025-03-28 19:38:23.596211+00:00,9,-61.0,2.37460226,L2,-66.71987855725638,2.825949525767348
2025-03-28 19:38:23.812716+00:00,17,-65.0,1.595340019,L2,-66.55627524369518,2.7088878924574824
2025-03-28 19:38:24.320034+00:00,9,-68.0,2.853204265,L2,-66.69360944848844,2.722615976134944
2025-03-28 19:38:24.467318+00:00,17,-59.5,2.834796496,L2,-66.00931791100031,2.7332871393339424
2025-03-28 19:38:24.696366+00:00,25,-68.0,0.165669925,L2,-66.19868138938847,2.489042752165168
2025-03-28 19:38:24.910305+00:00,25,-69.5,0.570640853,L2,-66.51271906462927,2.3065549211951777
2025-03-28 19:38:25.163693+00:00,9,-63.5,0.042951462,L2,-66.22613439868134,2.0912298187625464
2025-03-28 19:38:25.364216+00:00,17,-55.5,4.350369514,L2,-65.20581170094019,2.3061303059969958
2025-03-28 19:38:25.579748+00:00,25,-66.0,0.632000085,L2,-65.28135880091973,2.1468787993528458
2025-03-28 19:38:26.010382+00:00,9,-66.0,0.920388473,L2,-65.34971948890848,2.0302090027585002
2025-03-28 19:38:26.176977+00:00,17,-57.0,4.792155981,L2,-64.55545307403376,2.292938993555916
2025-03-28 19:38:26.444378+00:00,25,-68.5,0.552233084,L2,-64.93067779258318,2.127354479732333
2025-03-28 19:38:26.835561+00:00,9,-63.5,1.135145783,L2,-64.7945846791959,2.03297070487523
2025-03-28 19:38:27.026264+00:00,17,-56.0,4.871922982,L2,-63.95800049780682,2.303025818720386
2025-03-28 19:38:27.493012+00:00,9,-63.5,1.159689476,L2,-63.91443323618958,2.194266038330781
2025-03-28 19:38:27.671871+00:00,17,-56.5,4.970097753,L2,-63.20913585312671,2.4583168135974924
2025-03-28 19:38:27.860345+00:00,25,-67.0,1.141281706,L2,-63.5697415093064,2.3330339517522325
2025-03-28 19:38:28.300888+00:00,9,-65.0,1.141281706,L2,-63.70579473663414,2.219668612364495
2025-03-28 19:38:28.489901+00:00,17,-55.5,4.908738521,L2,-62.925219152589435,2.4754661776020557
2025-03-28 19:38:28.809028+00:00,25,-68.0,4.356505438,L2,-63.40795728472692,2.6543998904746267
2025-03-28 19:38:29.178050+00:00,9,-63.0,0.89584478,L2,-63.36915037984916,2.48711747280638
2025-03-28 19:38:29.378217+00:00,17,-56.5,4.994641445,L2,-62.71572298594862,2.725645495005481
2025-03-28 19:38:29.650208+00:00,25,-65.0,0.883572934,L2,-62.93301465867384,2.550418486372144
2025-03-28 19:38:30.054063+00:00,9,-63.0,1.196505015,L2,-62.939386634040794,2.4216275730503467
2025-03-28 19:38:30.269477+00:00,17,-57.0,4.896466675,L2,-62.37440294391313,2.6570464495178094
2025-03-28 19:38:30.541985+00:00,25,-67.5,3.657010198,L2,-62.86197496393589,2.7521679230675105
2025-03-28 19:38:30.881800+00:00,9,-62.5,0.760854471,L2,-62.82754212373549,2.562744386316791
2025-03-28 19:38:31.097473+00:00,17,-58.5,4.951689983,L2,-62.41588501688243,2.789992649797838
2025-03-28 19:38:31.305353+00:00,25,-66.5,3.8165442,L2,-62.80438613597822,2.8876432859115715
2025-03-28 19:38:31.657300+00:00,9,-61.5,0.77926224,L2,-62.68030650657128,2.6870837034309267
2025-03-28 19:38:31.857735+00:00,17,-56.5,4.583534594,L2,-62.09240533236753,2.8674834464209953
2025-03-28 19:38:32.172984+00:00,25,-70.5,1.233320553,L2,-62.892177119102506,2.712033828693962
2025-03-28 19:38:32.516284+00:00,9,-60.5,0.521553468,L2,-62.66462145730347,2.5036645553006465
2025-03-28 19:38:32.699572+00:00,9,-65.5,0.674951547,L2,-62.93433661993999,2.3297083730759445
2025-03-28 19:38:32.879440+00:00,17,-61.5,4.988505522,L2,-62.7978954608859,2.582626244408061
2025-03-28 19:38:33.345074+00:00,9,-64.0,1.607611866,L2,-62.91224556137192,2.4898780777399248
2025-03-28 19:38:33.581976+00:00,17,-68.0,1.564660404,L2,-63.39621780536167,2.4018668187178327
2025-03-28 19:38:34.077843+00:00,9,-65.5,2.015650755,L2,-63.59633992247379,2.3651280457921464
2025-03-28 19:38:34.273413+00:00,17,-67.0,1.264000169,L2,-63.92011282176939,2.2603833424305444
2025-03-28 19:38:34.821641+00:00,9,-67.5,5.902758072,L2,-64.26064931026895,2.6068639543754593
2025-03-28 19:38:34.963411+00:00,17,-65.5,1.015495282,L2,-64.37854244792618,2.4554851335862566
2025-03-28 19:38:35.415229+00:00,9,-65.0,6.056156151,L2,-64.43765854907643,2.7979986831663957
2025-03-28 19:38:35.577638+00:00,17,-63.5,1.2455924,L2,-64.34846385275868,2.6503261566105674
2025-03-28 19:38:36.190041+00:00,9,-65.0,2.994330498,L2,-64.41044117792728,2.68304954274344
2025-03-28 19:38:36.364249+00:00,17,-64.5,1.178097245,L2,-64.4189604538889,2.539891072848255
2025-03-28 19:38:36.620733+00:00,17,-64.5,0.877437011,L2,-64.4266693343894,2.3817502599320672
2025-03-28 19:38:37.073858+00:00,9,-66.5,5.847534763,L2,-64.62389475217881,2.7114327403599177
2025-03-28 19:38:37.214779+00:00,17,-64.5,1.405126402,L2,-64.612109273545,2.587170451851243
2025-03-28 19:38:37.776338+00:00,9,-68.0,2.423689645,L2,-64.9343821145504,2.5716193528555165
2025-03-28 19:38:37.921020+00:00,17,-63.5,1.503301172,L2,-64.79793662782504,2.469995669259828
2025-03-28 19:38:38.487286+00:00,9,-62.0,2.902291651,L2,-64.53178312441918,2.511117790791889
2025-03-28 19:38:38.684875+00:00,17,-63.0,1.595340019,L2,-64.38607237423001,2.424004501706032
2025-03-28 19:38:39.282042+00:00,9,-66.5,5.737088147,L2,-64.58715957468691,2.739161324953
2025-03-28 19:38:39.455500+00:00,17,-69.5,5.522330836,L2,-65.05449313680818,3.003910107527598
2025-03-28 19:38:40.165903+00:00,9,-70.5,5.896622149,L2,-65.57249655227004,3.2790791147615828
2025-03-28 19:38:40.264218+00:00,17,-68.0,0.573708815,L2,-65.80341262832333,3.0217309760900326
2025-03-28 19:38:40.522120+00:00,17,-64.5,0.263844696,L2,-65.6794256037561,2.759387258887429
2025-03-28 19:38:40.929947+00:00,9,-70.5,3.877903432,L2,-66.13798236706145,2.865786022579746
2025-03-28 19:38:41.118630+00:00,17,-68.0,1.006291397,L2,-66.31510664910616,2.688901741413182
2025-03-28 19:38:41.626467+00:00,9,-66.5,4.951689983,L2,-66.33269461468316,2.9041492963344275
2025-03-28 19:38:41.855836+00:00,17,-70.5,4.577398671,L2,-66.72910921429703,3.0633170125400313
2025-03-28 19:38:42.539621+00:00,17,-70.5,1.613747789,L2,-67.08781490605385,2.9254268532570427
2025-03-28 19:38:43.234935+00:00,17,-67.0,0.334407812,L2,-67.07946151996745,2.6789563691281946
2025-03-28 19:38:43.891471+00:00,17,-67.0,0.733242817,L2,-67.07190274908073,2.4938705193011566
2025-03-28 19:38:44.622856+00:00,17,-67.5,0.834485549,L2,-67.11262546667108,2.3360216534789133
2025-03-28 19:38:45.365063+00:00,17,-69.0,0.177941771,L2,-67.29216182188688,2.130734473047676
2025-03-28 19:38:46.696065+00:00,17,-68.0,3.785864585,L2,-67.35949487334905,2.2881785958014826
2025-03-28 19:38:47.256680+00:00,9,-67.0,0.766990394,L2,-67.32529795157221,2.143475686799623
2025-03-28 19:38:47.402810+00:00,17,-67.5,0.411106851,L2,-67.34191647029733,1.9786842364665862
2025-03-28 19:38:47.875234+00:00,9,-69.5,1.313087554,L2,-67.54720399767045,1.9153694039817948
2025-03-28 19:38:48.046126+00:00,17,-68.0,0.441786467,L2,-67.59027618206152,1.7751949420813884
2025-03-28 19:38:48.628726+00:00,9,-70.5,1.2455924,L2,-67.86706343320445,1.7248165415894565
2025-03-28 19:38:48.874966+00:00,17,-69.5,0.141126232,L2,-68.02239639670692,1.5741681244611487
2025-03-28 19:38:49.456077+00:00,9,-70.0,0.134990309,L2,-68.21051578516273,1.4372664470608483
2025-03-28 19:38:49.571217+00:00,17,-66.0,0.990951589,L2,-68.00024064358013,1.3948107810126409
2025-03-28 19:38:50.117884+00:00,9,-68.5,0.288388388,L2,-68.0477802133646,1.2895624372086822
2025-03-28 19:38:50.294388+00:00,17,-68.0,0.806873894,L2,-68.04323512429647,1.2436467271989347
2025-03-28 19:38:51.030834+00:00,17,-67.5,6.19114646,L2,-67.99155992548505,1.7142772532406203
2025-03-28 19:38:52.617394+00:00,17,-70.5,0.717903009,L2,-68.23017509184598,1.6194972310018187
2025-03-28 19:38:53.349076+00:00,17,-67.0,1.310019593,L2,-68.11315478222161,1.5900581948346608
2025-03-28 19:38:53.958935+00:00,17,-67.5,0.892776819,L2,-68.05482848140572,1.5237293583655085
2025-03-28 19:38:54.484542+00:00,9,-70.5,4.344233591,L2,-68.2874252313214,1.7920296034179817
2025-03-28 19:38:54.665173+00:00,17,-64.0,5.95798138,L2,-67.879584240729,2.1883154411065604
2025-03-28 19:38:55.368172+00:00,17,-70.5,0.46633016,L2,-68.12885108536517,2.0245117256034986
2025-03-28 19:38:55.963961+00:00,9,-70.0,5.031456984,L2,-68.30684397986875,2.3105471586840567
2025-03-28 19:38:56.321408+00:00,17,-66.5,0.607456392,L2,-68.13496808726724,2.148540782391144
2025-03-28 19:38:56.776449+00:00,9,-71.5,5.41188422,L2,-68.45506648540093,2.4589660722631694
2025-03-28 19:38:56.940416+00:00,17,-69.0,0.938796242,L2,-68.50690324345737,2.3143600357744307
2025-03-28 19:38:57.423883+00:00,9,-71.0,1.945087639,L2,-68.7440588778934,2.2792330278446635
2025-03-28 19:38:57.637137+00:00,17,-69.5,0.785398163,L2,-68.8159677181496,2.137132102886509
