Timestamp,Antenna_ID,RSSI,Phase,Platform_ID
2025-03-28T19:05:29.6573830+00:00,9,-55.5,1.374446786,K1
2025-03-28T19:05:29.9335190+00:00,17,-71,0.619728238,K1
2025-03-28T19:05:30.3521200+00:00,9,-55,1.294679785,K1
2025-03-28T19:05:31.0761690+00:00,9,-66,1.564660404,K1
2025-03-28T19:05:31.3014420+00:00,17,-71.5,5.338253142,K1
2025-03-28T19:05:31.6926120+00:00,9,-60.5,0.042951462,K1
2025-03-28T19:05:31.9126880+00:00,17,-69.5,5.267690026,K1
2025-03-28T19:05:32.3569440+00:00,9,-63.5,5.967185265,K1
2025-03-28T19:05:32.5304900+00:00,17,-69,2.061670179,K1
2025-03-28T19:05:32.9966480+00:00,9,-63,5.896622149,K1
2025-03-28T19:05:33.1522320+00:00,17,-69,4.939418137,K1
2025-03-28T19:05:33.3803440+00:00,17,-69.5,1.785553637,K1
2025-03-28T19:05:33.8014630+00:00,9,-63,5.875146418,K1
2025-03-28T19:05:34.0039760+00:00,17,-68.5,4.988505522,K1
2025-03-28T19:05:34.4236830+00:00,9,-63,5.887418264,K1
2025-03-28T19:05:34.6102780+00:00,17,-70,5.418020143,K1
2025-03-28T19:05:35.1187040+00:00,9,-64,5.049864754,K1
2025-03-28T19:05:35.3516360+00:00,17,-72,5.154175447,K1
2025-03-28T19:05:35.8525980+00:00,9,-66,1.165825399,K1
2025-03-28T19:05:36.1504680+00:00,17,-70.5,5.301437603,K1
2025-03-28T19:05:36.6229680+00:00,9,-66.5,1.727262367,K1
2025-03-28T19:05:36.8286200+00:00,17,-70.5,4.914874444,K1
2025-03-28T19:05:37.4884590+00:00,9,-66,1.945087639,K1
2025-03-28T19:05:37.7291860+00:00,17,-72.5,1.779417714,K1
2025-03-28T19:05:38.2479290+00:00,9,-59,1.276272016,K1
2025-03-28T19:05:38.9443440+00:00,9,-57.5,1.920543946,K1
2025-03-28T19:05:39.2453760+00:00,17,-75,5.7248163,K1
2025-03-28T19:05:39.6377470+00:00,9,-58.5,2.135301257,K1
2025-03-28T19:05:39.9666790+00:00,17,-74.5,2.423689645,K1
2025-03-28T19:05:40.3507120+00:00,9,-56.5,2.086213872,K1
2025-03-28T19:05:40.6161260+00:00,17,-75,5.589825991,K1
2025-03-28T19:05:41.1712540+00:00,9,-57,2.135301257,K1
2025-03-28T19:05:41.7901620+00:00,9,-56,1.951223562,K1
2025-03-28T19:05:42.4881780+00:00,9,-58,1.184233168,K1
2025-03-28T19:05:43.1959640+00:00,9,-58,1.135145783,K1
2025-03-28T19:05:43.8325010+00:00,9,-58,1.239456477,K1
2025-03-28T19:05:44.5127680+00:00,9,-58,1.374446786,K1
2025-03-28T19:05:45.3583100+00:00,9,-71,5.945709534,K1
2025-03-28T19:05:48.4826160+00:00,9,-60,1.607611866,K1
2025-03-28T19:05:48.7533710+00:00,17,-73.5,0.521553468,K1
2025-03-28T19:05:49.2747790+00:00,9,-62,2.810252803,K1
2025-03-28T19:05:49.5830490+00:00,17,-74,0.582912699,K1
2025-03-28T19:05:50.0275730+00:00,9,-61.5,3.086369345,K1
2025-03-28T19:05:50.2927760+00:00,17,-73,3.60178689,K1
2025-03-28T19:05:50.7161290+00:00,9,-62,5.91809788,K1
2025-03-28T19:05:50.9227820+00:00,17,-73.5,0.932660319,K1
2025-03-28T19:05:51.3799260+00:00,9,-62.5,6.040816343,K1
2025-03-28T19:05:51.6496450+00:00,17,-74.5,0.840621472,K1
2025-03-28T19:05:52.0669320+00:00,9,-61.5,6.178874614,K1
2025-03-28T19:05:52.3433070+00:00,17,-73.5,0.539961237,K1
2025-03-28T19:05:52.7287870+00:00,9,-60,1.251728323,K1
2025-03-28T19:05:52.9213730+00:00,9,-60,0.877437011,K1
2025-03-28T19:05:53.1626360+00:00,17,-69.5,2.178252719,K1
2025-03-28T19:05:53.4519210+00:00,1,-60.5,1.736466252,K1
2025-03-28T19:05:53.5811250+00:00,9,-57,2.221204181,K1
2025-03-28T19:05:53.8836040+00:00,17,-68.5,5.908893995,K1
2025-03-28T19:05:54.2561810+00:00,1,-59,4.853515213,K1
2025-03-28T19:05:54.4116270+00:00,9,-59,2.251883797,K1
2025-03-28T19:05:54.6585010+00:00,17,-68,5.752427955,K1
2025-03-28T19:05:55.0329240+00:00,1,-60.5,4.491495747,K1
2025-03-28T19:05:55.1719900+00:00,9,-58.5,2.485048876,K1
2025-03-28T19:05:55.4131250+00:00,17,-68.5,5.908893995,K1
2025-03-28T19:05:55.7684500+00:00,1,-60,4.718524904,K1
2025-03-28T19:05:55.9047350+00:00,9,-60,2.828660573,K1
2025-03-28T19:05:56.1977290+00:00,17,-68.5,5.878214379,K1
2025-03-28T19:05:56.6158440+00:00,9,-59.5,2.435961491,K1
2025-03-28T19:05:56.8436650+00:00,9,-60.5,5.921165841,K1
2025-03-28T19:05:56.9920070+00:00,17,-68.5,5.961049342,K1
2025-03-28T19:05:57.3030200+00:00,1,-62,4.773748212,K1
2025-03-28T19:05:57.4345030+00:00,9,-59,2.638446955,K1
2025-03-28T19:05:57.6786250+00:00,17,-68,5.556078414,K1
2025-03-28T19:05:58.1479120+00:00,9,-62.5,2.481980915,K1
2025-03-28T19:05:58.3691170+00:00,17,-67.5,5.638913376,K1
2025-03-28T19:05:58.7367590+00:00,1,-61,1.116738014,K1
2025-03-28T19:05:58.8779100+00:00,9,-63.5,0.908116626,K1
2025-03-28T19:05:59.5329800+00:00,9,-60.5,1.184233168,K1
2025-03-28T19:05:59.8268650+00:00,17,-73,3.847223816,K1
2025-03-28T19:06:00.3721960+00:00,9,-60,2.116893487,K1
2025-03-28T19:06:00.5804290+00:00,17,-69,4.246058821,K1
2025-03-28T19:06:00.7301100+00:00,17,-70,4.227651051,K1
2025-03-28T19:06:01.2229420+00:00,9,-59.5,1.699650713,K1
2025-03-28T19:06:01.8813860+00:00,9,-59.5,1.718058482,K1
2025-03-28T19:06:02.4490950+00:00,1,-64,3.393165503,K1
2025-03-28T19:06:02.5518980+00:00,9,-59,1.767145868,K1
2025-03-28T19:06:02.8176660+00:00,17,-72,0.889708857,K1
2025-03-28T19:06:03.2076810+00:00,9,-60,1.043106936,K1
2025-03-28T19:06:03.9137410+00:00,9,-58.5,1.521708942,K1
2025-03-28T19:06:04.1287100+00:00,17,-71,0.865165164,K1
2025-03-28T19:06:04.6184450+00:00,9,-59.5,1.828505099,K1
2025-03-28T19:06:04.8271290+00:00,17,-70.5,0.751650586,K1
2025-03-28T19:06:05.2657020+00:00,9,-59.5,1.491029326,K1
2025-03-28T19:06:05.9163210+00:00,9,-60.5,1.491029326,K1
2025-03-28T19:06:06.2485850+00:00,17,-72,0.920388473,K1
2025-03-28T19:06:06.6666130+00:00,9,-64,0.56450493,K1
2025-03-28T19:06:06.8882140+00:00,17,-69.5,5.792311455,K1
2025-03-28T19:06:07.3350840+00:00,9,-68.5,0.325203927,K1
2025-03-28T19:06:07.4777110+00:00,9,-70,0.521553468,K1
2025-03-28T19:06:07.7075150+00:00,17,-74,1.417398248,K1
2025-03-28T19:06:08.1980970+00:00,9,-68,5.773903686,K1
2025-03-28T19:06:08.4046300+00:00,17,-68.5,5.175651178,K1
2025-03-28T19:06:08.5200480+00:00,17,-69,5.141903601,K1
2025-03-28T19:06:08.8739680+00:00,1,-59.5,5.534602683,K1
2025-03-28T19:06:09.0579360+00:00,9,-68,5.810719225,K1
2025-03-28T19:06:09.2301080+00:00,17,-68.5,5.310641488,K1
2025-03-28T19:06:09.5370070+00:00,1,-60.5,5.319845372,K1
2025-03-28T19:06:09.7648230+00:00,9,-70.5,2.742757649,K1
2025-03-28T19:06:09.9208980+00:00,17,-68.5,5.258486141,K1
2025-03-28T19:06:10.2523990+00:00,1,-60,5.583690068,K1
2025-03-28T19:06:10.4519960+00:00,9,-69.5,6.013204689,K1
2025-03-28T19:06:10.6147990+00:00,17,-69,1.929747831,K1
2025-03-28T19:06:10.9477820+00:00,1,-60.5,5.135767678,K1
2025-03-28T19:06:11.0938290+00:00,9,-65.5,4.979301637,K1
2025-03-28T19:06:11.2813460+00:00,17,-69.5,5.246214295,K1
2025-03-28T19:06:11.7955920+00:00,9,-67.5,5.154175447,K1
2025-03-28T19:06:11.9837770+00:00,17,-69.5,5.368932758,K1
2025-03-28T19:06:12.5841510+00:00,9,-68.5,5.669592992,K1
2025-03-28T19:06:12.7791180+00:00,17,-69,5.089748254,K1
2025-03-28T19:06:13.2768680+00:00,9,-69.5,5.933437688,K1
2025-03-28T19:06:13.5240710+00:00,17,-68.5,1.932815793,K1
2025-03-28T19:06:13.9019540+00:00,1,-60.5,5.675728915,K1
2025-03-28T19:06:14.0988100+00:00,9,-69.5,5.988660996,K1
2025-03-28T19:06:14.2534320+00:00,17,-68.5,5.329049257,K1
2025-03-28T19:06:14.5382920+00:00,1,-59.5,5.252350218,K1
2025-03-28T19:06:14.6925860+00:00,9,-65,0.362019466,K1
2025-03-28T19:06:14.9178040+00:00,17,-68,5.095884177,K1
2025-03-28T19:06:15.2273100+00:00,1,-62,4.921010368,K1
2025-03-28T19:06:15.4126240+00:00,9,-62.5,0.300660234,K1
2025-03-28T19:06:15.5927540+00:00,17,-68.5,1.816233253,K1
2025-03-28T19:06:15.8939170+00:00,1,-60,1.626019635,K1
2025-03-28T19:06:16.1018800+00:00,9,-63,0.377359274,K1
2025-03-28T19:06:16.4044130+00:00,17,-68.5,4.939418137,K1
2025-03-28T19:06:16.6167800+00:00,25,-72,1.92667987,K1
2025-03-28T19:06:17.0148820+00:00,9,-64,6.185010537,K1
2025-03-28T19:06:17.2342310+00:00,17,-67.5,5.117359908,K1
2025-03-28T19:06:17.5351700+00:00,1,-62.5,4.878058905,K1
2025-03-28T19:06:17.6998860+00:00,9,-62,0.177941771,K1
2025-03-28T19:06:17.9245530+00:00,17,-67,4.727728788,K1
2025-03-28T19:06:18.2156190+00:00,1,-61,1.607611866,K1
2025-03-28T19:06:18.3437350+00:00,9,-60,0.619728238,K1
2025-03-28T19:06:18.5983810+00:00,17,-67.5,5.172583217,K1
2025-03-28T19:06:18.8790450+00:00,1,-60.5,4.96396183,K1
2025-03-28T19:06:19.0229990+00:00,9,-62.5,5.91809788,K1
2025-03-28T19:06:19.2726810+00:00,17,-66.5,4.976233676,K1
2025-03-28T19:06:19.6546270+00:00,1,-60.5,4.982369599,K1
2025-03-28T19:06:19.7756820+00:00,9,-63,5.761631839,K1
2025-03-28T19:06:19.9831850+00:00,17,-67,5.0222531,K1
2025-03-28T19:06:20.4007520+00:00,1,-61.5,2.319378951,K1
2025-03-28T19:06:20.5454250+00:00,9,-63.5,5.780039609,K1
2025-03-28T19:06:20.7458490+00:00,17,-67.5,5.163379332,K1
2025-03-28T19:06:21.2467370+00:00,9,-64.5,5.853670687,K1
2025-03-28T19:06:21.4429090+00:00,17,-68.5,5.203262833,K1
2025-03-28T19:06:21.6328890+00:00,25,-70.5,2.067806102,K1
2025-03-28T19:06:21.8933120+00:00,1,-61,5.773903686,K1
2025-03-28T19:06:22.0091210+00:00,9,-61.5,0.245436926,K1
2025-03-28T19:06:22.2190770+00:00,17,-65.5,5.025321061,K1
2025-03-28T19:06:22.6158440+00:00,9,-62,5.325981296,K1
2025-03-28T19:06:23.3636210+00:00,9,-68.5,0.813009818,K1
2025-03-28T19:06:23.6968270+00:00,17,-67.5,5.847534763,K1
2025-03-28T19:06:24.0095030+00:00,9,-59.5,3.681553891,K1
2025-03-28T19:06:24.2529540+00:00,9,-69,6.252505691,K1
2025-03-28T19:06:24.5086710+00:00,17,-75,0.497009775,K1
2025-03-28T19:06:24.8683110+00:00,9,-59,3.460660657,K1
2025-03-28T19:06:25.5181300+00:00,9,-56.5,4.246058821,K1
2025-03-28T19:06:26.1859770+00:00,9,-54.5,4.301282129,K1
2025-03-28T19:06:26.8907840+00:00,9,-54,4.313553976,K1
2025-03-28T19:06:27.6234650+00:00,9,-49.5,3.963806356,K1
2025-03-28T19:06:28.5034480+00:00,9,-49,3.736777199,K1
2025-03-28T19:06:29.1131420+00:00,9,-49,3.779728661,K1
2025-03-28T19:06:29.7866470+00:00,9,-49,3.675417968,K1
2025-03-28T19:06:30.4164030+00:00,9,-49,3.755184969,K1
2025-03-28T19:06:31.1442980+00:00,9,-47.5,4.14788405,K1
2025-03-28T19:06:31.8058990+00:00,9,-58,3.546563582,K1
2025-03-28T19:06:32.1265850+00:00,9,-53,6.17273869,K1
2025-03-28T19:06:32.6718220+00:00,9,-54.5,3.614058736,K1
2025-03-28T19:06:33.2781780+00:00,9,-54,3.706097584,K1
2025-03-28T19:06:33.4985640+00:00,17,-72.5,6.240233845,K1
2025-03-28T19:06:33.9076290+00:00,9,-51.5,3.534291735,K1
2025-03-28T19:06:34.1891100+00:00,17,-74.5,6.000932842,K1
2025-03-28T19:06:34.3546230+00:00,25,-71.5,5.565282298,K1
2025-03-28T19:06:34.6665010+00:00,9,-51,2.926835343,K1
2025-03-28T19:06:34.9605530+00:00,17,-75,6.092971689,K1
2025-03-28T19:06:35.3755130+00:00,9,-51,2.859340189,K1
2025-03-28T19:06:35.6046200+00:00,17,-74.5,5.884350302,K1
2025-03-28T19:06:36.2479910+00:00,9,-51,2.951379036,K1
2025-03-28T19:06:36.5207860+00:00,17,-74.5,6.080699843,K1
2025-03-28T19:06:36.8771340+00:00,9,-51,2.932971266,K1
2025-03-28T19:06:37.1512810+00:00,17,-74,5.737088147,K1
2025-03-28T19:06:37.6648090+00:00,9,-51.5,2.951379036,K1
2025-03-28T19:06:38.0206440+00:00,17,-75.5,6.043884304,K1
2025-03-28T19:06:38.1781870+00:00,25,-72.5,5.546874529,K1
2025-03-28T19:06:38.4935940+00:00,9,-51.5,2.957514959,K1
2025-03-28T19:06:38.9006130+00:00,17,-76.5,5.338253142,K1
2025-03-28T19:06:39.3271090+00:00,9,-52,3.337942194,K1
2025-03-28T19:06:39.5904660+00:00,17,-75.5,5.387340527,K1
2025-03-28T19:06:40.1068110+00:00,9,-56.5,3.061825653,K1
2025-03-28T19:06:40.7825420+00:00,9,-53.5,2.736621726,K1
2025-03-28T19:06:41.3747790+00:00,9,-54,2.417553722,K1
2025-03-28T19:06:42.0688660+00:00,9,-56,2.859340189,K1
2025-03-28T19:06:42.5635460+00:00,1,-62.5,1.153553552,K1
2025-03-28T19:06:42.7281320+00:00,9,-55.5,2.755029495,K1
2025-03-28T19:06:43.3412530+00:00,1,-62.5,1.153553552,K1
2025-03-28T19:06:43.4499070+00:00,9,-55.5,2.785709111,K1
2025-03-28T19:06:44.2186460+00:00,9,-55,3.141592654,K1
2025-03-28T19:06:44.9137900+00:00,9,-57,2.656854725,K1
2025-03-28T19:06:45.6894840+00:00,9,-55.5,2.865476112,K1
2025-03-28T19:06:47.0369020+00:00,9,-56.5,1.742602175,K1
2025-03-28T19:06:47.3241660+00:00,17,-74.5,5.902758072,K1
2025-03-28T19:06:47.8479310+00:00,9,-55.5,1.767145868,K1
2025-03-28T19:06:48.5222630+00:00,9,-56,1.681242944,K1
2025-03-28T19:06:49.1508040+00:00,9,-55,1.871456561,K1
2025-03-28T19:06:49.8535540+00:00,9,-56,1.527844865,K1
2025-03-28T19:06:50.5677140+00:00,9,-55.5,1.638291481,K1
2025-03-28T19:06:51.2836420+00:00,9,-55.5,1.638291481,K1
2025-03-28T19:06:51.9970370+00:00,9,-56,1.773281791,K1
2025-03-28T19:06:52.6118130+00:00,9,-55.5,1.711922559,K1
2025-03-28T19:06:53.2137310+00:00,9,-56,1.748738098,K1
2025-03-28T19:06:53.8829150+00:00,9,-55.5,1.681242944,K1
2025-03-28T19:06:54.4853190+00:00,9,-55.5,1.67510702,K1
2025-03-28T19:06:55.1291700+00:00,9,-57,2.104621641,K1
2025-03-28T19:06:55.5660550+00:00,17,-75.5,0.006135923,K1
2025-03-28T19:06:55.9328470+00:00,9,-59,1.981903178,K1
2025-03-28T19:06:56.5635490+00:00,9,-60,3.288854809,K1
2025-03-28T19:06:57.2089090+00:00,9,-54.5,1.920543946,K1
2025-03-28T19:06:57.8347190+00:00,9,-56,1.589204096,K1
2025-03-28T19:06:58.4625380+00:00,9,-57.5,2.098485718,K1
2025-03-28T19:06:59.1112910+00:00,9,-56.5,2.147573103,K1
2025-03-28T19:06:59.8548910+00:00,9,-56,2.000310947,K1
2025-03-28T19:07:00.4632470+00:00,9,-56.5,2.110757564,K1
2025-03-28T19:07:01.1042670+00:00,9,-56.5,2.12302941,K1
2025-03-28T19:07:01.7462400+00:00,9,-56.5,2.190524565,K1
2025-03-28T19:07:02.3685950+00:00,9,-56.5,1.828505099,K1
2025-03-28T19:07:03.0004920+00:00,9,-56.5,2.092349795,K1
2025-03-28T19:07:03.7517360+00:00,9,-56.5,1.877592484,K1
2025-03-28T19:07:04.3698980+00:00,9,-56,1.859184715,K1
2025-03-28T19:07:04.9943220+00:00,9,-54,1.748738098,K1
2025-03-28T19:07:05.6113000+00:00,9,-54.5,2.172116796,K1
2025-03-28T19:07:06.2903880+00:00,9,-61,3.522019889,K1
2025-03-28T19:07:06.9937520+00:00,9,-52.5,1.718058482,K1
2025-03-28T19:07:07.2520710+00:00,9,-50.5,4.853515213,K1
2025-03-28T19:07:07.8542310+00:00,9,-50.5,1.662835174,K1
2025-03-28T19:07:08.1227020+00:00,17,-74,6.111379459,K1
2025-03-28T19:07:08.5111830+00:00,9,-49,1.509437095,K1
2025-03-28T19:07:08.7596920+00:00,17,-74,6.129787228,K1
2025-03-28T19:07:09.1084240+00:00,9,-49,1.497165249,K1
2025-03-28T19:07:09.3569960+00:00,17,-73.5,0.165669925,K1
2025-03-28T19:07:09.7745350+00:00,9,-48.5,1.509437095,K1
2025-03-28T19:07:10.0521930+00:00,17,-74.5,6.117515382,K1
2025-03-28T19:07:10.4634150+00:00,9,-48.5,1.521708942,K1
2025-03-28T19:07:10.7097860+00:00,17,-73.5,6.031612458,K1
2025-03-28T19:07:11.2402980+00:00,9,-48.5,1.435806017,K1
2025-03-28T19:07:11.4990260+00:00,17,-74,0.042951462,K1
2025-03-28T19:07:11.8853070+00:00,9,-48.5,1.546252634,K1
2025-03-28T19:07:12.1255990+00:00,17,-74,6.056156151,K1
2025-03-28T19:07:12.5463040+00:00,9,-49,1.662835174,K1
2025-03-28T19:07:13.1507210+00:00,9,-51.5,1.846912869,K1
2025-03-28T19:07:13.9105590+00:00,9,-66.5,5.267690026,K1
2025-03-28T19:07:14.1172180+00:00,17,-68,6.264777538,K1
2025-03-28T19:07:14.6126650+00:00,9,-66.5,6.123651305,K1
2025-03-28T19:07:14.8349300+00:00,17,-68.5,0.260776734,K1
2025-03-28T19:07:15.0442290+00:00,17,-66.5,0.6626797,K1
2025-03-28T19:07:15.4181300+00:00,9,-63,5.577554145,K1
2025-03-28T19:07:15.6331960+00:00,17,-68,0.404970928,K1
2025-03-28T19:07:16.0578500+00:00,9,-61,5.283029833,K1
2025-03-28T19:07:16.3378790+00:00,17,-70,4.111068512,K1
2025-03-28T19:07:16.7576660+00:00,9,-60,5.117359908,K1
2025-03-28T19:07:16.9814110+00:00,17,-68,0.628932123,K1
2025-03-28T19:07:17.2523890+00:00,1,-61.5,3.994485972,K1
2025-03-28T19:07:17.3893760+00:00,9,-60,4.638757903,K1
2025-03-28T19:07:17.5846280+00:00,17,-66.5,0.809941856,K1
2025-03-28T19:07:17.8881920+00:00,1,-63,0.607456392,K1
2025-03-28T19:07:17.9910770+00:00,9,-60,4.951689983,K1
2025-03-28T19:07:18.2281120+00:00,17,-69,0.760854471,K1
2025-03-28T19:07:18.6466230+00:00,9,-65,1.761009944,K1
2025-03-28T19:07:18.9926420+00:00,17,-71,0.56450493,K1
2025-03-28T19:07:19.6238530+00:00,17,-68.5,0.362019466,K1
2025-03-28T19:07:20.1148790+00:00,9,-65.5,0.757786509,K1
2025-03-28T19:07:20.3122440+00:00,17,-71.5,5.84139884,K1
2025-03-28T19:07:20.8880790+00:00,9,-68,5.29530168,K1
2025-03-28T19:07:22.2746290+00:00,9,-66,4.657165672,K1
2025-03-28T19:07:23.0445210+00:00,9,-63,4.252194744,K1
2025-03-28T19:07:23.7421790+00:00,9,-63.5,3.982214125,K1
2025-03-28T19:07:24.4512560+00:00,9,-64,4.540583132,K1
2025-03-28T19:07:25.1589030+00:00,9,-63,3.969942279,K1
2025-03-28T19:07:25.8302420+00:00,9,-62.5,4.270602513,K1
2025-03-28T19:07:26.5757280+00:00,9,-64.5,4.325825822,K1
2025-03-28T19:07:26.8196090+00:00,9,-63.5,1.36217494,K1
2025-03-28T19:07:27.3561100+00:00,9,-66,4.405592823,K1
2025-03-28T19:07:28.0053580+00:00,9,-62,5.000777369,K1
2025-03-28T19:07:28.6436070+00:00,9,-66.5,4.727728788,K1
2025-03-28T19:07:29.3112840+00:00,9,-65,1.132077821,K1
2025-03-28T19:07:29.9819570+00:00,9,-63.5,5.795379417,K1
2025-03-28T19:07:30.8476050+00:00,9,-61.5,6.142059075,K1
2025-03-28T19:07:31.5003800+00:00,9,-59,0.638136008,K1
2025-03-28T19:07:32.1473780+00:00,9,-60,0.404970928,K1
2025-03-28T19:07:32.7990800+00:00,9,-59.5,6.056156151,K1
2025-03-28T19:07:33.4533930+00:00,9,-59,6.068427997,K1
2025-03-28T19:07:34.1585050+00:00,9,-59.5,6.185010537,K1
2025-03-28T19:07:35.0396020+00:00,9,-59.5,0.122718463,K1
2025-03-28T19:07:35.6696520+00:00,9,-59,0.079767001,K1
2025-03-28T19:07:36.4383250+00:00,9,-60.5,0.251572849,K1
2025-03-28T19:07:37.1021560+00:00,9,-59,0.085902924,K1
2025-03-28T19:07:37.7645180+00:00,9,-60,0.429514621,K1
2025-03-28T19:07:38.6179960+00:00,9,-60,6.252505691,K1
2025-03-28T19:07:39.3769630+00:00,9,-62,6.117515382,K1
2025-03-28T19:07:39.7223820+00:00,17,-76,0.079767001,K1
2025-03-28T19:07:40.0817900+00:00,9,-67,5.632777453,K1
2025-03-28T19:07:40.7312150+00:00,9,-68.5,5.17871914,K1
2025-03-28T19:07:42.1181570+00:00,9,-70.5,5.565282298,K1
2025-03-28T19:07:42.9565950+00:00,9,-70.5,6.000932842,K1
2025-03-28T19:07:43.6780480+00:00,9,-71,5.85980661,K1
2025-03-28T19:07:45.1053860+00:00,9,-70,5.890486225,K1
2025-03-28T19:07:45.8233010+00:00,9,-70,6.092971689,K1
2025-03-28T19:07:46.6451260+00:00,9,-69.5,5.822991071,K1
2025-03-28T19:07:48.1770740+00:00,9,-70.5,5.810719225,K1
2025-03-28T19:07:48.8631910+00:00,9,-69.5,5.890486225,K1
2025-03-28T19:07:49.5681900+00:00,9,-70.5,6.17273869,K1
2025-03-28T19:07:50.3827610+00:00,9,-70.5,5.019185138,K1
2025-03-28T19:07:51.0792370+00:00,9,-72.5,5.172583217,K1
2025-03-28T19:07:51.6684240+00:00,9,-61.5,1.932815793,K1
2025-03-28T19:07:52.2999090+00:00,9,-61,1.589204096,K1
2025-03-28T19:07:53.0037410+00:00,9,-62,2.129165334,K1
2025-03-28T19:07:53.6010170+00:00,9,-62.5,1.834641022,K1
2025-03-28T19:07:54.4969400+00:00,9,-61,1.859184715,K1
2025-03-28T19:07:55.1425020+00:00,9,-62,1.822369176,K1
2025-03-28T19:07:55.8951670+00:00,9,-62,2.215068258,K1
2025-03-28T19:07:56.6586270+00:00,9,-62.5,2.116893487,K1
2025-03-28T19:07:57.3601060+00:00,9,-61.5,2.503456646,K1
2025-03-28T19:07:58.2181910+00:00,9,-63,5.488583259,K1
2025-03-28T19:07:58.8622930+00:00,9,-63,1.945087639,K1
2025-03-28T19:07:59.4809090+00:00,9,-59.5,1.846912869,K1
2025-03-28T19:08:00.3220620+00:00,9,-71,1.319223478,K1
2025-03-28T19:08:00.8394450+00:00,9,-62.5,1.282407939,K1
2025-03-28T19:08:01.5331240+00:00,9,-66,1.242524438,K1
2025-03-28T19:08:01.8193080+00:00,17,-76.5,4.957825906,K1
2025-03-28T19:08:02.3850790+00:00,9,-66,1.300815708,K1
2025-03-28T19:08:02.6700850+00:00,17,-75,5.068272523,K1
2025-03-28T19:08:03.1178210+00:00,9,-67,1.417398248,K1
2025-03-28T19:08:03.4432010+00:00,17,-75,1.920543946,K1
2025-03-28T19:08:04.5155520+00:00,9,-66.5,4.420932631,K1
2025-03-28T19:08:05.1780350+00:00,9,-67,4.356505438,K1
2025-03-28T19:08:06.1359540+00:00,9,-67,1.153553552,K1
2025-03-28T19:08:06.7790800+00:00,9,-66.5,4.362641361,K1
2025-03-28T19:08:07.4816370+00:00,9,-66,1.34376717,K1
2025-03-28T19:08:08.2100290+00:00,9,-66.5,4.436272439,K1
2025-03-28T19:08:08.4946020+00:00,17,-74,1.969631332,K1
2025-03-28T19:08:08.9237640+00:00,9,-62.5,0.809941856,K1
2025-03-28T19:08:09.8355860+00:00,9,-69.5,1.306951631,K1
2025-03-28T19:08:10.4317540+00:00,9,-58.5,3.331806271,K1
2025-03-28T19:08:10.7130170+00:00,17,-71.5,5.197126909,K1
2025-03-28T19:08:11.0919030+00:00,9,-56,3.884039355,K1
2025-03-28T19:08:11.3154240+00:00,17,-69.5,5.482447336,K1
2025-03-28T19:08:11.8237620+00:00,9,-55,3.620194659,K1
2025-03-28T19:08:12.0693350+00:00,17,-74,5.681864838,K1
2025-03-28T19:08:12.4729810+00:00,9,-56,3.865631585,K1
2025-03-28T19:08:12.7611810+00:00,17,-74.5,5.418020143,K1
2025-03-28T19:08:13.1109730+00:00,9,-55.5,3.798136431,K1
2025-03-28T19:08:13.8599240+00:00,9,-55.5,3.779728661,K1
2025-03-28T19:08:14.1099140+00:00,17,-74,5.233942448,K1
2025-03-28T19:08:14.5260680+00:00,9,-55.5,3.669282045,K1
2025-03-28T19:08:14.8059070+00:00,17,-74,2.47277703,K1
2025-03-28T19:08:15.2129280+00:00,9,-55.5,3.865631585,K1
2025-03-28T19:08:15.4872090+00:00,17,-75.5,2.208932335,K1
2025-03-28T19:08:15.8925500+00:00,9,-55.5,3.730641276,K1
2025-03-28T19:08:16.2042310+00:00,17,-75,5.589825991,K1
2025-03-28T19:08:16.6050350+00:00,9,-56,3.571107274,K1
2025-03-28T19:08:17.2262920+00:00,9,-56,3.724505353,K1
2025-03-28T19:08:17.6447310+00:00,17,-74.5,5.460971605,K1
2025-03-28T19:08:18.0379790+00:00,9,-56,3.792000508,K1
2025-03-28T19:08:18.6694790+00:00,9,-56.5,3.755184969,K1
2025-03-28T19:08:18.9493350+00:00,17,-75.5,5.694136685,K1
2025-03-28T19:08:19.3593540+00:00,9,-55,3.60178689,K1
2025-03-28T19:08:19.6466640+00:00,17,-73,1.834641022,K1
2025-03-28T19:08:20.0532580+00:00,9,-53.5,3.638602429,K1
2025-03-28T19:08:20.2727070+00:00,17,-68.5,5.641981338,K1
2025-03-28T19:08:20.6779900+00:00,9,-56.5,3.202951885,K1
2025-03-28T19:08:20.9287170+00:00,17,-71,1.822369176,K1
2025-03-28T19:08:21.5021570+00:00,9,-55,1.846912869,K1
2025-03-28T19:08:21.7677570+00:00,17,-72,1.509437095,K1
2025-03-28T19:08:22.2502300+00:00,9,-53,1.754874021,K1
2025-03-28T19:08:22.4972660+00:00,17,-71.5,0.791534087,K1
2025-03-28T19:08:22.7894690+00:00,1,-63.5,0.159534002,K1
2025-03-28T19:08:22.9073220+00:00,9,-56,1.724194406,K1
2025-03-28T19:08:23.4497540+00:00,1,-61.5,6.221826076,K1
2025-03-28T19:08:23.5630390+00:00,9,-55,2.092349795,K1
2025-03-28T19:08:23.8554610+00:00,17,-75,1.092194321,K1
2025-03-28T19:08:24.0737050+00:00,1,-60.5,5.994796919,K1
2025-03-28T19:08:24.2113030+00:00,9,-54.5,2.276427489,K1
2025-03-28T19:08:24.7251100+00:00,1,-62,6.258641615,K1
2025-03-28T19:08:24.8709930+00:00,9,-54.5,2.12302941,K1
2025-03-28T19:08:25.5246950+00:00,1,-61.5,0.128854386,K1
2025-03-28T19:08:25.6591360+00:00,9,-55,2.300971182,K1
2025-03-28T19:08:26.1549170+00:00,1,-62,6.019340612,K1
2025-03-28T19:08:26.3101450+00:00,9,-57,1.883728408,K1
2025-03-28T19:08:26.5409340+00:00,17,-74,0.632000085,K1
2025-03-28T19:08:26.8313270+00:00,1,-62,0.23316508,K1
2025-03-28T19:08:26.9401330+00:00,9,-52.5,1.607611866,K1
2025-03-28T19:08:27.1783470+00:00,17,-71.5,1.122873937,K1
2025-03-28T19:08:27.6148770+00:00,9,-55,1.840776945,K1
2025-03-28T19:08:30.5737630+00:00,9,-68.5,0.257708772,K1
2025-03-28T19:08:31.3450790+00:00,9,-66,0.15646604,K1
2025-03-28T19:08:31.9847010+00:00,9,-72,0.503145698,K1
2025-03-28T19:08:32.4878400+00:00,1,-61.5,1.098330244,K1
2025-03-28T19:08:32.6376940+00:00,9,-69,5.29530168,K1
2025-03-28T19:08:33.4712970+00:00,9,-67,2.116893487,K1
2025-03-28T19:08:35.3525130+00:00,9,-67,5.41188422,K1
2025-03-28T19:08:35.9716820+00:00,9,-58.5,5.215534679,K1
2025-03-28T19:08:36.2511110+00:00,17,-75,4.96396183,K1
2025-03-28T19:08:36.6016940+00:00,9,-60.5,4.325825822,K1
2025-03-28T19:08:37.4015360+00:00,9,-63,4.3994569,K1
2025-03-28T19:08:37.9862370+00:00,9,-62,4.26446659,K1
2025-03-28T19:08:38.8139960+00:00,9,-61,4.442408362,K1
2025-03-28T19:08:39.4583650+00:00,9,-62,4.651029749,K1
2025-03-28T19:08:40.1049830+00:00,9,-58.5,5.221670602,K1
2025-03-28T19:08:41.8502040+00:00,9,-69.5,0.036815539,K1
2025-03-28T19:08:42.4187310+00:00,9,-66,0.202485464,K1
2025-03-28T19:08:43.0824410+00:00,9,-62.5,0.300660234,K1
2025-03-28T19:08:43.6933240+00:00,9,-62,6.19114646,K1
2025-03-28T19:08:44.3174200+00:00,9,-62,0.441786467,K1
2025-03-28T19:08:45.2297160+00:00,9,-68.5,0.104310694,K1
2025-03-28T19:08:45.8703040+00:00,9,-69.5,0.44792239,K1
2025-03-28T19:08:46.4601220+00:00,9,-65.5,5.405748297,K1
2025-03-28T19:08:47.1345570+00:00,9,-62,4.479223901,K1
2025-03-28T19:08:47.7580810+00:00,9,-57.5,3.773592738,K1
2025-03-28T19:08:48.4015160+00:00,9,-57.5,3.620194659,K1
2025-03-28T19:08:49.3946710+00:00,9,-58,3.479068427,K1
2025-03-28T19:08:49.9946450+00:00,9,-57.5,3.48520435,K1
2025-03-28T19:08:50.6553320+00:00,9,-57.5,3.620194659,K1
2025-03-28T19:08:51.2931560+00:00,9,-57.5,3.589515044,K1
2025-03-28T19:08:51.9529410+00:00,9,-57,3.994485972,K1
2025-03-28T19:08:52.5597930+00:00,9,-58.5,4.074252973,K1
2025-03-28T19:08:52.8402780+00:00,9,-62,4.436272439,K1
2025-03-28T19:08:53.3839750+00:00,9,-61,1.497165249,K1
2025-03-28T19:08:53.9793620+00:00,9,-55,0.650407854,K1
2025-03-28T19:08:54.5946020+00:00,9,-55.5,1.184233168,K1
2025-03-28T19:08:55.2063780+00:00,9,-54.5,0.91425255,K1
2025-03-28T19:08:55.8429470+00:00,9,-55.5,1.000155474,K1
2025-03-28T19:08:56.4666870+00:00,9,-54,1.135145783,K1
2025-03-28T19:08:56.7901600+00:00,9,-55,0.957204012,K1
2025-03-28T19:08:57.2753940+00:00,9,-55,0.969475858,K1
2025-03-28T19:09:34.5512220+00:00,9,-68.5,4.006757818,K2
2025-03-28T19:09:35.2618160+00:00,9,-68.5,0.147262156,K2
2025-03-28T19:09:40.5531730+00:00,9,-71,5.994796919,K2
2025-03-28T19:09:41.3879280+00:00,9,-70.5,6.092971689,K2
2025-03-28T19:09:41.9990650+00:00,9,-67.5,0.223961195,K2
2025-03-28T19:09:42.2109890+00:00,9,-69.5,1.061514705,K2
2025-03-28T19:09:42.8998490+00:00,9,-71,0.245436926,K2
2025-03-28T19:09:43.5801820+00:00,9,-66.5,0.420310736,K2
2025-03-28T19:09:44.2569610+00:00,9,-66.5,0.524621429,K2
2025-03-28T19:09:44.9046200+00:00,9,-67,0.337475773,K2
2025-03-28T19:09:45.6010080+00:00,9,-66.5,2.107689603,K2
2025-03-28T19:09:46.4235310+00:00,9,-72,4.779884135,K2
2025-03-28T19:09:47.0828760+00:00,9,-66.5,6.050020227,K2
2025-03-28T19:09:47.7142350+00:00,9,-64.5,3.227495578,K2
2025-03-28T19:09:48.4127150+00:00,9,-65,0.030679616,K2
2025-03-28T19:09:49.0402450+00:00,9,-63.5,3.202951885,K2
2025-03-28T19:09:49.7565270+00:00,9,-65,0.15646604,K2
2025-03-28T19:09:50.5633550+00:00,9,-65,0.049087385,K2
2025-03-28T19:09:51.1969270+00:00,9,-64.5,3.564971351,K2
2025-03-28T19:09:51.9922960+00:00,9,-65.5,6.166602767,K2
2025-03-28T19:09:52.7082140+00:00,9,-67,5.835262917,K2
2025-03-28T19:09:54.0277920+00:00,1,-57,4.896466675,K2
2025-03-28T19:09:54.2464730+00:00,9,-69.5,5.755495916,K2
2025-03-28T19:09:54.3935440+00:00,17,-67.5,1.116738014,K2
2025-03-28T19:09:54.6679340+00:00,1,-54.5,2.086213872,K2
2025-03-28T19:09:54.8196320+00:00,9,-64,2.650718801,K2
2025-03-28T19:09:55.1045340+00:00,17,-72.5,0.717903009,K2
2025-03-28T19:09:55.3635690+00:00,1,-54.5,5.249282256,K2
2025-03-28T19:09:55.5157760+00:00,9,-61.5,2.343922644,K2
2025-03-28T19:09:55.7997250+00:00,17,-71.5,1.049242859,K2
2025-03-28T19:09:56.0724570+00:00,1,-56.5,2.018718717,K2
2025-03-28T19:09:56.2033990+00:00,9,-60.5,2.521864415,K2
2025-03-28T19:09:56.7281920+00:00,1,-57,5.583690068,K2
2025-03-28T19:09:56.8535790+00:00,9,-61,2.37460226,K2
2025-03-28T19:09:57.1098810+00:00,17,-72,0.834485549,K2
2025-03-28T19:09:57.4022890+00:00,1,-57,5.215534679,K2
2025-03-28T19:09:57.5351360+00:00,9,-62,2.534136262,K2
2025-03-28T19:09:57.9008540+00:00,17,-70.5,0.975611781,K2
2025-03-28T19:09:58.2758020+00:00,1,-55,5.080544369,K2
2025-03-28T19:09:58.3465320+00:00,9,-60,2.307107105,K2
2025-03-28T19:09:58.6767910+00:00,17,-71.5,0.994019551,K2
2025-03-28T19:09:58.9037740+00:00,1,-54.5,2.279495451,K2
2025-03-28T19:09:59.0569630+00:00,9,-61,2.534136262,K2
2025-03-28T19:09:59.2813930+00:00,17,-71,0.951068088,K2
2025-03-28T19:09:59.5480440+00:00,1,-56.5,5.098952139,K2
2025-03-28T19:09:59.6918090+00:00,9,-61.5,2.460505184,K2
2025-03-28T19:09:59.9804350+00:00,17,-71,4.104932588,K2
2025-03-28T19:10:00.2369140+00:00,1,-55.5,2.172116796,K2
2025-03-28T19:10:00.3728610+00:00,9,-62.5,2.460505184,K2
2025-03-28T19:10:00.6553510+00:00,17,-70.5,0.932660319,K2
2025-03-28T19:10:00.8749140+00:00,1,-55.5,5.344389065,K2
2025-03-28T19:10:01.0158130+00:00,9,-61,2.552544031,K2
2025-03-28T19:10:01.3887560+00:00,17,-71,0.889708857,K2
2025-03-28T19:10:01.7776030+00:00,1,-56.5,1.803961407,K2
2025-03-28T19:10:01.9043080+00:00,9,-61.5,2.417553722,K2
2025-03-28T19:10:02.2023180+00:00,17,-71.5,4.04970928,K2
2025-03-28T19:10:02.5691810+00:00,9,-64.5,2.245747873,K2
2025-03-28T19:10:03.1904160+00:00,9,-56,0.362019466,K2
2025-03-28T19:10:03.8935080+00:00,9,-56,0.68108747,K2
2025-03-28T19:10:04.5535950+00:00,9,-54.5,0.515417545,K2
2025-03-28T19:10:06.0565480+00:00,9,-58,0.975611781,K2
2025-03-28T19:10:06.8010550+00:00,9,-56.5,0.944932165,K2
2025-03-28T19:10:07.4616800+00:00,9,-63,1.294679785,K2
2025-03-28T19:10:07.6992610+00:00,17,-72.5,0.46633016,K2
2025-03-28T19:10:08.0517170+00:00,9,-61.5,0.306796158,K2
2025-03-28T19:10:08.6797630+00:00,9,-61,5.915029918,K2
2025-03-28T19:10:09.2846070+00:00,9,-65,1.251728323,K2
2025-03-28T19:10:09.8694370+00:00,1,-59.5,6.178874614,K2
2025-03-28T19:10:10.0100010+00:00,9,-63,1.386718632,K2
2025-03-28T19:10:10.2868520+00:00,17,-67.5,5.190990986,K2
2025-03-28T19:10:10.7126100+00:00,9,-59,0.981747704,K2
2025-03-28T19:10:10.9429160+00:00,17,-68,5.45176772,K2
2025-03-28T19:10:11.2510160+00:00,1,-59,4.522175363,K2
2025-03-28T19:10:11.3616380+00:00,9,-56.5,1.834641022,K2
2025-03-28T19:10:11.6993670+00:00,17,-66.5,5.632777453,K2
2025-03-28T19:10:12.0135380+00:00,1,-58.5,1.865320638,K2
2025-03-28T19:10:12.1147500+00:00,9,-57.5,1.803961407,K2
2025-03-28T19:10:12.3161300+00:00,17,-64,1.79168956,K2
2025-03-28T19:10:12.7370280+00:00,9,-61,1.208776861,K2
2025-03-28T19:10:13.0346520+00:00,17,-66.5,5.442563835,K2
2025-03-28T19:10:13.3269870+00:00,1,-59,5.246214295,K2
2025-03-28T19:10:13.5920150+00:00,9,-59.5,1.619883712,K2
2025-03-28T19:10:14.0141310+00:00,17,-69,5.154175447,K2
2025-03-28T19:10:14.2692480+00:00,1,-58.5,1.325359401,K2
2025-03-28T19:10:14.3794690+00:00,9,-59,1.644427405,K2
2025-03-28T19:10:14.6312300+00:00,17,-68,4.727728788,K2
2025-03-28T19:10:14.9203420+00:00,1,-58,4.693981211,K2
2025-03-28T19:10:15.0335720+00:00,9,-59.5,1.423534171,K2
2025-03-28T19:10:15.2583440+00:00,17,-67.5,1.951223562,K2
2025-03-28T19:10:15.6764360+00:00,9,-60,0.717903009,K2
2025-03-28T19:10:15.8505650+00:00,17,-65.5,1.36217494,K2
2025-03-28T19:10:16.1473570+00:00,1,-58.5,0.613592315,K2
2025-03-28T19:10:16.2763140+00:00,9,-61.5,0.319068004,K2
2025-03-28T19:10:16.4864090+00:00,17,-66.5,0.963339935,K2
2025-03-28T19:10:16.8351980+00:00,1,-60.5,0.171805848,K2
2025-03-28T19:10:17.0069140+00:00,9,-71,5.896622149,K2
2025-03-28T19:10:17.4068230+00:00,17,-72.5,0.202485464,K2
2025-03-28T19:10:17.6029220+00:00,1,-55.5,0.72097097,K2
2025-03-28T19:10:17.7464090+00:00,9,-66,4.307418052,K2
2025-03-28T19:10:18.3376320+00:00,1,-55,0.34974762,K2
2025-03-28T19:10:18.4836270+00:00,9,-63.5,4.276738437,K2
2025-03-28T19:10:19.0139650+00:00,1,-57.5,0.012271846,K2
2025-03-28T19:10:19.1534360+00:00,9,-61,3.83495197,K2
2025-03-28T19:10:19.5900320+00:00,1,-58.5,0.754718548,K2
2025-03-28T19:10:19.7189480+00:00,9,-60,4.006757818,K2
2025-03-28T19:10:20.0053720+00:00,17,-72.5,0.196349541,K2
2025-03-28T19:10:20.4591520+00:00,9,-60,4.080388896,K2
2025-03-28T19:10:20.7296510+00:00,17,-72,0.711767086,K2
2025-03-28T19:10:21.2655800+00:00,9,-59,4.289010283,K2
2025-03-28T19:10:21.6197350+00:00,17,-71.5,3.755184969,K2
2025-03-28T19:10:22.0723560+00:00,9,-59,4.424000592,K2
2025-03-28T19:10:22.3927610+00:00,17,-71,3.724505353,K2
2025-03-28T19:10:22.8799220+00:00,9,-59.5,3.914718971,K2
2025-03-28T19:10:23.1429100+00:00,17,-72,0.104310694,K2
2025-03-28T19:10:23.4512830+00:00,1,-55,0.647339892,K2
2025-03-28T19:10:23.8973780+00:00,17,-70.5,1.687378867,K2
2025-03-28T19:10:24.1270590+00:00,1,-58.5,0.024543693,K2
2025-03-28T19:10:25.0086190+00:00,9,-69,0.417242774,K2
2025-03-28T19:10:25.2218690+00:00,9,-70.5,0.625864161,K2
2025-03-28T19:10:25.7888250+00:00,9,-71,0.184077695,K2
2025-03-28T19:10:26.5114770+00:00,9,-72,6.19114646,K2
2025-03-28T19:10:27.1424530+00:00,9,-71,0.042951462,K2
2025-03-28T19:10:27.8326680+00:00,9,-71.5,0.079767001,K2
2025-03-28T19:10:29.2349120+00:00,9,-69,6.129787228,K2
2025-03-28T19:10:29.9801650+00:00,9,-70,0.073631078,K2
2025-03-28T19:10:30.5931530+00:00,9,-70,0.196349541,K2
2025-03-28T19:10:31.2524730+00:00,9,-69.5,6.203418306,K2
2025-03-28T19:10:32.1982600+00:00,17,-68,4.884194829,K2
2025-03-28T19:10:32.7730740+00:00,9,-72.5,0.736310778,K2
2025-03-28T19:10:33.3750930+00:00,1,-58.5,5.927301764,K2
2025-03-28T19:10:33.4833370+00:00,9,-61.5,2.264155643,K2
2025-03-28T19:10:34.0332300+00:00,1,-57.5,5.29530168,K2
2025-03-28T19:10:34.1589090+00:00,9,-61,2.368466336,K2
2025-03-28T19:10:34.7515890+00:00,1,-58,3.018874191,K2
2025-03-28T19:10:34.8835830+00:00,9,-60,2.030990563,K2
2025-03-28T19:10:35.4331050+00:00,1,-58.5,5.927301764,K2
2025-03-28T19:10:35.5652260+00:00,9,-60.5,1.920543946,K2
2025-03-28T19:10:36.1058300+00:00,1,-58.5,6.000932842,K2
2025-03-28T19:10:36.2300280+00:00,9,-61,1.79168956,K2
2025-03-28T19:10:36.9601110+00:00,1,-59,2.699806187,K2
2025-03-28T19:10:37.1019250+00:00,9,-61,1.957359485,K2
2025-03-28T19:10:37.7219650+00:00,1,-59,6.209554229,K2
2025-03-28T19:10:37.8940100+00:00,9,-61,2.067806102,K2
2025-03-28T19:10:38.4341740+00:00,1,-59,5.749359993,K2
2025-03-28T19:10:38.5687330+00:00,9,-61,1.79168956,K2
2025-03-28T19:10:39.1074920+00:00,1,-59,6.123651305,K2
2025-03-28T19:10:39.2237250+00:00,9,-61,1.822369176,K2
2025-03-28T19:10:39.8102530+00:00,1,-59,5.902758072,K2
2025-03-28T19:10:39.9487010+00:00,9,-60.5,1.840776945,K2
2025-03-28T19:10:40.5317080+00:00,1,-60,6.246369768,K2
2025-03-28T19:10:40.6519010+00:00,9,-60.5,2.037126486,K2
2025-03-28T19:10:40.8122070+00:00,9,-61.5,2.015650755,K2
2025-03-28T19:10:41.3759240+00:00,1,-60,5.638913376,K2
2025-03-28T19:10:41.4759030+00:00,9,-61,2.092349795,K2
2025-03-28T19:10:42.0715910+00:00,1,-60,5.52846676,K2
2025-03-28T19:10:42.1908230+00:00,9,-62.5,2.435961491,K2
2025-03-28T19:10:43.1386530+00:00,9,-68,4.430136515,K2
2025-03-28T19:10:43.5287590+00:00,1,-56,0.052155347,K2
2025-03-28T19:10:43.6992450+00:00,9,-60.5,0.521553468,K2
2025-03-28T19:10:44.2357330+00:00,1,-55,5.807651263,K2
2025-03-28T19:10:44.4189340+00:00,9,-59.5,1.171961322,K2
2025-03-28T19:10:45.0210200+00:00,1,-56.5,6.221826076,K2
2025-03-28T19:10:45.1598760+00:00,9,-59,0.852893318,K2
2025-03-28T19:10:45.6403160+00:00,1,-56.5,5.982525073,K2
2025-03-28T19:10:45.7739130+00:00,9,-59,0.791534087,K2
2025-03-28T19:10:46.2746510+00:00,1,-56,6.280117346,K2
2025-03-28T19:10:46.4311470+00:00,9,-59,0.742446701,K2
2025-03-28T19:10:46.9164580+00:00,1,-56,0.015339808,K2
2025-03-28T19:10:47.0777190+00:00,9,-59.5,0.920388473,K2
2025-03-28T19:10:47.5505130+00:00,1,-55,2.865476112,K2
2025-03-28T19:10:47.7226570+00:00,9,-62.5,1.159689476,K2
2025-03-28T19:10:48.4456820+00:00,9,-72.5,3.497476196,K2
2025-03-28T19:10:49.2325990+00:00,9,-66,1.086058398,K2
2025-03-28T19:10:49.5840410+00:00,17,-74.5,2.613903263,K2
2025-03-28T19:10:50.7383440+00:00,9,-70.5,4.933282214,K2
2025-03-28T19:10:50.9937500+00:00,17,-75,6.007068765,K2
2025-03-28T19:10:51.5016650+00:00,9,-69.5,4.78908802,K2
2025-03-28T19:10:52.1866290+00:00,9,-69.5,4.982369599,K2
2025-03-28T19:10:52.4113810+00:00,17,-73.5,5.645049299,K2
2025-03-28T19:10:53.0161070+00:00,9,-69.5,4.736932673,K2
2025-03-28T19:10:53.6691130+00:00,9,-69,4.871922982,K2
2025-03-28T19:10:54.2625950+00:00,9,-67.5,1.294679785,K2
2025-03-28T19:10:54.5438500+00:00,17,-72.5,5.381204604,K2
2025-03-28T19:10:54.8106970+00:00,1,-60,6.031612458,K2
2025-03-28T19:10:54.9567530+00:00,9,-68.5,4.509903516,K2
2025-03-28T19:10:55.6576760+00:00,9,-68.5,5.862874571,K2
2025-03-28T19:10:56.2449520+00:00,9,-67,3.994485972,K2
2025-03-28T19:10:56.4721850+00:00,9,-60.5,6.092971689,K2
2025-03-28T19:10:57.0476140+00:00,9,-60.5,2.93910719,K2
2025-03-28T19:10:57.8029620+00:00,9,-61,2.963650882,K2
2025-03-28T19:10:58.5552770+00:00,9,-63.5,3.006602344,K2
2025-03-28T19:10:59.2453720+00:00,9,-65,5.921165841,K2
2025-03-28T19:10:59.8729790+00:00,9,-62.5,2.35619449,K2
2025-03-28T19:11:00.7376670+00:00,9,-61,3.13545673,K2
2025-03-28T19:11:01.3294160+00:00,9,-61.5,3.190680039,K2
2025-03-28T19:11:01.9180650+00:00,9,-62,2.779573188,K2
2025-03-28T19:11:02.6167490+00:00,9,-62,2.583223647,K2
2025-03-28T19:11:03.2159010+00:00,9,-64,2.797980957,K2
2025-03-28T19:11:03.8943990+00:00,9,-64,2.68753434,K2
2025-03-28T19:11:04.6963040+00:00,9,-61.5,2.190524565,K2
2025-03-28T19:11:05.3203970+00:00,9,-62,0.006135923,K2
2025-03-28T19:11:05.9906100+00:00,9,-56,4.172427743,K2
2025-03-28T19:11:06.2295480+00:00,17,-71.5,4.939418137,K2
2025-03-28T19:11:06.6157930+00:00,9,-56,4.172427743,K2
2025-03-28T19:11:06.8615060+00:00,17,-72.5,2.380738183,K2
2025-03-28T19:11:07.3358250+00:00,9,-56,4.485359824,K2
2025-03-28T19:11:07.5530030+00:00,17,-71,5.203262833,K2
2025-03-28T19:11:07.9925250+00:00,9,-57,4.307418052,K2
2025-03-28T19:11:08.1910130+00:00,9,-57,1.018563243,K2
2025-03-28T19:11:08.3953660+00:00,17,-70,5.399612373,K2
2025-03-28T19:11:08.8056440+00:00,9,-55,4.037437434,K2
2025-03-28T19:11:09.0230470+00:00,17,-71.5,5.773903686,K2
2025-03-28T19:11:09.4127380+00:00,9,-56,4.289010283,K2
2025-03-28T19:11:09.6388270+00:00,17,-72,2.546408108,K2
2025-03-28T19:11:10.1333660+00:00,9,-71,0.748582624,K2
2025-03-28T19:11:10.3151460+00:00,17,-72,0.269980619,K2
2025-03-28T19:11:10.5265330+00:00,1,-55,5.727884262,K2
2025-03-28T19:11:10.7294500+00:00,9,-56,5.29530168,K2
2025-03-28T19:11:10.9929070+00:00,17,-72.5,0.110446617,K2
2025-03-28T19:11:11.2270850+00:00,1,-55.5,5.537670644,K2
2025-03-28T19:11:11.4230560+00:00,9,-53,5.135767678,K2
2025-03-28T19:11:11.6618990+00:00,17,-73.5,0.024543693,K2
2025-03-28T19:11:11.8866900+00:00,1,-56.5,5.856738648,K2
2025-03-28T19:11:12.1983940+00:00,9,-52.5,5.080544369,K2
2025-03-28T19:11:12.4279880+00:00,17,-72.5,0.055223308,K2
2025-03-28T19:11:12.6490580+00:00,1,-56.5,5.773903686,K2
2025-03-28T19:11:12.8187650+00:00,9,-53,5.141903601,K2
2025-03-28T19:11:13.0551880+00:00,17,-72,0.269980619,K2
2025-03-28T19:11:13.4345840+00:00,9,-53,5.049864754,K2
2025-03-28T19:11:13.6842720+00:00,17,-72.5,6.068427997,K2
2025-03-28T19:11:13.9264610+00:00,1,-56.5,5.663457069,K2
2025-03-28T19:11:14.0988950+00:00,9,-52.5,5.135767678,K2
2025-03-28T19:11:14.3352110+00:00,17,-72.5,0.055223308,K2
2025-03-28T19:11:14.5697710+00:00,1,-57,5.638913376,K2
2025-03-28T19:11:14.7198710+00:00,9,-53.5,5.080544369,K2
2025-03-28T19:11:14.9797130+00:00,17,-73,5.810719225,K2
2025-03-28T19:11:15.1792950+00:00,1,-55.5,5.703340569,K2
2025-03-28T19:11:15.3767690+00:00,9,-55,5.092816216,K2
2025-03-28T19:11:15.5571880+00:00,17,-68,6.138991113,K2
2025-03-28T19:11:15.8090400+00:00,1,-59,5.608233761,K2
2025-03-28T19:11:16.1211190+00:00,9,-60,3.657010198,K2
2025-03-28T19:11:16.3587110+00:00,17,-71,6.258641615,K2
2025-03-28T19:11:16.6301410+00:00,1,-58,3.804272354,K2
2025-03-28T19:11:17.2551840+00:00,1,-58.5,0.68108747,K2
2025-03-28T19:11:17.4736580+00:00,9,-73.5,6.031612458,K2
2025-03-28T19:11:18.1725920+00:00,9,-72.5,5.645049299,K2
2025-03-28T19:11:18.3738650+00:00,17,-73.5,6.154330921,K2
2025-03-28T19:11:18.6294220+00:00,1,-61,0.23316508,K2
2025-03-28T19:11:18.8485550+00:00,9,-70.5,5.35359295,K2
2025-03-28T19:11:19.0554430+00:00,17,-72.5,6.246369768,K2
2025-03-28T19:11:19.5359250+00:00,9,-70,5.580622106,K2
2025-03-28T19:11:19.7552670+00:00,17,-73.5,0.061359232,K2
2025-03-28T19:11:19.9868410+00:00,17,-73.5,6.264777538,K2
2025-03-28T19:11:20.3436950+00:00,9,-71.5,5.645049299,K2
2025-03-28T19:11:20.7839850+00:00,1,-59,3.380893656,K2
2025-03-28T19:11:21.0639690+00:00,9,-73.5,0.312932081,K2
2025-03-28T19:11:21.5905390+00:00,1,-57.5,0.754718548,K2
2025-03-28T19:11:21.7631430+00:00,9,-64.5,3.871767509,K2
2025-03-28T19:11:22.5142310+00:00,9,-71.5,1.840776945,K2
2025-03-28T19:11:22.6863230+00:00,17,-71,0.44792239,K2
2025-03-28T19:11:23.1568990+00:00,9,-63,4.154019974,K2
2025-03-28T19:11:23.4143700+00:00,17,-71.5,0.319068004,K2
2025-03-28T19:11:23.9798820+00:00,9,-73,4.49763167,K2
2025-03-28T19:11:24.1946750+00:00,17,-71,0.650407854,K2
2025-03-28T19:11:24.6412290+00:00,9,-72,1.178097245,K2
2025-03-28T19:11:24.8977010+00:00,17,-72.5,1.067650628,K2
2025-03-28T19:11:25.2848460+00:00,9,-73,1.570796327,K2
2025-03-28T19:11:25.4832790+00:00,17,-71.5,4.313553976,K2
2025-03-28T19:11:25.9363100+00:00,9,-73,2.386874106,K2
2025-03-28T19:11:26.1493030+00:00,17,-72,4.344233591,K2
2025-03-28T19:11:26.5504100+00:00,9,-74,2.58935957,K2
2025-03-28T19:11:26.8069470+00:00,17,-71,1.135145783,K2
2025-03-28T19:11:27.1943210+00:00,9,-72.5,5.049864754,K2
2025-03-28T19:11:27.4005660+00:00,17,-72,1.171961322,K2
2025-03-28T19:11:27.9372280+00:00,9,-72.5,1.650563328,K2
2025-03-28T19:11:28.5714300+00:00,9,-65.5,4.583534594,K2
2025-03-28T19:11:28.8020140+00:00,17,-70,3.920854894,K2
2025-03-28T19:11:29.9188390+00:00,9,-73,5.233942448,K2
2025-03-28T19:11:30.1245320+00:00,17,-73.5,6.185010537,K2
2025-03-28T19:11:30.5290240+00:00,9,-57.5,4.080388896,K2
2025-03-28T19:11:30.8329680+00:00,17,-74,6.07456392,K2
2025-03-28T19:11:31.1583680+00:00,9,-57.5,3.945398586,K2
2025-03-28T19:11:31.4659450+00:00,17,-75.5,6.013204689,K2
2025-03-28T19:11:31.9887270+00:00,9,-58.5,4.338097668,K2
2025-03-28T19:11:32.6196800+00:00,9,-57.5,4.252194744,K2
2025-03-28T19:11:32.8809530+00:00,17,-75.5,6.185010537,K2
2025-03-28T19:11:33.3136940+00:00,9,-57.5,4.215379205,K2
2025-03-28T19:11:33.9608750+00:00,9,-57.5,4.227651051,K2
2025-03-28T19:11:34.2256590+00:00,17,-76,6.221826076,K2
2025-03-28T19:11:34.5895230+00:00,9,-57.5,4.239922898,K2
2025-03-28T19:11:34.9010770+00:00,17,-75.5,6.050020227,K2
2025-03-28T19:11:35.2555320+00:00,9,-57.5,4.184699589,K2
2025-03-28T19:11:35.6113800+00:00,17,-72,2.4911848,K2
2025-03-28T19:11:36.0440840+00:00,9,-57.5,4.117204435,K2
2025-03-28T19:11:36.3329430+00:00,17,-72.5,2.908427574,K2
2025-03-28T19:11:36.7218850+00:00,9,-66,6.105243536,K2
2025-03-28T19:11:37.5795520+00:00,9,-61.5,1.116738014,K2
2025-03-28T19:11:37.8614230+00:00,17,-74,0.33133985,K2
2025-03-28T19:11:38.0137700+00:00,25,-68.5,1.57693225,K2
2025-03-28T19:11:38.1851250+00:00,1,-59,5.025321061,K2
2025-03-28T19:11:38.3669590+00:00,9,-64,3.822680123,K2
2025-03-28T19:11:38.6967640+00:00,17,-73.5,0.269980619,K2
2025-03-28T19:11:38.8318550+00:00,25,-68,4.663301595,K2
2025-03-28T19:11:39.0002160+00:00,1,-57.5,5.589825991,K2
2025-03-28T19:11:39.2023950+00:00,9,-65,3.890175278,K2
2025-03-28T19:11:39.5368810+00:00,17,-72.5,0.110446617,K2
2025-03-28T19:11:39.7534000+00:00,1,-57,5.362796834,K2
2025-03-28T19:11:39.9285860+00:00,9,-65,3.589515044,K2
2025-03-28T19:11:40.1576590+00:00,17,-72,0.601320469,K2
2025-03-28T19:11:40.5293590+00:00,1,-57,5.27689391,K2
2025-03-28T19:11:40.7614780+00:00,9,-64,3.595650967,K2
2025-03-28T19:11:40.9968690+00:00,17,-73,0.245436926,K2
2025-03-28T19:11:41.1933410+00:00,25,-68.5,1.313087554,K2
2025-03-28T19:11:41.3582380+00:00,1,-56.5,5.39347645,K2
2025-03-28T19:11:41.5594060+00:00,9,-64.5,3.534291735,K2
2025-03-28T19:11:41.7667400+00:00,17,-71.5,6.240233845,K2
2025-03-28T19:11:41.9869890+00:00,25,-67.5,1.356039016,K2
2025-03-28T19:11:42.1657630+00:00,1,-58,5.497787144,K2
2025-03-28T19:11:42.3608610+00:00,9,-65,3.890175278,K2
2025-03-28T19:11:42.6142760+00:00,17,-71.5,0.263844696,K2
2025-03-28T19:11:43.0130930+00:00,9,-62.5,3.497476196,K2
2025-03-28T19:11:43.5981330+00:00,25,-68,1.184233168,K2
2025-03-28T19:11:43.7768030+00:00,1,-60,1.613747789,K2
2025-03-28T19:11:43.9492310+00:00,9,-62.5,3.307262579,K2
2025-03-28T19:11:44.2413250+00:00,17,-73.5,0.312932081,K2
2025-03-28T19:11:44.3961640+00:00,25,-66.5,4.200039397,K2
2025-03-28T19:11:44.7427860+00:00,9,-61.5,3.466796581,K2
2025-03-28T19:11:45.4207430+00:00,9,-63,3.871767509,K2
2025-03-28T19:11:46.0542820+00:00,9,-63.5,4.479223901,K2
2025-03-28T19:11:46.6913470+00:00,9,-63.5,4.374913207,K2
2025-03-28T19:11:47.4678990+00:00,9,-60.5,3.074097499,K2
2025-03-28T19:11:47.7316890+00:00,17,-73.5,0.251572849,K2
2025-03-28T19:11:48.1364730+00:00,9,-61,3.227495578,K2
2025-03-28T19:11:48.6586600+00:00,1,-60,4.190835513,K2
2025-03-28T19:11:48.7673070+00:00,9,-61,3.411573272,K2
2025-03-28T19:11:49.0070910+00:00,17,-72,0.435650544,K2
2025-03-28T19:11:49.3802910+00:00,9,-61,3.282718886,K2
2025-03-28T19:11:49.6255710+00:00,17,-73,0.460194236,K2
2025-03-28T19:11:50.0945380+00:00,9,-60.5,3.190680039,K2
2025-03-28T19:11:50.3280050+00:00,17,-73,0.859029241,K2
2025-03-28T19:11:50.7740810+00:00,9,-61.5,3.38702958,K2
2025-03-28T19:11:51.5578830+00:00,9,-65,5.872078456,K2
2025-03-28T19:11:52.1401220+00:00,9,-62.5,5.467107528,K2
2025-03-28T19:11:52.8698960+00:00,9,-57,5.129631755,K2
2025-03-28T19:11:53.5699080+00:00,9,-56,5.068272523,K2
2025-03-28T19:11:54.2034010+00:00,9,-56.5,5.098952139,K2
2025-03-28T19:11:54.8699670+00:00,9,-56.5,4.804427828,K2
2025-03-28T19:11:55.1077290+00:00,9,-56.5,4.878058905,K2
2025-03-28T19:11:55.7137310+00:00,9,-57,4.767612289,K2
2025-03-28T19:11:55.9451140+00:00,17,-74.5,5.773903686,K2
2025-03-28T19:11:56.3072740+00:00,9,-58,4.644893826,K2
2025-03-28T19:11:56.6090130+00:00,17,-74,2.215068258,K2
2025-03-28T19:11:56.9782880+00:00,9,-61.5,4.534447209,K2
2025-03-28T19:11:57.7711390+00:00,9,-72.5,5.301437603,K2
2025-03-28T19:11:58.3311860+00:00,9,-58,4.154019974,K2
2025-03-28T19:11:59.1402820+00:00,9,-57,4.503767593,K2
2025-03-28T19:11:59.7506470+00:00,9,-58,4.436272439,K2
2025-03-28T19:12:00.4081020+00:00,9,-57.5,4.61421421,K2
2025-03-28T19:12:01.0219430+00:00,9,-57,4.424000592,K2
2025-03-28T19:12:01.6487150+00:00,9,-57.5,4.356505438,K2
2025-03-28T19:12:02.2527470+00:00,9,-57.5,4.571262748,K2
2025-03-28T19:12:03.0351960+00:00,9,-57,4.485359824,K2
2025-03-28T19:12:03.6701300+00:00,9,-58,4.49763167,K2
2025-03-28T19:12:04.2754250+00:00,9,-57,4.528311286,K2
2025-03-28T19:12:04.9642980+00:00,9,-56.5,4.706253057,K2
2025-03-28T19:12:05.6300740+00:00,9,-68.5,0.530757353,K2
2025-03-28T19:12:06.2923450+00:00,9,-58,2.699806187,K2
2025-03-28T19:12:06.8845230+00:00,1,-59.5,3.749049046,K2
2025-03-28T19:12:07.0205420+00:00,9,-57,2.656854725,K2
2025-03-28T19:12:07.3178110+00:00,17,-73,5.485515297,K2
2025-03-28T19:12:07.5492200+00:00,1,-58,0.380427235,K2
2025-03-28T19:12:07.7379400+00:00,9,-59,2.264155643,K2
2025-03-28T19:12:08.0145860+00:00,17,-72.5,6.252505691,K2
2025-03-28T19:12:08.2260820+00:00,1,-59.5,3.607922813,K2
2025-03-28T19:12:08.3820420+00:00,9,-58.5,2.681398417,K2
2025-03-28T19:12:09.0444900+00:00,9,-59.5,2.982058652,K2
2025-03-28T19:12:09.8319610+00:00,9,-57.5,2.411417799,K2
2025-03-28T19:12:10.4615290+00:00,9,-57,2.552544031,K2
2025-03-28T19:12:10.7467260+00:00,9,-57.5,5.847534763,K2
2025-03-28T19:12:11.3150170+00:00,9,-59,2.785709111,K2
2025-03-28T19:12:11.9771690+00:00,9,-59,2.82252465,K2
2025-03-28T19:12:12.5822640+00:00,9,-59.5,2.767301341,K2
2025-03-28T19:12:13.2038600+00:00,9,-58,2.442097414,K2
2025-03-28T19:12:13.9384570+00:00,9,-58,2.153709026,K2
2025-03-28T19:12:14.5043670+00:00,1,-60.5,0.374291312,K2
2025-03-28T19:12:14.6735310+00:00,1,-59.5,0.552233084,K2
2025-03-28T19:12:14.8017950+00:00,9,-58.5,1.01242732,K2
2025-03-28T19:12:15.0449650+00:00,17,-63.5,2.883883881,K2
2025-03-28T19:12:15.4818140+00:00,9,-54.5,1.466485633,K2
2025-03-28T19:12:15.7219360+00:00,17,-62.5,2.644582878,K2
2025-03-28T19:12:15.9911420+00:00,1,-58,4.16629182,K2
2025-03-28T19:12:16.1380550+00:00,9,-54.5,1.374446786,K2
2025-03-28T19:12:16.3489140+00:00,17,-64.5,2.399145952,K2
2025-03-28T19:12:16.6049110+00:00,1,-57.5,1.202640938,K2
2025-03-28T19:12:16.7575030+00:00,9,-53.5,1.527844865,K2
2025-03-28T19:12:16.9503130+00:00,17,-63.5,2.147573103,K2
2025-03-28T19:12:17.2189450+00:00,1,-55.5,4.26446659,K2
2025-03-28T19:12:17.3903120+00:00,9,-53.5,1.368310863,K2
2025-03-28T19:12:17.6019360+00:00,17,-64,2.47277703,K2
2025-03-28T19:12:17.8763760+00:00,1,-57,4.417864669,K2
2025-03-28T19:12:18.0307000+00:00,9,-54.5,1.491029326,K2
2025-03-28T19:12:18.2299790+00:00,17,-64.5,2.540272185,K2
2025-03-28T19:12:18.6187680+00:00,1,-57,1.233320553,K2
2025-03-28T19:12:18.7818400+00:00,9,-54,1.564660404,K2
2025-03-28T19:12:18.9978810+00:00,17,-66,5.52846676,K2
2025-03-28T19:12:19.2745840+00:00,1,-57.5,4.509903516,K2
2025-03-28T19:12:19.4155450+00:00,9,-54.5,1.718058482,K2
2025-03-28T19:12:19.6631860+00:00,17,-63,2.540272185,K2
2025-03-28T19:12:20.0886200+00:00,1,-55,3.862563624,K2
2025-03-28T19:12:20.2585360+00:00,9,-58,1.184233168,K2
2025-03-28T19:12:20.4928830+00:00,17,-71.5,6.19114646,K2
2025-03-28T19:12:20.8924540+00:00,9,-55,2.386874106,K2
2025-03-28T19:12:21.1979280+00:00,17,-70,4.473087977,K2
2025-03-28T19:12:21.6046480+00:00,9,-55,2.405281875,K2
2025-03-28T19:12:21.8733030+00:00,17,-69.5,1.438873979,K2
2025-03-28T19:12:22.2993500+00:00,9,-54.5,2.466641107,K2
2025-03-28T19:12:22.4956700+00:00,9,-54,5.565282298,K2
2025-03-28T19:12:22.7518300+00:00,17,-69.5,1.331495324,K2
2025-03-28T19:12:23.1062150+00:00,9,-54.5,2.343922644,K2
2025-03-28T19:12:23.4025500+00:00,17,-69.5,4.61421421,K2
2025-03-28T19:12:23.8028290+00:00,9,-55,2.411417799,K2
2025-03-28T19:12:24.0533270+00:00,17,-69.5,1.632155558,K2
2025-03-28T19:12:24.4649910+00:00,9,-56,2.497320723,K2
2025-03-28T19:12:24.6911460+00:00,17,-68.5,4.859651136,K2
2025-03-28T19:12:24.9616700+00:00,25,-72.5,0.595184546,K2
2025-03-28T19:12:25.2706490+00:00,9,-54.5,2.393010029,K2
2025-03-28T19:12:25.5392840+00:00,17,-69,1.567728365,K2
2025-03-28T19:12:25.7536780+00:00,25,-72,0.435650544,K2
2025-03-28T19:12:26.0397340+00:00,9,-53.5,2.343922644,K2
2025-03-28T19:12:26.4449140+00:00,17,-69,1.613747789,K2
2025-03-28T19:12:26.8206660+00:00,9,-54.5,2.276427489,K2
2025-03-28T19:12:27.0994600+00:00,17,-70,1.638291481,K2
2025-03-28T19:12:27.3459350+00:00,25,-72.5,0.165669925,K2
2025-03-28T19:12:27.6304880+00:00,9,-54.5,2.558679954,K2
2025-03-28T19:12:28.0681590+00:00,25,-70.5,6.043884304,K2
2025-03-28T19:12:28.3761250+00:00,9,-62,2.607767339,K2
2025-03-28T19:12:28.6530770+00:00,17,-72.5,0.073631078,K2
2025-03-28T19:12:29.1954460+00:00,9,-69,5.233942448,K2
2025-03-28T19:12:29.6236790+00:00,1,-60,1.546252634,K2
2025-03-28T19:12:29.7491620+00:00,9,-59,2.190524565,K2
2025-03-28T19:12:30.3411900+00:00,1,-59,4.620350133,K2
2025-03-28T19:12:30.4960170+00:00,9,-59,2.669126571,K2
2025-03-28T19:12:31.0803510+00:00,1,-58.5,1.331495324,K2
2025-03-28T19:12:31.2548760+00:00,9,-58,2.386874106,K2
2025-03-28T19:12:31.8271990+00:00,1,-59,4.3994569,K2
2025-03-28T19:12:31.9526750+00:00,9,-58.5,2.227340104,K2
2025-03-28T19:12:32.4929330+00:00,1,-58.5,1.086058398,K2
2025-03-28T19:12:32.6460380+00:00,9,-58,2.393010029,K2
2025-03-28T19:12:33.1670990+00:00,1,-59,1.178097245,K2
2025-03-28T19:12:33.3400770+00:00,9,-57.5,2.337786721,K2
2025-03-28T19:12:33.8561360+00:00,1,-58.5,1.104466167,K2
2025-03-28T19:12:34.2968850+00:00,9,-58,5.651185223,K2
2025-03-28T19:12:34.7334780+00:00,1,-58.5,4.626486056,K2
2025-03-28T19:12:34.9115780+00:00,9,-58.5,2.528000338,K2
2025-03-28T19:12:35.4721070+00:00,1,-60,4.528311286,K2
2025-03-28T19:12:35.5879530+00:00,9,-59.5,1.742602175,K2
2025-03-28T19:12:36.0465540+00:00,25,-72,0.09817477,K2
2025-03-28T19:12:36.1955210+00:00,1,-55.5,2.693670264,K2
2025-03-28T19:12:36.3577570+00:00,9,-63,1.349903093,K2
2025-03-28T19:12:36.9349790+00:00,1,-61,0.134990309,K2
2025-03-28T19:12:37.0440950+00:00,9,-62,1.67510702,K2
2025-03-28T19:12:37.5556100+00:00,1,-61,0.177941771,K2
2025-03-28T19:12:37.7109700+00:00,9,-60.5,1.552388557,K2
2025-03-28T19:12:38.4554000+00:00,1,-61,0.417242774,K2
2025-03-28T19:12:38.5592530+00:00,9,-60,1.613747789,K2
2025-03-28T19:12:39.0789260+00:00,1,-60,3.264311117,K2
2025-03-28T19:12:39.2489360+00:00,9,-60.5,1.423534171,K2
2025-03-28T19:12:39.7365340+00:00,1,-60.5,0.374291312,K2
2025-03-28T19:12:39.9111970+00:00,9,-60,1.601475943,K2
2025-03-28T19:12:40.4379990+00:00,1,-59.5,6.227961999,K2
2025-03-28T19:12:40.6222510+00:00,9,-60.5,1.417398248,K2
2025-03-28T19:12:41.1144870+00:00,1,-60.5,0.34974762,K2
2025-03-28T19:12:41.3097680+00:00,9,-61.5,1.644427405,K2
2025-03-28T19:12:41.9235490+00:00,1,-58,5.749359993,K2
2025-03-28T19:12:42.0460020+00:00,1,-55.5,5.651185223,K2
2025-03-28T19:12:42.2690150+00:00,9,-69,0.362019466,K2
2025-03-28T19:12:42.6712600+00:00,1,-55.5,2.807184842,K2
2025-03-28T19:12:42.8524630+00:00,9,-59.5,4.368777284,K2
2025-03-28T19:12:43.2956720+00:00,25,-69.5,5.620505607,K2
2025-03-28T19:12:43.4704010+00:00,1,-57.5,0.036815539,K2
2025-03-28T19:12:43.7045710+00:00,9,-60.5,4.755340442,K2
2025-03-28T19:12:44.1328160+00:00,25,-69,5.780039609,K2
2025-03-28T19:12:44.3031130+00:00,1,-57.5,0.036815539,K2
2025-03-28T19:12:44.4709080+00:00,9,-60.5,4.657165672,K2
2025-03-28T19:12:44.9152720+00:00,25,-69,5.902758072,K2
2025-03-28T19:12:45.1035650+00:00,1,-57.5,6.129787228,K2
2025-03-28T19:12:45.2594410+00:00,9,-60.5,4.896466675,K2
2025-03-28T19:12:45.7299470+00:00,25,-69.5,5.810719225,K2
2025-03-28T19:12:46.0088830+00:00,1,-58.5,0.184077695,K2
2025-03-28T19:12:46.1539410+00:00,9,-61,5.013049215,K2
2025-03-28T19:12:46.6487850+00:00,25,-69,5.908893995,K2
2025-03-28T19:12:46.8198530+00:00,1,-58.5,5.933437688,K2
2025-03-28T19:12:46.9749880+00:00,9,-61,4.921010368,K2
2025-03-28T19:12:47.4769540+00:00,25,-69,5.381204604,K2
2025-03-28T19:12:47.6587000+00:00,1,-58.5,6.111379459,K2
2025-03-28T19:12:47.8251450+00:00,9,-61.5,4.540583132,K2
2025-03-28T19:12:48.3069510+00:00,25,-70,5.503923067,K2
2025-03-28T19:12:48.4761310+00:00,1,-58.5,6.203418306,K2
2025-03-28T19:12:48.6451480+00:00,9,-61,4.38104913,K2
2025-03-28T19:12:49.1109960+00:00,1,-55.5,0.242368964,K2
2025-03-28T19:12:49.2968170+00:00,9,-64.5,2.092349795,K2
2025-03-28T19:12:49.6073050+00:00,17,-71,1.159689476,K2
2025-03-28T19:12:49.9031240+00:00,1,-55.5,0.0398835,K2
2025-03-28T19:12:50.0902720+00:00,9,-64,5.810719225,K2
2025-03-28T19:12:50.8105650+00:00,9,-65,5.105088062,K2
2025-03-28T19:12:51.0484120+00:00,17,-68.5,1.365242901,K2
2025-03-28T19:12:51.3457230+00:00,1,-57,0,K2
2025-03-28T19:12:51.5072040+00:00,9,-64.5,4.96396183,K2
2025-03-28T19:12:51.7723110+00:00,17,-70,4.203107359,K2
2025-03-28T19:12:52.0333610+00:00,1,-55.5,0.23316508,K2
2025-03-28T19:12:52.2625800+00:00,9,-63,4.871922982,K2
2025-03-28T19:12:52.5152420+00:00,17,-69,1.122873937,K2
2025-03-28T19:12:52.7409090+00:00,1,-56,0.245436926,K2
2025-03-28T19:12:52.9756260+00:00,9,-64.5,5.092816216,K2
2025-03-28T19:12:53.2485600+00:00,17,-68.5,4.178563666,K2
2025-03-28T19:12:53.4834870+00:00,1,-54.5,6.240233845,K2
2025-03-28T19:12:53.6633940+00:00,9,-66.5,5.233942448,K2
2025-03-28T19:12:53.8492430+00:00,9,-70.5,5.203262833,K2
2025-03-28T19:12:54.0458970+00:00,17,-68.5,0.711767086,K2
2025-03-28T19:12:54.2561280+00:00,1,-54.5,4.795223943,K2
2025-03-28T19:12:55.0614780+00:00,1,-60,0.699495239,K2
2025-03-28T19:12:55.6975850+00:00,1,-58.5,0.883572934,K2
2025-03-28T19:12:55.9314670+00:00,9,-70,4.289010283,K2
2025-03-28T19:12:57.4495000+00:00,9,-71,0.141126232,K2
2025-03-28T19:12:58.0431110+00:00,1,-59.5,0.552233084,K2
2025-03-28T19:12:58.2537080+00:00,9,-72.5,0.190213618,K2
2025-03-28T19:12:58.9362340+00:00,9,-73,0.300660234,K2
2025-03-28T19:12:59.5322350+00:00,1,-60,0.595184546,K2
2025-03-28T19:12:59.7656440+00:00,9,-74,4.749204519,K2
2025-03-28T19:13:00.3292960+00:00,9,-60,2.644582878,K2
2025-03-28T19:13:00.9779080+00:00,9,-68.5,4.350369514,K2
2025-03-28T19:13:01.7981730+00:00,9,-68,4.476155939,K2
2025-03-28T19:13:02.5133690+00:00,9,-67.5,4.104932588,K2
2025-03-28T19:13:03.2032040+00:00,9,-66,4.454680208,K2
2025-03-28T19:13:03.8641200+00:00,9,-68,1.257864246,K2
2025-03-28T19:13:04.5614010+00:00,9,-67,1.270136092,K2
2025-03-28T19:13:05.2257430+00:00,9,-64,4.252194744,K2
2025-03-28T19:13:06.3335250+00:00,17,-71,1.190369091,K2
2025-03-28T19:13:06.8049070+00:00,9,-71,4.693981211,K2
2025-03-28T19:13:07.0374880+00:00,17,-70,1.178097245,K2
2025-03-28T19:13:07.5384200+00:00,9,-71.5,0.429514621,K2
2025-03-28T19:13:07.7768840+00:00,17,-70.5,0.693359316,K2
2025-03-28T19:13:08.1923180+00:00,9,-64.5,3.926990817,K2
2025-03-28T19:13:08.4997570+00:00,17,-72,4.233786975,K2
2025-03-28T19:13:08.8490060+00:00,9,-67,3.908583048,K2
2025-03-28T19:13:09.0807010+00:00,17,-71,0.932660319,K2
2025-03-28T19:13:09.8159380+00:00,9,-72.5,0.460194236,K2
2025-03-28T19:13:09.9981900+00:00,17,-72.5,1.834641022,K2
2025-03-28T19:13:10.3984520+00:00,9,-61,2.393010029,K2
2025-03-28T19:13:10.9371200+00:00,1,-58,4.835107443,K2
2025-03-28T19:13:11.0922100+00:00,9,-58,1.000155474,K2
2025-03-28T19:13:11.5949320+00:00,1,-57,5.534602683,K2
2025-03-28T19:13:11.7403350+00:00,9,-59.5,0.852893318,K2
2025-03-28T19:13:12.2416150+00:00,1,-57,5.301437603,K2
2025-03-28T19:13:12.4561650+00:00,9,-59,1.030835089,K2
2025-03-28T19:13:13.0135460+00:00,1,-57,5.240078371,K2
2025-03-28T19:13:13.2021740+00:00,9,-59,0.77926224,K2
2025-03-28T19:13:13.3454570+00:00,9,-60.5,0.754718548,K2
2025-03-28T19:13:13.8697830+00:00,1,-56.5,2.030990563,K2
2025-03-28T19:13:14.0255310+00:00,9,-59.5,0.944932165,K2
2025-03-28T19:13:14.5471990+00:00,1,-57.5,5.41188422,K2
2025-03-28T19:13:14.6853570+00:00,9,-59.5,0.883572934,K2
2025-03-28T19:13:15.1920070+00:00,1,-56,5.35359295,K2
2025-03-28T19:13:15.3908230+00:00,9,-59,0.920388473,K2
2025-03-28T19:13:15.8526000+00:00,1,-57.5,4.84737929,K2
2025-03-28T19:13:16.0372810+00:00,9,-62,0.09817477,K2
2025-03-28T19:13:16.5440050+00:00,1,-57,0.082834963,K2
2025-03-28T19:13:16.7195050+00:00,9,-64.5,1.282407939,K2
2025-03-28T19:13:17.3494340+00:00,1,-56.5,6.270913461,K2
2025-03-28T19:13:17.5521170+00:00,9,-65,0.742446701,K2
2025-03-28T19:13:18.0446750+00:00,1,-57,0.257708772,K2
2025-03-28T19:13:18.2603030+00:00,9,-65,0.613592315,K2
2025-03-28T19:13:18.7454220+00:00,1,-57,0.107378655,K2
2025-03-28T19:13:18.9409170+00:00,9,-63,0.766990394,K2
2025-03-28T19:13:19.6279810+00:00,9,-64.5,1.221048707,K2
2025-03-28T19:13:19.9278120+00:00,17,-74,0.552233084,K2
2025-03-28T19:13:20.1261870+00:00,1,-56,6.160466844,K2
2025-03-28T19:13:20.7262230+00:00,17,-73,0.938796242,K2
2025-03-28T19:13:20.9137600+00:00,1,-55,6.065360035,K2
2025-03-28T19:13:21.1911000+00:00,9,-65.5,2.288699336,K2
2025-03-28T19:13:21.7026230+00:00,1,-55,0.343611696,K2
2025-03-28T19:13:21.8457500+00:00,9,-58.5,5.761631839,K2
2025-03-28T19:13:22.3664840+00:00,25,-69.5,1.448077864,K2
2025-03-28T19:13:22.5257640+00:00,1,-55,0.886640895,K2
2025-03-28T19:13:22.6791370+00:00,9,-60,5.853670687,K2
2025-03-28T19:13:22.9747840+00:00,17,-73,2.656854725,K2
2025-03-28T19:13:23.1983080+00:00,1,-57,0.963339935,K2
2025-03-28T19:13:23.3430060+00:00,9,-61.5,6.166602767,K2
2025-03-28T19:13:23.6944830+00:00,17,-73,6.185010537,K2
2025-03-28T19:13:23.8656940+00:00,1,-54.5,0.849825356,K2
2025-03-28T19:13:24.1095600+00:00,9,-61.5,6.19114646,K2
2025-03-28T19:13:24.4292550+00:00,17,-73.5,6.264777538,K2
2025-03-28T19:13:24.6076530+00:00,1,-54.5,3.973010241,K2
2025-03-28T19:13:24.8163710+00:00,9,-63.5,0.147262156,K2
2025-03-28T19:13:25.1329620+00:00,9,-63,0.073631078,K2
2025-03-28T19:13:25.3218140+00:00,25,-70.5,1.214912784,K2
2025-03-28T19:13:25.4272940+00:00,1,-55.5,1.079922475,K2
2025-03-28T19:13:25.6112600+00:00,9,-62.5,0.049087385,K2
2025-03-28T19:13:25.8714440+00:00,17,-72.5,5.000777369,K2
2025-03-28T19:13:26.1499430+00:00,1,-56,4.503767593,K2
2025-03-28T19:13:26.3068450+00:00,9,-62.5,5.85980661,K2
2025-03-28T19:13:26.7929500+00:00,1,-56,4.773748212,K2
2025-03-28T19:13:27.0351590+00:00,9,-68,2.233476027,K2
2025-03-28T19:13:27.2489100+00:00,17,-73,0.263844696,K2
2025-03-28T19:13:27.4286970+00:00,25,-70,4.344233591,K2
2025-03-28T19:13:27.5597640+00:00,1,-51,3.632466506,K2
2025-03-28T19:13:27.7636280+00:00,9,-57,5.074408446,K2
2025-03-28T19:13:28.2229990+00:00,25,-66,0.0398835,K2
2025-03-28T19:13:28.3888720+00:00,1,-54.5,5.292233718,K2
2025-03-28T19:13:28.5662900+00:00,9,-57.5,5.97638915,K2
2025-03-28T19:13:28.7962370+00:00,17,-72,5.221670602,K2
2025-03-28T19:13:29.2424300+00:00,1,-55,1.954291524,K2
2025-03-28T19:13:29.4147020+00:00,9,-60,6.031612458,K2
2025-03-28T19:13:29.6623590+00:00,17,-70,5.037592907,K2
2025-03-28T19:13:30.0549630+00:00,9,-59.5,0.036815539,K2
2025-03-28T19:13:30.3353900+00:00,17,-69,4.801359866,K2
2025-03-28T19:13:30.5343640+00:00,25,-68,0.09817477,K2
2025-03-28T19:13:31.1063380+00:00,9,-59,0.092038847,K2
2025-03-28T19:13:31.2412080+00:00,17,-68,4.721592865,K2
2025-03-28T19:13:31.6220060+00:00,1,-59.5,2.080077948,K2
2025-03-28T19:13:31.7664980+00:00,9,-60.5,6.129787228,K2
2025-03-28T19:13:32.0077320+00:00,17,-69.5,5.040660869,K2
2025-03-28T19:13:32.2251690+00:00,25,-68.5,6.129787228,K2
2025-03-28T19:13:32.4073720+00:00,1,-55.5,1.540116711,K2
2025-03-28T19:13:32.5527420+00:00,9,-59.5,5.068272523,K2
2025-03-28T19:13:32.9078450+00:00,17,-68,5.457903643,K2
2025-03-28T19:13:33.1657340+00:00,25,-69.5,1.104466167,K2
2025-03-28T19:13:33.3174500+00:00,1,-55,0.187145656,K2
2025-03-28T19:13:33.4819950+00:00,9,-65,4.878058905,K2
2025-03-28T19:13:33.7151400+00:00,17,-67.5,6.13285519,K2
2025-03-28T19:13:33.9464810+00:00,25,-68.5,4.368777284,K2
2025-03-28T19:13:34.0903170+00:00,1,-55,0.533825314,K2
2025-03-28T19:13:34.2761310+00:00,9,-65,5.233942448,K2
2025-03-28T19:13:34.5608500+00:00,17,-68,5.902758072,K2
2025-03-28T19:13:34.7241980+00:00,25,-66.5,1.294679785,K2
2025-03-28T19:13:34.8959650+00:00,1,-54.5,3.828816047,K2
2025-03-28T19:13:35.1305880+00:00,9,-62,4.761476366,K2
2025-03-28T19:13:35.3744960+00:00,17,-68.5,5.819923109,K2
2025-03-28T19:13:35.5488040+00:00,25,-66,1.221048707,K2
2025-03-28T19:13:35.7047970+00:00,1,-54,3.782796623,K2
2025-03-28T19:13:35.8912540+00:00,9,-63,4.976233676,K2
2025-03-28T19:13:36.1476350+00:00,17,-69.5,5.767767762,K2
2025-03-28T19:13:36.4471980+00:00,1,-52.5,0.398835005,K2
2025-03-28T19:13:36.8099830+00:00,9,-63,5.252350218,K2
2025-03-28T19:13:37.0319040+00:00,17,-67,5.795379417,K2
2025-03-28T19:13:37.2179230+00:00,25,-67.5,4.270602513,K2
2025-03-28T19:13:37.3900680+00:00,1,-56,0.460194236,K2
2025-03-28T19:13:37.5826590+00:00,9,-64,5.368932758,K2
2025-03-28T19:13:38.0531880+00:00,25,-65,0.994019551,K2
2025-03-28T19:13:38.2155970+00:00,1,-54,3.954602471,K2
2025-03-28T19:13:38.4187740+00:00,9,-60,5.350524988,K2
2025-03-28T19:13:38.6981520+00:00,17,-70,5.52846676,K2
2025-03-28T19:13:38.8511510+00:00,25,-65,1.503301172,K2
2025-03-28T19:13:39.0243740+00:00,1,-54,0.414174813,K2
2025-03-28T19:13:39.1898030+00:00,9,-63,4.749204519,K2
2025-03-28T19:13:39.4183620+00:00,17,-68.5,5.592893953,K2
2025-03-28T19:13:39.5948520+00:00,25,-64,1.46034971,K2
2025-03-28T19:13:39.7644760+00:00,1,-54,3.577243197,K2
2025-03-28T19:13:39.9484600+00:00,9,-60.5,5.767767762,K2
2025-03-28T19:13:40.1706910+00:00,17,-65.5,2.153709026,K2
2025-03-28T19:13:40.3478120+00:00,25,-65,1.067650628,K2
2025-03-28T19:13:40.5167370+00:00,1,-54.5,3.899379163,K2
2025-03-28T19:13:40.7296690+00:00,1,-54,0.773126317,K2
2025-03-28T19:14:03.8053790+00:00,9,-65.5,4.074252973,K3
2025-03-28T19:14:04.4804060+00:00,9,-63,4.466952054,K3
2025-03-28T19:14:05.1000960+00:00,9,-64.5,4.417864669,K3
2025-03-28T19:14:05.7890020+00:00,9,-64.5,4.626486056,K3
2025-03-28T19:14:06.5170780+00:00,9,-68,0.969475858,K3
2025-03-28T19:14:07.2234760+00:00,9,-68,0.558369007,K3
2025-03-28T19:14:07.8579950+00:00,1,-60.5,0.441786467,K3
2025-03-28T19:14:08.1053540+00:00,9,-71.5,0.503145698,K3
2025-03-28T19:14:08.5199460+00:00,1,-56,0.478602006,K3
2025-03-28T19:14:08.7247990+00:00,9,-67,5.878214379,K3
2025-03-28T19:14:09.1409880+00:00,1,-58,0.196349541,K3
2025-03-28T19:14:09.4032190+00:00,9,-70,0.509281622,K3
2025-03-28T19:14:09.8451280+00:00,1,-58.5,0.497009775,K3
2025-03-28T19:14:10.0761100+00:00,9,-69.5,0.33133985,K3
2025-03-28T19:14:10.5821310+00:00,1,-56.5,0.527689391,K3
2025-03-28T19:14:10.8804550+00:00,9,-69,3.442252888,K3
2025-03-28T19:14:11.2762960+00:00,1,-55,0.555301045,K3
2025-03-28T19:14:11.4124660+00:00,1,-56.5,0.515417545,K3
2025-03-28T19:14:11.6545620+00:00,9,-68,3.479068427,K3
2025-03-28T19:14:12.1127650+00:00,1,-58.5,0.552233084,K3
2025-03-28T19:14:12.3301140+00:00,9,-69,0.269980619,K3
2025-03-28T19:14:12.7652110+00:00,1,-58.5,0.343611696,K3
2025-03-28T19:14:13.0172610+00:00,9,-69.5,0.533825314,K3
2025-03-28T19:14:13.5007820+00:00,1,-58.5,0.619728238,K3
2025-03-28T19:14:13.7204890+00:00,9,-69.5,0.411106851,K3
2025-03-28T19:14:14.1517530+00:00,1,-58.5,0.208621387,K3
2025-03-28T19:14:14.4008380+00:00,9,-69,0.521553468,K3
2025-03-28T19:14:14.8695210+00:00,1,-58.5,0.478602006,K3
2025-03-28T19:14:15.0620650+00:00,9,-67.5,0.352815581,K3
2025-03-28T19:14:15.3650960+00:00,9,-68,0.269980619,K3
2025-03-28T19:14:15.6642160+00:00,1,-58,0.46633016,K3
2025-03-28T19:14:15.9056920+00:00,9,-68,0.187145656,K3
2025-03-28T19:14:16.3644100+00:00,1,-57,0.521553468,K3
2025-03-28T19:14:16.6238720+00:00,9,-68,0.423378697,K3
2025-03-28T19:14:16.8848790+00:00,17,-74.5,5.878214379,K3
2025-03-28T19:14:17.0686380+00:00,1,-57.5,0.638136008,K3
2025-03-28T19:14:17.3798800+00:00,9,-68,6.197282383,K3
2025-03-28T19:14:17.7741210+00:00,1,-59,0.539961237,K3
2025-03-28T19:14:18.0206000+00:00,9,-70,0.380427235,K3
2025-03-28T19:14:18.4866410+00:00,1,-57.5,0.239301003,K3
2025-03-28T19:14:18.7633400+00:00,9,-71.5,0.91425255,K3
2025-03-28T19:14:19.4705680+00:00,9,-62.5,3.48520435,K3
2025-03-28T19:14:19.8918330+00:00,25,-70,4.460816131,K3
2025-03-28T19:14:20.2166230+00:00,9,-63,3.178408192,K3
2025-03-28T19:14:20.8772530+00:00,9,-64.5,2.975922728,K3
2025-03-28T19:14:21.5257040+00:00,9,-64,0.401902966,K3
2025-03-28T19:14:21.9354530+00:00,25,-68,4.344233591,K3
2025-03-28T19:14:22.2846830+00:00,9,-63.5,2.963650882,K3
2025-03-28T19:14:22.9805410+00:00,9,-64,3.209087808,K3
2025-03-28T19:14:23.1331310+00:00,9,-65,0.012271846,K3
2025-03-28T19:14:23.5224600+00:00,25,-70,4.51603944,K3
2025-03-28T19:14:23.8581420+00:00,9,-63.5,3.190680039,K3
2025-03-28T19:14:24.3380400+00:00,25,-71,1.46034971,K3
2025-03-28T19:14:24.7480810+00:00,9,-64,3.380893656,K3
2025-03-28T19:14:25.4455920+00:00,9,-64.5,3.669282045,K3
2025-03-28T19:14:25.9006160+00:00,25,-69,1.356039016,K3
2025-03-28T19:14:26.2459710+00:00,9,-64,2.748893572,K3
2025-03-28T19:14:26.6775060+00:00,25,-70,4.178563666,K3
2025-03-28T19:14:27.1328320+00:00,9,-64,0.125786425,K3
2025-03-28T19:14:29.2980270+00:00,9,-64.5,5.645049299,K3
2025-03-28T19:14:29.5535240+00:00,17,-73,5.970253226,K3
2025-03-28T19:14:30.0032610+00:00,9,-62.5,4.970097753,K3
2025-03-28T19:14:30.3799460+00:00,17,-75,6.031612458,K3
2025-03-28T19:14:30.7917610+00:00,9,-67.5,5.915029918,K3
2025-03-28T19:14:30.9720920+00:00,9,-67.5,5.694136685,K3
2025-03-28T19:14:31.2458240+00:00,17,-74.5,0.306796158,K3
2025-03-28T19:14:31.7403770+00:00,9,-66,5.157243409,K3
2025-03-28T19:14:32.0462650+00:00,17,-73.5,0.11658254,K3
2025-03-28T19:14:32.4684790+00:00,9,-67,2.5709518,K3
2025-03-28T19:14:32.7202730+00:00,17,-74,6.258641615,K3
2025-03-28T19:14:33.0815520+00:00,9,-64.5,6.252505691,K3
2025-03-28T19:14:33.3119660+00:00,17,-73.5,5.890486225,K3
2025-03-28T19:14:33.7979390+00:00,9,-63.5,5.798447378,K3
2025-03-28T19:14:34.0883290+00:00,17,-73.5,0.398835005,K3
2025-03-28T19:14:34.5287780+00:00,9,-63.5,6.227961999,K3
2025-03-28T19:14:35.3606520+00:00,9,-62,5.872078456,K3
2025-03-28T19:14:37.1306470+00:00,1,-59,0.460194236,K3
2025-03-28T19:14:37.7708980+00:00,1,-60,0.269980619,K3
2025-03-28T19:14:40.2115010+00:00,1,-60.5,0.030679616,K3
2025-03-28T19:14:42.2962850+00:00,1,-60,0.110446617,K3
2025-03-28T19:14:43.0973110+00:00,1,-60,0.558369007,K3
2025-03-28T19:14:44.6554890+00:00,9,-71,0.699495239,K3
2025-03-28T19:14:45.3011400+00:00,9,-70.5,5.792311455,K3
2025-03-28T19:14:46.7928710+00:00,9,-70.5,2.055534256,K3
2025-03-28T19:14:47.5591280+00:00,9,-72.5,0.09817477,K3
2025-03-28T19:14:48.3403800+00:00,9,-72,6.160466844,K3
2025-03-28T19:14:49.7638750+00:00,9,-70,5.319845372,K3
2025-03-28T19:14:50.4819500+00:00,9,-68.5,0.441786467,K3
2025-03-28T19:14:52.4886650+00:00,9,-67,6.280117346,K3
2025-03-28T19:14:53.1649600+00:00,9,-69,6.031612458,K3
2025-03-28T19:14:54.6620800+00:00,9,-71,6.129787228,K3
2025-03-28T19:14:55.4041120+00:00,9,-70,5.927301764,K3
2025-03-28T19:14:56.1288400+00:00,9,-71,5.540738606,K3
2025-03-28T19:14:56.8529640+00:00,9,-71,5.730952224,K3
2025-03-28T19:14:57.5367960+00:00,9,-70.5,5.7248163,K3
2025-03-28T19:14:58.1829900+00:00,9,-70.5,5.332117219,K3
2025-03-28T19:14:58.3240030+00:00,9,-70.5,5.614369684,K3
2025-03-28T19:14:58.9975100+00:00,9,-68.5,3.393165503,K3
2025-03-28T19:15:01.1405300+00:00,9,-68.5,0.831417587,K3
2025-03-28T19:15:01.8366900+00:00,9,-68,1.043106936,K3
2025-03-28T19:15:02.6459920+00:00,9,-66,0.705631162,K3
2025-03-28T19:15:03.5009010+00:00,9,-71,0.987883627,K3
2025-03-28T19:15:04.8329220+00:00,9,-68,4.196971436,K3
2025-03-28T19:15:05.4957920+00:00,9,-70.5,1.184233168,K3
2025-03-28T19:15:07.8711270+00:00,9,-71.5,4.724660827,K3
2025-03-28T19:15:08.4725780+00:00,9,-68.5,4.657165672,K3
2025-03-28T19:15:09.1353780+00:00,9,-69.5,4.503767593,K3
2025-03-28T19:15:10.6457710+00:00,9,-71,0.969475858,K3
2025-03-28T19:15:11.1961990+00:00,1,-57.5,6.07456392,K3
2025-03-28T19:15:11.5106110+00:00,9,-70,1.69351479,K3
2025-03-28T19:15:11.6905080+00:00,17,-72.5,4.749204519,K3
2025-03-28T19:15:11.9025270+00:00,1,-56.5,5.835262917,K3
2025-03-28T19:15:12.1453960+00:00,9,-69.5,0.834485549,K3
2025-03-28T19:15:12.3843340+00:00,17,-72,4.669437518,K3
2025-03-28T19:15:12.5790120+00:00,1,-57,5.89969011,K3
2025-03-28T19:15:12.8051370+00:00,9,-70,1.036971013,K3
2025-03-28T19:15:13.0198090+00:00,17,-72,1.374446786,K3
2025-03-28T19:15:13.2509550+00:00,1,-57,5.602097837,K3
2025-03-28T19:15:13.4568440+00:00,9,-69.5,1.030835089,K3
2025-03-28T19:15:13.6371640+00:00,17,-71.5,4.749204519,K3
2025-03-28T19:15:14.0053140+00:00,1,-58,6.185010537,K3
2025-03-28T19:15:14.2104130+00:00,9,-69.5,1.711922559,K3
2025-03-28T19:15:14.4418710+00:00,17,-73,1.902136177,K3
2025-03-28T19:15:14.6765130+00:00,1,-57.5,5.503923067,K3
2025-03-28T19:15:14.8859530+00:00,9,-69,1.282407939,K3
2025-03-28T19:15:15.1801360+00:00,17,-72.5,5.172583217,K3
2025-03-28T19:15:15.4162380+00:00,1,-58,6.246369768,K3
2025-03-28T19:15:15.6421140+00:00,9,-69,4.657165672,K3
2025-03-28T19:15:15.8574080+00:00,17,-71.5,4.804427828,K3
2025-03-28T19:15:16.0928330+00:00,1,-57,6.080699843,K3
2025-03-28T19:15:16.3315250+00:00,9,-69,1.276272016,K3
2025-03-28T19:15:16.5673500+00:00,17,-71.5,4.724660827,K3
2025-03-28T19:15:16.7908950+00:00,1,-57,6.243301807,K3
2025-03-28T19:15:17.0275010+00:00,9,-69.5,1.601475943,K3
2025-03-28T19:15:17.2352960+00:00,17,-72.5,1.92667987,K3
2025-03-28T19:15:17.5164590+00:00,1,-57.5,5.657321146,K3
2025-03-28T19:15:17.9257080+00:00,9,-70.5,4.82897152,K3
2025-03-28T19:15:18.3391680+00:00,1,-58,6.160466844,K3
2025-03-28T19:15:18.5380140+00:00,9,-69.5,1.564660404,K3
2025-03-28T19:15:18.7778190+00:00,17,-71.5,1.356039016,K3
2025-03-28T19:15:19.0991300+00:00,1,-56,5.924233803,K3
2025-03-28T19:15:19.4125470+00:00,9,-69.5,4.94555406,K3
2025-03-28T19:15:19.8845720+00:00,1,-56.5,6.166602767,K3
2025-03-28T19:15:20.6450030+00:00,1,-58.5,0.527689391,K3
2025-03-28T19:15:20.8672710+00:00,9,-71,4.804427828,K3
2025-03-28T19:15:22.2191070+00:00,1,-58.5,0.141126232,K3
2025-03-28T19:15:22.4741460+00:00,9,-70,1.141281706,K3
2025-03-28T19:15:23.1186320+00:00,9,-69,4.651029749,K3
2025-03-28T19:15:23.6081780+00:00,1,-57,0.337475773,K3
2025-03-28T19:15:23.8369350+00:00,9,-72,1.331495324,K3
2025-03-28T19:15:24.2692980+00:00,1,-56.5,0.46633016,K3
2025-03-28T19:15:24.4649220+00:00,9,-70,1.626019635,K3
2025-03-28T19:15:24.9329010+00:00,1,-57,0.539961237,K3
2025-03-28T19:15:25.1504730+00:00,9,-70,1.448077864,K3
2025-03-28T19:15:25.7427480+00:00,1,-58,0.932660319,K3
2025-03-28T19:15:25.9694440+00:00,9,-70,0.619728238,K3
2025-03-28T19:15:26.5014410+00:00,1,-57.5,0.859029241,K3
2025-03-28T19:15:26.6996310+00:00,9,-70,0.417242774,K3
2025-03-28T19:15:27.1881240+00:00,1,-57.5,0.969475858,K3
2025-03-28T19:15:27.3707310+00:00,9,-70.5,0.791534087,K3
2025-03-28T19:15:27.9214330+00:00,1,-56,0.717903009,K3
2025-03-28T19:15:28.1643980+00:00,9,-70.5,0.736310778,K3
2025-03-28T19:15:28.6701990+00:00,1,-56.5,0.840621472,K3
2025-03-28T19:15:28.8495600+00:00,9,-70.5,0.509281622,K3
2025-03-28T19:15:29.6720200+00:00,9,-70.5,0.840621472,K3
2025-03-28T19:15:30.4289170+00:00,9,-71.5,2.196660488,K3
2025-03-28T19:15:31.0346540+00:00,9,-67.5,4.951689983,K3
2025-03-28T19:15:31.6661460+00:00,9,-67.5,5.098952139,K3
2025-03-28T19:15:32.8802130+00:00,1,-58.5,4.718524904,K3
2025-03-28T19:15:33.8432730+00:00,9,-67.5,1.699650713,K3
2025-03-28T19:15:34.5629890+00:00,9,-68,4.608078287,K3
2025-03-28T19:15:35.2189600+00:00,9,-67.5,4.84737929,K3
2025-03-28T19:15:35.7848270+00:00,1,-59,5.000777369,K3
2025-03-28T19:15:35.9537930+00:00,9,-67,4.804427828,K3
2025-03-28T19:15:36.6915730+00:00,9,-67.5,4.862719098,K3
2025-03-28T19:15:37.4456150+00:00,9,-67.5,1.779417714,K3
2025-03-28T19:15:38.0363810+00:00,1,-59,4.61421421,K3
2025-03-28T19:15:38.2438140+00:00,9,-70,5.822991071,K3
2025-03-28T19:15:39.4416200+00:00,1,-57,0.638136008,K3
2025-03-28T19:15:40.1985620+00:00,1,-56,0.56450493,K3
2025-03-28T19:15:40.8949010+00:00,1,-56.5,3.724505353,K3
2025-03-28T19:15:41.1866900+00:00,9,-72,0.319068004,K3
2025-03-28T19:15:41.7601640+00:00,1,-56,0.889708857,K3
2025-03-28T19:15:42.0044080+00:00,9,-72.5,0.337475773,K3
2025-03-28T19:15:42.4630490+00:00,1,-56,0.632000085,K3
2025-03-28T19:15:43.1457140+00:00,1,-56.5,3.828816047,K3
2025-03-28T19:15:43.8142020+00:00,1,-56.5,3.859495662,K3
2025-03-28T19:15:44.5626890+00:00,1,-56.5,0.56450493,K3
2025-03-28T19:15:44.7955340+00:00,9,-72.5,0.632000085,K3
2025-03-28T19:15:45.4778080+00:00,1,-55,3.871767509,K3
2025-03-28T19:15:46.1455060+00:00,1,-56,0.533825314,K3
2025-03-28T19:15:47.6847830+00:00,1,-58.5,5.123495832,K3
2025-03-28T19:15:47.8372610+00:00,9,-66.5,5.979457111,K3
2025-03-28T19:15:48.3825400+00:00,1,-57,5.632777453,K3
2025-03-28T19:15:48.5513320+00:00,9,-69,0.073631078,K3
2025-03-28T19:15:49.1302310+00:00,1,-57.5,5.485515297,K3
2025-03-28T19:15:49.3991720+00:00,9,-69,0.018407769,K3
2025-03-28T19:15:49.8361940+00:00,1,-58,5.006913292,K3
2025-03-28T19:15:50.0429860+00:00,9,-68.5,0.055223308,K3
2025-03-28T19:15:50.5119040+00:00,1,-57.5,5.025321061,K3
2025-03-28T19:15:50.7233650+00:00,9,-68,0.018407769,K3
2025-03-28T19:15:51.1939390+00:00,1,-57,4.988505522,K3
2025-03-28T19:15:51.3839370+00:00,9,-68,6.105243536,K3
2025-03-28T19:15:51.8455700+00:00,1,-57,5.068272523,K3
2025-03-28T19:15:52.0628570+00:00,9,-68,6.111379459,K3
2025-03-28T19:15:52.5257800+00:00,1,-57.5,5.381204604,K3
2025-03-28T19:15:52.7198190+00:00,9,-68,6.166602767,K3
2025-03-28T19:15:53.3375260+00:00,1,-57,5.006913292,K3
2025-03-28T19:15:53.9862550+00:00,1,-57.5,5.190990986,K3
2025-03-28T19:15:54.1997970+00:00,9,-69,0.006135923,K3
2025-03-28T19:15:54.6537710+00:00,1,-57,5.246214295,K3
2025-03-28T19:15:54.8544880+00:00,9,-67.5,2.847068342,K3
2025-03-28T19:15:55.3556930+00:00,1,-57,5.473243451,K3
2025-03-28T19:15:55.5693290+00:00,9,-67.5,5.847534763,K3
2025-03-28T19:15:56.3545810+00:00,9,-71.5,4.589670517,K3
2025-03-28T19:15:56.7191540+00:00,1,-58.5,4.583534594,K3
2025-03-28T19:15:56.9971120+00:00,9,-69.5,0.092038847,K3
2025-03-28T19:15:57.4933850+00:00,1,-59,0.325203927,K3
2025-03-28T19:15:57.6453720+00:00,9,-65.5,5.890486225,K3
2025-03-28T19:15:57.8842560+00:00,17,-72,5.84139884,K3
2025-03-28T19:15:58.3366920+00:00,9,-64,5.829126994,K3
2025-03-28T19:15:58.6024900+00:00,17,-73,5.939573611,K3
2025-03-28T19:15:59.0041900+00:00,9,-62.5,5.749359993,K3
2025-03-28T19:15:59.2394310+00:00,17,-72,5.651185223,K3
2025-03-28T19:15:59.5119910+00:00,1,-59,0.392699082,K3
2025-03-28T19:15:59.6301970+00:00,9,-63,5.583690068,K3
2025-03-28T19:15:59.8917990+00:00,17,-71.5,5.853670687,K3
2025-03-28T19:16:00.1366270+00:00,1,-58,0.239301003,K3
2025-03-28T19:16:00.3013550+00:00,9,-62.5,5.951845457,K3
2025-03-28T19:16:00.5384140+00:00,17,-72.5,5.74322407,K3
2025-03-28T19:16:01.1071960+00:00,9,-64,5.939573611,K3
2025-03-28T19:16:01.4017700+00:00,17,-72.5,6.185010537,K3
2025-03-28T19:16:01.8490700+00:00,9,-62.5,5.951845457,K3
2025-03-28T19:16:02.1175770+00:00,17,-71.5,5.645049299,K3
2025-03-28T19:16:02.4343590+00:00,1,-59,0.386563159,K3
2025-03-28T19:16:02.5409200+00:00,9,-63.5,5.951845457,K3
2025-03-28T19:16:02.8064020+00:00,17,-72.5,5.749359993,K3
2025-03-28T19:16:03.0093040+00:00,1,-58,0.613592315,K3
2025-03-28T19:16:03.2172940+00:00,9,-63,5.608233761,K3
2025-03-28T19:16:03.4568290+00:00,17,-72,6.007068765,K3
2025-03-28T19:16:03.7225080+00:00,1,-57.5,0.319068004,K3
2025-03-28T19:16:03.9994100+00:00,9,-63.5,5.853670687,K3
2025-03-28T19:16:04.2123590+00:00,17,-72,5.651185223,K3
2025-03-28T19:16:04.4821170+00:00,1,-58.5,0.165669925,K3
2025-03-28T19:16:04.7960700+00:00,9,-64.5,6.086835766,K3
2025-03-28T19:16:05.0900170+00:00,17,-72.5,5.387340527,K3
2025-03-28T19:16:05.4375140+00:00,1,-59,0.386563159,K3
2025-03-28T19:16:05.5524550+00:00,9,-65,6.019340612,K3
2025-03-28T19:16:05.7810310+00:00,17,-71.5,5.85980661,K3
2025-03-28T19:16:06.0648030+00:00,1,-58.5,0.128854386,K3
2025-03-28T19:16:06.2443120+00:00,9,-69,5.000777369,K3
2025-03-28T19:16:06.9345210+00:00,9,-66,0.337475773,K3
2025-03-28T19:16:07.1954700+00:00,17,-73.5,4.792155981,K3
2025-03-28T19:16:07.5730800+00:00,9,-63.5,4.043573357,K3
2025-03-28T19:16:07.8776660+00:00,17,-72.5,5.092816216,K3
2025-03-28T19:16:08.3012030+00:00,9,-61.5,3.669282045,K3
2025-03-28T19:16:09.3028760+00:00,9,-63.5,3.810408277,K3
2025-03-28T19:16:09.9949770+00:00,9,-62.5,3.798136431,K3
2025-03-28T19:16:10.2465890+00:00,17,-72,1.877592484,K3
2025-03-28T19:16:10.6258850+00:00,9,-64,3.902447124,K3
2025-03-28T19:16:10.9482480+00:00,17,-72.5,4.773748212,K3
2025-03-28T19:16:11.2796360+00:00,9,-64.5,4.246058821,K3
2025-03-28T19:16:11.9323410+00:00,9,-62,3.982214125,K3
2025-03-28T19:16:12.2474080+00:00,17,-73.5,1.411262325,K3
2025-03-28T19:16:12.7185350+00:00,9,-63,4.393320977,K3
2025-03-28T19:16:13.4162420+00:00,9,-62.5,3.877903432,K3
2025-03-28T19:16:14.1679960+00:00,9,-63,3.669282045,K3
2025-03-28T19:16:14.8666650+00:00,9,-63.5,5.620505607,K3
2025-03-28T19:16:15.5486190+00:00,9,-62,5.816855148,K3
2025-03-28T19:16:15.8219160+00:00,17,-72,1.073786552,K3
2025-03-28T19:16:16.2601960+00:00,9,-62,6.068427997,K3
2025-03-28T19:16:16.5642650+00:00,9,-64.5,6.154330921,K3
2025-03-28T19:16:17.0805100+00:00,9,-64,0.263844696,K3
2025-03-28T19:16:17.8034910+00:00,9,-65.5,0,K3
2025-03-28T19:16:18.1591930+00:00,17,-74,1.282407939,K3
2025-03-28T19:16:18.5289030+00:00,9,-62.5,6.277049384,K3
2025-03-28T19:16:18.7398620+00:00,17,-72,1.497165249,K3
2025-03-28T19:16:19.1494900+00:00,9,-62,5.669592992,K3
2025-03-28T19:16:19.9129710+00:00,9,-63.5,6.160466844,K3
2025-03-28T19:16:20.8165350+00:00,9,-63.5,0.055223308,K3
2025-03-28T19:16:21.0917500+00:00,17,-71,1.435806017,K3
2025-03-28T19:16:21.4870800+00:00,9,-63.5,6.203418306,K3
2025-03-28T19:16:22.1904690+00:00,9,-62.5,0.368155389,K3
2025-03-28T19:16:23.6294050+00:00,9,-70,2.018718717,K3
2025-03-28T19:16:24.4541630+00:00,9,-70.5,5.319845372,K3
2025-03-28T19:16:24.8507700+00:00,1,-60,6.099107613,K3
2025-03-28T19:16:25.0612110+00:00,9,-71,5.497787144,K3
2025-03-28T19:16:25.4394470+00:00,1,-58.5,0.245436926,K3
2025-03-28T19:16:25.6583100+00:00,9,-70,5.565282298,K3
2025-03-28T19:16:26.1041530+00:00,1,-60,6.270913461,K3
2025-03-28T19:16:26.2613470+00:00,9,-69.5,5.485515297,K3
2025-03-28T19:16:26.7459150+00:00,1,-60,0.104310694,K3
2025-03-28T19:16:26.9587760+00:00,9,-69.5,5.780039609,K3
2025-03-28T19:16:27.6144690+00:00,9,-69.5,5.792311455,K3
2025-03-28T19:16:28.3185540+00:00,9,-69,5.712544454,K3
2025-03-28T19:16:29.0134900+00:00,9,-69.5,5.847534763,K3
2025-03-28T19:16:29.6187220+00:00,9,-69,5.485515297,K3
2025-03-28T19:16:30.2572920+00:00,9,-68.5,5.755495916,K3
2025-03-28T19:16:30.8865150+00:00,9,-69,5.712544454,K3
2025-03-28T19:16:31.3393520+00:00,1,-60.5,0.024543693,K3
2025-03-28T19:16:31.6057900+00:00,9,-70,5.816855148,K3
2025-03-28T19:16:33.7762560+00:00,9,-70,4.982369599,K3
2025-03-28T19:16:34.4374370+00:00,9,-70.5,5.332117219,K3
2025-03-28T19:16:35.1387690+00:00,9,-68.5,5.123495832,K3
2025-03-28T19:16:35.7793300+00:00,9,-67.5,1.938951716,K3
2025-03-28T19:16:36.5427010+00:00,9,-68.5,5.117359908,K3
2025-03-28T19:16:37.2333500+00:00,9,-68.5,5.111223985,K3
2025-03-28T19:16:37.8640870+00:00,9,-67.5,5.424156066,K3
2025-03-28T19:16:38.5292830+00:00,9,-68.5,5.092816216,K3
2025-03-28T19:16:39.2166760+00:00,9,-69,4.914874444,K3
2025-03-28T19:16:40.0040220+00:00,9,-69,4.767612289,K3
2025-03-28T19:16:40.7524700+00:00,9,-70.5,5.313709449,K3
2025-03-28T19:16:41.3551630+00:00,9,-62,4.908738521,K3
2025-03-28T19:16:41.9993880+00:00,9,-60,4.921010368,K3
2025-03-28T19:16:42.6995230+00:00,9,-60.5,4.970097753,K3
2025-03-28T19:16:43.3947710+00:00,9,-61.5,4.94555406,K3
2025-03-28T19:16:44.8903440+00:00,9,-62,5.307573526,K3
2025-03-28T19:16:45.6179390+00:00,9,-62,4.96396183,K3
2025-03-28T19:16:45.9429550+00:00,17,-75.5,0.325203927,K3
2025-03-28T19:16:46.3504130+00:00,9,-61.5,5.356660911,K3
2025-03-28T19:16:47.0369940+00:00,9,-62,4.994641445,K3
2025-03-28T19:16:47.8698990+00:00,9,-62.5,5.319845372,K3
2025-03-28T19:16:48.6059180+00:00,9,-61.5,5.546874529,K3
2025-03-28T19:16:49.2228280+00:00,9,-62,5.154175447,K3
2025-03-28T19:16:49.9031120+00:00,9,-61.5,4.890330752,K3
2025-03-28T19:16:50.5688650+00:00,9,-62.5,5.27689391,K3
2025-03-28T19:16:51.3203640+00:00,9,-62.5,5.522330836,K3
2025-03-28T19:16:51.7302120+00:00,17,-74.5,0.497009775,K3
2025-03-28T19:16:52.1455480+00:00,9,-62.5,5.252350218,K3
2025-03-28T19:16:52.8340480+00:00,9,-63,5.17871914,K3
2025-03-28T19:16:53.6948750+00:00,9,-62.5,5.387340527,K3
2025-03-28T19:16:54.4513540+00:00,9,-62,5.350524988,K3
2025-03-28T19:16:55.1902030+00:00,9,-64.5,1.300815708,K3
2025-03-28T19:16:55.9940480+00:00,9,-68,0.754718548,K3
2025-03-28T19:16:56.3274390+00:00,17,-73.5,4.528311286,K3
2025-03-28T19:16:56.5863620+00:00,1,-60,2.030990563,K3
2025-03-28T19:16:56.7652750+00:00,9,-70,0.926524396,K3
2025-03-28T19:16:57.0232500+00:00,17,-73.5,4.638757903,K3
2025-03-28T19:16:57.4411620+00:00,9,-70.5,4.589670517,K3
2025-03-28T19:16:57.6493110+00:00,17,-72.5,4.368777284,K3
2025-03-28T19:16:58.3982790+00:00,9,-71,1.392854555,K3
2025-03-28T19:16:58.6100150+00:00,17,-71,4.675573441,K3
2025-03-28T19:16:59.2236340+00:00,9,-71,4.479223901,K3
2025-03-28T19:16:59.5200890+00:00,17,-71,1.288543862,K3
2025-03-28T19:17:00.1667660+00:00,17,-72,1.116738014,K3
2025-03-28T19:17:00.8285140+00:00,17,-72,4.552854978,K3
2025-03-28T19:17:02.1168590+00:00,9,-71,4.957825906,K3
2025-03-28T19:17:02.4846600+00:00,1,-50.5,4.878058905,K3
2025-03-28T19:17:02.7085150+00:00,9,-68,0.665747662,K3
2025-03-28T19:17:03.1326350+00:00,1,-49.5,4.921010368,K3
2025-03-28T19:17:03.4452970+00:00,9,-66,4.209243282,K3
2025-03-28T19:17:03.9263700+00:00,1,-53,4.626486056,K3
2025-03-28T19:17:04.1193710+00:00,9,-66.5,3.902447124,K3
2025-03-28T19:17:04.5805730+00:00,1,-53.5,4.697049173,K3
2025-03-28T19:17:04.8037840+00:00,9,-65.5,3.693825737,K3
2025-03-28T19:17:05.2459750+00:00,1,-52,4.693981211,K3
2025-03-28T19:17:05.4313430+00:00,9,-66.5,4.289010283,K3
2025-03-28T19:17:05.8580180+00:00,1,-51,4.16629182,K3
2025-03-28T19:17:06.1123220+00:00,9,-67,0.751650586,K3
2025-03-28T19:17:07.4614880+00:00,1,-60,0.227029157,K3
2025-03-28T19:17:07.7407080+00:00,9,-71.5,5.964117303,K3
2025-03-28T19:17:08.1706880+00:00,1,-62,5.810719225,K3
2025-03-28T19:17:09.1017140+00:00,9,-70.5,5.111223985,K3
2025-03-28T19:17:09.2897500+00:00,17,-72.5,6.117515382,K3
2025-03-28T19:17:09.5182950+00:00,1,-59.5,6.037748381,K3
2025-03-28T19:17:09.7586940+00:00,9,-70.5,5.945709534,K3
2025-03-28T19:17:10.2909690+00:00,1,-59,1.619883712,K3
2025-03-28T19:17:10.5244320+00:00,9,-72,1.773281791,K3
2025-03-28T19:17:11.0095620+00:00,1,-58,1.466485633,K3
2025-03-28T19:17:11.2840730+00:00,9,-66.5,4.49763167,K3
2025-03-28T19:17:13.1376600+00:00,1,-61,2.93910719,K3
2025-03-28T19:17:13.8385140+00:00,1,-60,5.614369684,K3
2025-03-28T19:17:14.5950290+00:00,1,-59.5,5.804583301,K3
2025-03-28T19:17:16.0843070+00:00,1,-59.5,5.84139884,K3
2025-03-28T19:17:17.5094690+00:00,1,-61,5.632777453,K3
2025-03-28T19:17:17.6962620+00:00,9,-71.5,5.460971605,K3
2025-03-28T19:17:17.9074360+00:00,17,-72.5,1.564660404,K3
2025-03-28T19:17:18.1763130+00:00,1,-59.5,5.258486141,K3
2025-03-28T19:17:18.6035340+00:00,17,-73,4.38104913,K3
2025-03-28T19:17:18.9022310+00:00,1,-59,5.559146375,K3
2025-03-28T19:17:19.7348920+00:00,1,-60,5.749359993,K3
2025-03-28T19:17:20.4899060+00:00,1,-60.5,5.620505607,K3
2025-03-28T19:17:20.9444310+00:00,17,-73,0.055223308,K3
2025-03-28T19:17:21.7990070+00:00,1,-57,6.046952266,K3
2025-03-28T19:17:22.0944800+00:00,9,-70.5,0.337475773,K3
2025-03-28T19:17:22.4896470+00:00,1,-54.5,5.279961872,K3
2025-03-28T19:17:23.2281630+00:00,1,-54.5,2.825592611,K3
2025-03-28T19:17:23.9442990+00:00,1,-52.5,2.586291608,K3
2025-03-28T19:17:24.6770960+00:00,1,-59.5,6.154330921,K3
2025-03-28T19:17:25.2801640+00:00,1,-55,1.711922559,K3
2025-03-28T19:17:25.9540120+00:00,1,-56.5,5.516194913,K3
2025-03-28T19:17:26.5924030+00:00,1,-54.5,2.35619449,K3
2025-03-28T19:17:27.4727540+00:00,1,-55.5,6.092971689,K3
2025-03-28T19:17:28.1167130+00:00,1,-51,0.122718463,K3
2025-03-28T19:17:28.8058130+00:00,1,-50.5,1.331495324,K3
2025-03-28T19:17:29.5185460+00:00,1,-55,6.154330921,K3
2025-03-28T19:17:30.2064710+00:00,1,-53.5,5.497787144,K3
2025-03-28T19:17:31.0737500+00:00,1,-49.5,3.589515044,K3
2025-03-28T19:17:31.3287460+00:00,9,-66.5,4.786020058,K3
2025-03-28T19:17:31.7937730+00:00,1,-53.5,6.037748381,K3
2025-03-28T19:17:31.9894920+00:00,9,-67,4.948622022,K3
2025-03-28T19:17:32.4869990+00:00,1,-56.5,2.402213914,K3
2025-03-28T19:17:32.7019040+00:00,9,-67,5.356660911,K3
2025-03-28T19:17:33.1206110+00:00,1,-46.5,5.571418222,K3
2025-03-28T19:17:33.8390100+00:00,1,-46.5,4.141748127,K3
2025-03-28T19:17:34.1187120+00:00,9,-67,5.718680377,K3
2025-03-28T19:17:34.5330930+00:00,1,-48,4.430136515,K3
2025-03-28T19:17:34.7523690+00:00,1,-54,0.153398079,K3
2025-03-28T19:17:36.0486780+00:00,1,-60,0.521553468,K3
2025-03-28T19:17:36.6972370+00:00,1,-58,0.067495155,K3
2025-03-28T19:17:37.3828370+00:00,1,-59,5.951845457,K3
2025-03-28T19:17:38.0067270+00:00,1,-57,6.068427997,K3
2025-03-28T19:17:38.8793670+00:00,1,-59,6.123651305,K3
2025-03-28T19:17:39.5958320+00:00,1,-56,0.05829127,K3
2025-03-28T19:17:40.2758050+00:00,1,-48,3.69996166,K3
2025-03-28T19:17:40.4782130+00:00,9,-62.5,3.724505353,K3
2025-03-28T19:17:40.7748800+00:00,17,-68.5,5.27689391,K3
2025-03-28T19:17:40.9570730+00:00,25,-70,0.693359316,K3
2025-03-28T19:17:41.8112280+00:00,25,-70,0.355883543,K3
2025-03-28T19:17:42.5166370+00:00,17,-67,2.718213956,K3
2025-03-28T19:17:42.7460900+00:00,25,-68.5,6.160466844,K3
2025-03-28T19:17:42.9349210+00:00,1,-58,0.539961237,K3
2025-03-28T19:17:43.4183350+00:00,17,-71.5,6.000932842,K3
2025-03-28T19:17:43.6670550+00:00,1,-57,0.263844696,K3
2025-03-28T19:17:43.8420270+00:00,9,-65.5,1.448077864,K3
2025-03-28T19:17:44.3008050+00:00,25,-71.5,0.147262156,K3
2025-03-28T19:17:44.5046580+00:00,1,-60,3.184544116,K3
2025-03-28T19:17:44.7810050+00:00,9,-68.5,5.448699759,K3
2025-03-28T19:17:45.4462030+00:00,9,-67.5,5.482447336,K3
2025-03-28T19:17:46.9039710+00:00,9,-70,6.166602767,K3
2025-03-28T19:17:47.3450170+00:00,1,-56.5,4.454680208,K3
2025-03-28T19:17:47.9944910+00:00,1,-59,0.392699082,K3
2025-03-28T19:17:53.9922010+00:00,1,-58,6.160466844,K3
2025-03-28T19:17:54.7013060+00:00,1,-57,0.288388388,K3
2025-03-28T19:17:55.3392180+00:00,1,-57,6.043884304,K3
2025-03-28T19:17:55.7874880+00:00,17,-72.5,1.853048792,K3
2025-03-28T19:17:56.0382990+00:00,1,-57.5,2.546408108,K3
2025-03-28T19:17:56.6635150+00:00,1,-55,6.197282383,K3
2025-03-28T19:17:57.2722600+00:00,1,-56.5,0.328271889,K3
2025-03-28T19:17:57.9777590+00:00,1,-57,5.166447294,K3
2025-03-28T19:17:59.3688390+00:00,1,-52,3.325670348,K3
2025-03-28T19:17:59.6052770+00:00,9,-62,4.031301511,K3
2025-03-28T19:17:59.8182360+00:00,17,-69,3.66007816,K3
2025-03-28T19:18:00.0266780+00:00,25,-68,6.252505691,K3
2025-03-28T19:18:00.1774150+00:00,1,-54.5,0.251572849,K3
2025-03-28T19:18:00.4689240+00:00,9,-69.5,1.067650628,K3
2025-03-28T19:18:00.6237760+00:00,17,-66.5,0.576776776,K3
2025-03-28T19:18:00.8687280+00:00,1,-54.5,0.696427278,K3
2025-03-28T19:18:01.1347080+00:00,9,-68.5,3.552699505,K3
2025-03-28T19:18:01.2728970+00:00,17,-65,3.939262663,K3
2025-03-28T19:18:01.5115360+00:00,25,-67.5,3.25203927,K3
2025-03-28T19:18:01.6666920+00:00,1,-54,0.159534002,K3
2025-03-28T19:18:01.8654080+00:00,9,-62.5,3.166136346,K3
2025-03-28T19:18:02.0691030+00:00,9,-62.5,0.049087385,K3
2025-03-28T19:18:02.2441250+00:00,17,-66.5,1.058446744,K3
2025-03-28T19:18:02.4772340+00:00,25,-68,6.252505691,K3
2025-03-28T19:18:02.6132470+00:00,1,-51.5,3.742913122,K3
2025-03-28T19:18:02.9113820+00:00,9,-70,4.914874444,K3
2025-03-28T19:18:03.0717640+00:00,17,-68.5,0.702563201,K3
2025-03-28T19:18:03.2552090+00:00,25,-64,6.025476535,K3
2025-03-28T19:18:03.4080990+00:00,1,-47.5,4.086524819,K3
2025-03-28T19:18:03.6824400+00:00,9,-66,6.07456392,K3
2025-03-28T19:18:03.8537320+00:00,17,-68.5,0.941864204,K3
2025-03-28T19:18:04.0050380+00:00,25,-63,0.269980619,K3
2025-03-28T19:18:04.1612290+00:00,1,-47,3.491340273,K3
2025-03-28T19:18:04.4098030+00:00,9,-66.5,6.019340612,K3
2025-03-28T19:18:04.5766870+00:00,17,-69.5,1.036971013,K3
2025-03-28T19:18:04.8198130+00:00,25,-65.5,6.240233845,K3
2025-03-28T19:18:04.9654300+00:00,1,-47.5,3.687689814,K3
2025-03-28T19:18:05.2600970+00:00,9,-67.5,5.460971605,K3
2025-03-28T19:18:05.4299780+00:00,17,-66.5,4.141748127,K3
2025-03-28T19:18:05.5834310+00:00,25,-63,0.239301003,K3
2025-03-28T19:18:05.7679130+00:00,1,-53.5,0.432582582,K3
2025-03-28T19:18:05.9800530+00:00,1,-52,0.177941771,K3
2025-03-28T19:18:06.1234120+00:00,9,-60,3.8165442,K3
2025-03-28T19:18:06.3595500+00:00,17,-70.5,0.687223393,K3
2025-03-28T19:18:06.5738700+00:00,1,-52,3.730641276,K3
2025-03-28T19:18:07.2318050+00:00,1,-54,6.261709576,K3
2025-03-28T19:18:07.4425670+00:00,9,-65,4.196971436,K3
2025-03-28T19:18:07.8900290+00:00,25,-70,1.061514705,K3
2025-03-28T19:18:08.0399400+00:00,1,-51.5,5.770835724,K3
2025-03-28T19:18:08.3267150+00:00,9,-69.5,5.62664153,K3
2025-03-28T19:18:08.6557620+00:00,25,-69.5,4.908738521,K3
2025-03-28T19:18:08.8148650+00:00,1,-54,0.21475731,K3
2025-03-28T19:18:09.0520690+00:00,9,-69.5,0.042951462,K3
2025-03-28T19:18:09.3996070+00:00,25,-69,1.754874021,K3
2025-03-28T19:18:09.5477740+00:00,1,-53,0.254640811,K3
2025-03-28T19:18:09.8796640+00:00,9,-64.5,5.516194913,K3
2025-03-28T19:18:10.3278630+00:00,1,-52.5,6.089903728,K3
2025-03-28T19:18:10.5498200+00:00,9,-63,5.497787144,K3
2025-03-28T19:18:10.9442320+00:00,25,-69.5,1.767145868,K3
2025-03-28T19:18:11.0993230+00:00,1,-52.5,0.055223308,K3
2025-03-28T19:18:11.3832120+00:00,9,-68,6.080699843,K3
2025-03-28T19:18:11.7754770+00:00,1,-52.5,0.481669967,K3
2025-03-28T19:18:12.0651950+00:00,9,-68.5,0.006135923,K3
2025-03-28T19:18:12.4232160+00:00,25,-68.5,1.902136177,K3
2025-03-28T19:18:12.5599700+00:00,1,-51.5,3.730641276,K3
2025-03-28T19:18:12.8305720+00:00,9,-69,5.970253226,K3
2025-03-28T19:18:13.2005580+00:00,1,-51,3.681553891,K3
2025-03-28T19:18:13.4317470+00:00,9,-67.5,6.083767805,K3
2025-03-28T19:18:13.9484850+00:00,25,-70,5.356660911,K3
2025-03-28T19:18:14.0897490+00:00,1,-50,2.816388727,K3
2025-03-28T19:18:14.2818910+00:00,9,-62.5,5.111223985,K3
2025-03-28T19:18:14.7544960+00:00,1,-52,0.012271846,K3
2025-03-28T19:18:15.5752920+00:00,9,-63,0.791534087,K3
2025-03-28T19:18:16.2565980+00:00,9,-63,0.619728238,K3
2025-03-28T19:18:16.8995450+00:00,9,-63,0.908116626,K3
2025-03-28T19:18:17.6886210+00:00,9,-63.5,0.748582624,K3
2025-03-28T19:18:18.3381420+00:00,9,-63,0.840621472,K3
2025-03-28T19:18:18.9747210+00:00,9,-64.5,0.871301088,K3
2025-03-28T19:18:19.6075040+00:00,9,-64,1.067650628,K3
2025-03-28T19:18:20.2860770+00:00,9,-64.5,0.95413605,K3
2025-03-28T19:18:20.8886320+00:00,9,-64,0.865165164,K3
2025-03-28T19:18:21.3019290+00:00,25,-69,6.050020227,K3
2025-03-28T19:18:21.7571210+00:00,9,-63.5,0.742446701,K3
2025-03-28T19:18:22.2019500+00:00,25,-70,6.185010537,K3
2025-03-28T19:18:22.5393490+00:00,9,-63.5,1.104466167,K3
2025-03-28T19:18:23.2511600+00:00,9,-64,0.877437011,K3
2025-03-28T19:18:23.6275390+00:00,25,-70,0.196349541,K3
2025-03-28T19:18:24.0216220+00:00,9,-60.5,0.908116626,K3
2025-03-28T19:18:25.5649090+00:00,1,-59.5,4.749204519,K3
2025-03-28T19:18:25.7904840+00:00,9,-71,6.246369768,K3
2025-03-28T19:18:26.4695010+00:00,9,-71.5,5.706408531,K3
2025-03-28T19:18:27.7761550+00:00,9,-70.5,5.982525073,K3
2025-03-28T19:18:29.0399720+00:00,9,-71.5,6.086835766,K3
2025-03-28T19:18:29.7907740+00:00,9,-71,6.056156151,K3
2025-03-28T19:18:30.5508390+00:00,9,-71,6.154330921,K3
2025-03-28T19:18:31.2442620+00:00,9,-71,5.982525073,K3
2025-03-28T19:18:31.7216410+00:00,1,-60,4.436272439,K3
2025-03-28T19:18:31.9154580+00:00,9,-71,6.062292074,K3
2025-03-28T19:18:32.3744490+00:00,1,-59.5,4.405592823,K3
2025-03-28T19:18:32.6021730+00:00,9,-71,6.080699843,K3
2025-03-28T19:18:32.9975010+00:00,1,-58.5,4.374913207,K3
2025-03-28T19:18:33.2205260+00:00,9,-71,0.036815539,K3
2025-03-28T19:18:33.3940260+00:00,9,-71,6.197282383,K3
2025-03-28T19:18:33.5694410+00:00,17,-72,2.650718801,K3
2025-03-28T19:18:34.1415690+00:00,17,-66.5,0.816077779,K3
2025-03-28T19:18:34.4290190+00:00,1,-60,6.252505691,K3
2025-03-28T19:18:34.6529370+00:00,9,-70,1.730330329,K3
2025-03-28T19:18:34.7980200+00:00,17,-63,5.872078456,K3
2025-03-28T19:18:35.0016980+00:00,25,-70,4.362641361,K3
2025-03-28T19:18:35.1575790+00:00,1,-56,0.481669967,K3
2025-03-28T19:18:35.5377530+00:00,17,-62.5,5.571418222,K3
2025-03-28T19:18:35.8520150+00:00,1,-56.5,0.177941771,K3
2025-03-28T19:18:36.0255130+00:00,9,-62.5,4.804427828,K3
2025-03-28T19:18:36.2110050+00:00,17,-63.5,5.730952224,K3
2025-03-28T19:18:36.4807700+00:00,1,-57.5,0.220893233,K3
2025-03-28T19:18:36.6548480+00:00,9,-61.5,4.540583132,K3
2025-03-28T19:18:36.8422030+00:00,17,-61.5,5.939573611,K3
2025-03-28T19:18:37.3063740+00:00,1,-57.5,3.730641276,K3
2025-03-28T19:18:37.5074260+00:00,9,-62.5,4.51603944,K3
2025-03-28T19:18:37.7170450+00:00,17,-62.5,5.896622149,K3
2025-03-28T19:18:38.0211440+00:00,1,-58,0.33133985,K3
2025-03-28T19:18:38.1857040+00:00,9,-61.5,4.565126825,K3
2025-03-28T19:18:38.3672410+00:00,17,-61.5,5.85980661,K3
2025-03-28T19:18:38.6517730+00:00,1,-57.5,0.638136008,K3
2025-03-28T19:18:38.8046640+00:00,9,-61.5,4.338097668,K3
2025-03-28T19:18:38.9970190+00:00,17,-62.5,5.755495916,K3
2025-03-28T19:18:39.2858780+00:00,1,-57.5,0.245436926,K3
2025-03-28T19:18:39.5214420+00:00,9,-62,4.914874444,K3
2025-03-28T19:18:39.7078080+00:00,17,-61.5,5.853670687,K3
2025-03-28T19:18:39.9936000+00:00,1,-57,0.319068004,K3
2025-03-28T19:18:40.1441120+00:00,9,-62,4.878058905,K3
2025-03-28T19:18:40.3536940+00:00,17,-63.5,5.951845457,K3
2025-03-28T19:18:40.5941240+00:00,25,-69.5,0.809941856,K3
2025-03-28T19:18:40.7585680+00:00,1,-58,0.497009775,K3
2025-03-28T19:18:40.9599070+00:00,9,-61.5,4.626486056,K3
2025-03-28T19:18:41.1934770+00:00,9,-63,1.533980788,K3
2025-03-28T19:18:41.3296630+00:00,17,-62,6.099107613,K3
2025-03-28T19:18:41.6193700+00:00,1,-57,3.36862181,K3
2025-03-28T19:18:41.7760600+00:00,9,-62,5.240078371,K3
2025-03-28T19:18:41.9791440+00:00,17,-63.5,5.982525073,K3
2025-03-28T19:18:42.1899220+00:00,25,-70,4.577398671,K3
2025-03-28T19:18:42.8121830+00:00,17,-68.5,0.91425255,K3
2025-03-28T19:18:43.3315170+00:00,9,-71.5,5.209398756,K3
2025-03-28T19:18:43.4411490+00:00,17,-64,4.448544285,K3
2025-03-28T19:18:43.6351480+00:00,25,-64,5.077476408,K3
2025-03-28T19:18:43.8099640+00:00,1,-53.5,0.33133985,K3
2025-03-28T19:18:44.1540440+00:00,17,-60.5,4.362641361,K3
2025-03-28T19:18:44.3574430+00:00,25,-61.5,2.061670179,K3
2025-03-28T19:18:44.5353460+00:00,1,-55,0.042951462,K3
2025-03-28T19:18:44.7635440+00:00,9,-69,1.521708942,K3
2025-03-28T19:18:44.9014220+00:00,17,-60.5,4.184699589,K3
2025-03-28T19:18:45.0592500+00:00,17,-60,4.350369514,K3
2025-03-28T19:18:45.2295210+00:00,25,-61,1.963495408,K3
2025-03-28T19:18:45.4045730+00:00,1,-54.5,0.312932081,K3
2025-03-28T19:18:45.6603780+00:00,9,-67.5,4.218447167,K3
2025-03-28T19:18:45.8092420+00:00,17,-58.5,4.3994569,K3
2025-03-28T19:18:46.0166670+00:00,25,-64,2.411417799,K3
2025-03-28T19:18:46.1854650+00:00,1,-54.5,0.368155389,K3
2025-03-28T19:18:46.3861750+00:00,9,-66,3.93312674,K3
2025-03-28T19:18:46.5454250+00:00,17,-59.5,4.252194744,K3
2025-03-28T19:18:46.7521350+00:00,25,-62.5,1.951223562,K3
2025-03-28T19:18:46.9479650+00:00,1,-55.5,0.386563159,K3
2025-03-28T19:18:47.1455400+00:00,9,-68.5,4.129476281,K3
2025-03-28T19:18:47.2828180+00:00,17,-59,4.276738437,K3
2025-03-28T19:18:47.4775410+00:00,25,-63,2.23961195,K3
2025-03-28T19:18:47.6484860+00:00,1,-54,0.29145635,K3
2025-03-28T19:18:47.9323330+00:00,9,-67,0.886640895,K3
2025-03-28T19:18:48.0902570+00:00,17,-60,4.405592823,K3
2025-03-28T19:18:48.3198550+00:00,25,-63,1.754874021,K3
2025-03-28T19:18:48.4906010+00:00,1,-55,0.202485464,K3
2025-03-28T19:18:48.7873820+00:00,9,-70,0.871301088,K3
2025-03-28T19:18:49.2298940+00:00,17,-59.5,1.288543862,K3
2025-03-28T19:18:49.5268750+00:00,1,-53.5,0.205553426,K3
2025-03-28T19:18:49.7457060+00:00,9,-69,0.497009775,K3
2025-03-28T19:18:49.8748860+00:00,17,-62.5,4.534447209,K3
2025-03-28T19:18:50.8116100+00:00,1,-57.5,0.754718548,K3
2025-03-28T19:18:50.9618630+00:00,9,-59.5,3.534291735,K3
2025-03-28T19:18:51.1865110+00:00,17,-71.5,5.283029833,K3
2025-03-28T19:18:51.3737140+00:00,25,-70,4.552854978,K3
2025-03-28T19:18:51.5070820+00:00,1,-49.5,4.417864669,K3
2025-03-28T19:18:51.9202640+00:00,9,-60,0.024543693,K3
2025-03-28T19:18:52.0448690+00:00,17,-68.5,5.482447336,K3
2025-03-28T19:18:52.2651770+00:00,1,-49.5,3.429981042,K3
2025-03-28T19:18:52.5684380+00:00,9,-68,0.036815539,K3
2025-03-28T19:18:52.6941090+00:00,17,-67,1.865320638,K3
2025-03-28T19:18:52.8817580+00:00,17,-67.5,5.503923067,K3
2025-03-28T19:18:53.0929370+00:00,25,-68,1.239456477,K3
2025-03-28T19:18:53.2472270+00:00,1,-51.5,0.641203969,K3
2025-03-28T19:18:53.4888420+00:00,9,-70,1.055378782,K3
2025-03-28T19:18:53.6598550+00:00,17,-67,5.436427912,K3
2025-03-28T19:18:53.8747490+00:00,25,-66.5,4.506835555,K3
2025-03-28T19:18:54.0284290+00:00,1,-50.5,4.319689899,K3
2025-03-28T19:18:54.2715060+00:00,9,-69,1.279339977,K3
2025-03-28T19:18:54.4259170+00:00,17,-66,2.638446955,K3
2025-03-28T19:18:54.7363330+00:00,25,-66.5,1.291611823,K3
2025-03-28T19:18:54.8832330+00:00,1,-49.5,3.687689814,K3
2025-03-28T19:18:55.1279400+00:00,9,-69,1.184233168,K3
2025-03-28T19:18:55.2847970+00:00,17,-67,5.574486183,K3
2025-03-28T19:18:55.4900050+00:00,25,-64.5,1.22718463,K3
2025-03-28T19:18:55.6409710+00:00,1,-50.5,4.184699589,K3
2025-03-28T19:18:55.9724910+00:00,9,-69.5,4.080388896,K3
2025-03-28T19:18:56.1285370+00:00,17,-67,2.595495493,K3
2025-03-28T19:18:56.3523640+00:00,25,-67.5,1.313087554,K3
2025-03-28T19:18:56.4871640+00:00,1,-50,3.736777199,K3
2025-03-28T19:18:56.7872190+00:00,9,-60.5,3.000466421,K3
2025-03-28T19:18:57.0070220+00:00,17,-67,1.803961407,K3
2025-03-28T19:18:57.2517480+00:00,25,-69.5,1.337631247,K3
2025-03-28T19:18:57.3957470+00:00,1,-49,4.528311286,K3
2025-03-28T19:18:57.6167150+00:00,9,-59,3.380893656,K3
2025-03-28T19:18:58.0328300+00:00,25,-70,0.030679616,K3
2025-03-28T19:18:58.7762280+00:00,1,-45.5,2.343922644,K3
2025-03-28T19:18:59.1133460+00:00,9,-70,1.742602175,K3
2025-03-28T19:18:59.4806180+00:00,1,-45.5,2.23961195,K3
2025-03-28T19:18:59.9551340+00:00,17,-71.5,0.110446617,K3
2025-03-28T19:19:00.1415940+00:00,1,-47.5,2.546408108,K3
2025-03-28T19:19:00.5659150+00:00,17,-71,0.294524311,K3
2025-03-28T19:19:00.6926060+00:00,17,-71,0.018407769,K3
2025-03-28T19:19:00.8671960+00:00,25,-70,4.798291905,K3
2025-03-28T19:19:01.0037920+00:00,1,-47,2.926835343,K3
2025-03-28T19:19:01.4210530+00:00,17,-71.5,0.21475731,K3
2025-03-28T19:19:01.6228020+00:00,25,-69.5,1.711922559,K3
2025-03-28T19:19:01.7545870+00:00,1,-46.5,2.497320723,K3
2025-03-28T19:19:02.2277530+00:00,17,-72.5,0.09817477,K3
2025-03-28T19:19:02.4029810+00:00,25,-69.5,1.822369176,K3
2025-03-28T19:19:02.5340350+00:00,1,-47,2.583223647,K3
2025-03-28T19:19:02.9997080+00:00,17,-71,5.951845457,K3
2025-03-28T19:19:03.1993560+00:00,1,-47,2.478912953,K3
2025-03-28T19:19:03.6796940+00:00,17,-71.5,0.012271846,K3
2025-03-28T19:19:03.8449340+00:00,25,-70,1.865320638,K3
2025-03-28T19:19:03.9736110+00:00,1,-46.5,2.601631416,K3
2025-03-28T19:19:04.6030680+00:00,17,-71.5,6.062292074,K3
2025-03-28T19:19:04.8155300+00:00,1,-47,2.871612035,K3
2025-03-28T19:19:05.2588290+00:00,17,-71,6.197282383,K3
2025-03-28T19:19:05.4289580+00:00,25,-69.5,1.626019635,K3
2025-03-28T19:19:05.5609240+00:00,1,-46.5,2.68753434,K3
2025-03-28T19:19:06.0359310+00:00,17,-71,6.056156151,K3
2025-03-28T19:19:06.2139470+00:00,25,-70,5.037592907,K3
2025-03-28T19:19:06.3460520+00:00,1,-46.5,2.644582878,K3
2025-03-28T19:19:06.6326130+00:00,9,-71.5,1.429670094,K3
2025-03-28T19:19:06.7642760+00:00,17,-70.5,6.273981422,K3
2025-03-28T19:19:06.9739610+00:00,1,-47,2.902291651,K3
2025-03-28T19:19:07.4474720+00:00,17,-68.5,5.921165841,K3
2025-03-28T19:19:07.6622650+00:00,25,-68.5,4.61421421,K3
2025-03-28T19:19:07.8218710+00:00,1,-44.5,2.497320723,K3
2025-03-28T19:19:08.2320360+00:00,17,-71,5.135767678,K3
2025-03-28T19:19:08.5298440+00:00,1,-45.5,2.650718801,K3
2025-03-28T19:19:08.9974020+00:00,17,-66.5,5.27689391,K3
2025-03-28T19:19:09.2522220+00:00,1,-46,2.730485802,K3
2025-03-28T19:19:09.6915190+00:00,17,-64.5,2.37460226,K3
2025-03-28T19:19:09.8957390+00:00,25,-69.5,4.571262748,K3
2025-03-28T19:19:10.0348410+00:00,1,-46,2.613903263,K3
2025-03-28T19:19:10.3378290+00:00,9,-70.5,5.350524988,K3
2025-03-28T19:19:10.4700200+00:00,17,-65.5,2.19972845,K3
2025-03-28T19:19:10.6949880+00:00,1,-46,2.675262494,K3
2025-03-28T19:21:34.4580170+00:00,9,-69,5.559146375,D1
2025-03-28T19:21:34.6341330+00:00,17,-68,1.79168956,D1
2025-03-28T19:21:35.1740570+00:00,9,-70.5,4.96396183,D1
2025-03-28T19:21:35.4129150+00:00,17,-70.5,4.289010283,D1
2025-03-28T19:21:35.8439310+00:00,9,-70,5.049864754,D1
2025-03-28T19:21:37.3660550+00:00,9,-71,3.356349964,D1
2025-03-28T19:21:38.8247590+00:00,9,-70.5,4.393320977,D1
2025-03-28T19:21:39.0138710+00:00,17,-68.5,5.148039524,D1
2025-03-28T19:21:40.3797620+00:00,17,-70.5,0.067495155,D1
2025-03-28T19:21:40.9326900+00:00,17,-69,0.177941771,D1
2025-03-28T19:21:42.1957530+00:00,9,-71.5,1.202640938,D1
2025-03-28T19:21:42.8304280+00:00,9,-71,0.613592315,D1
2025-03-28T19:21:43.5299550+00:00,9,-70,0.417242774,D1
2025-03-28T19:21:44.2615880+00:00,9,-70.5,0.527689391,D1
2025-03-28T19:21:45.7197080+00:00,9,-70.5,1.000155474,D1
2025-03-28T19:21:46.5105100+00:00,9,-70,0.417242774,D1
2025-03-28T19:21:47.3056940+00:00,9,-70,0.294524311,D1
2025-03-28T19:21:48.5572270+00:00,9,-68.5,6.19114646,D1
2025-03-28T19:21:48.7094690+00:00,17,-63,0.319068004,D1
2025-03-28T19:21:49.4655140+00:00,9,-71.5,0.644271931,D1
2025-03-28T19:21:49.5735090+00:00,17,-62,4.878058905,D1
2025-03-28T19:21:50.3672730+00:00,17,-65,5.52846676,D1
2025-03-28T19:21:51.0218930+00:00,17,-64,5.427224028,D1
2025-03-28T19:21:51.7324330+00:00,17,-63.5,5.206330794,D1
2025-03-28T19:21:52.4139740+00:00,17,-64,5.378136642,D1
2025-03-28T19:21:53.2266750+00:00,17,-62.5,5.144971563,D1
2025-03-28T19:21:53.9014730+00:00,17,-63,2.027922602,D1
2025-03-28T19:21:54.4636050+00:00,9,-72,0.092038847,D1
2025-03-28T19:21:54.6485250+00:00,17,-63,5.215534679,D1
2025-03-28T19:21:55.3073720+00:00,17,-62.5,5.043728831,D1
2025-03-28T19:21:55.9297660+00:00,17,-62.5,5.267690026,D1
2025-03-28T19:21:56.6426450+00:00,17,-63,1.932815793,D1
2025-03-28T19:21:57.3530640+00:00,17,-64.5,4.838175405,D1
2025-03-28T19:21:57.9118340+00:00,9,-70.5,4.025165587,D1
2025-03-28T19:21:58.0963910+00:00,17,-64,5.62664153,D1
2025-03-28T19:21:58.8543540+00:00,17,-72,6.19114646,D1
2025-03-28T19:22:00.3259600+00:00,17,-70.5,5.638913376,D1
2025-03-28T19:22:01.1350070+00:00,17,-69,5.951845457,D1
2025-03-28T19:22:01.7626420+00:00,17,-69,6.025476535,D1
2025-03-28T19:22:02.5333790+00:00,17,-69,5.638913376,D1
2025-03-28T19:22:03.1844730+00:00,17,-69,5.645049299,D1
2025-03-28T19:22:03.9299400+00:00,17,-69.5,5.761631839,D1
2025-03-28T19:22:04.5878110+00:00,17,-69,6.227961999,D1
2025-03-28T19:22:04.7539930+00:00,17,-69.5,6.019340612,D1
2025-03-28T19:22:05.4313380+00:00,17,-68.5,6.203418306,D1
2025-03-28T19:22:06.1095200+00:00,17,-70,5.798447378,D1
2025-03-28T19:22:07.4995180+00:00,17,-71,5.215534679,D1
2025-03-28T19:22:09.4246950+00:00,9,-72,5.172583217,D1
2025-03-28T19:22:09.6417300+00:00,17,-69.5,1.644427405,D1
2025-03-28T19:22:10.0048980+00:00,9,-64,6.258641615,D1
2025-03-28T19:22:10.2272650+00:00,17,-61.5,1.626019635,D1
2025-03-28T19:22:10.6508140+00:00,9,-66.5,0.110446617,D1
2025-03-28T19:22:10.8566530+00:00,17,-63,1.469553595,D1
2025-03-28T19:22:11.3287870+00:00,9,-67.5,5.865942533,D1
2025-03-28T19:22:11.4987080+00:00,17,-63,1.230252592,D1
2025-03-28T19:22:12.0283170+00:00,9,-67,6.086835766,D1
2025-03-28T19:22:12.2163680+00:00,17,-63,0.984815666,D1
2025-03-28T19:22:12.9585840+00:00,9,-66.5,0.09817477,D1
2025-03-28T19:22:13.1877770+00:00,17,-63.5,1.006291397,D1
2025-03-28T19:22:13.6964700+00:00,9,-66,6.215690153,D1
2025-03-28T19:22:13.9424160+00:00,17,-63.5,4.172427743,D1
2025-03-28T19:22:14.4206860+00:00,9,-66.5,6.227961999,D1
2025-03-28T19:22:14.6201820+00:00,17,-64,1.147417629,D1
2025-03-28T19:22:15.1257920+00:00,9,-67,0.046019424,D1
2025-03-28T19:22:15.3483610+00:00,17,-63.5,4.239922898,D1
2025-03-28T19:22:15.7997490+00:00,9,-66.5,6.206486268,D1
2025-03-28T19:22:16.0575290+00:00,17,-63,4.236854936,D1
2025-03-28T19:22:16.6225980+00:00,9,-67,6.089903728,D1
2025-03-28T19:22:16.8348370+00:00,17,-64,4.233786975,D1
2025-03-28T19:22:17.3453580+00:00,9,-66.5,6.010136727,D1
2025-03-28T19:22:17.4992790+00:00,17,-64,4.304350091,D1
2025-03-28T19:22:17.9862010+00:00,9,-67.5,5.896622149,D1
2025-03-28T19:22:18.2039820+00:00,17,-62.5,4.466952054,D1
2025-03-28T19:22:18.6253670+00:00,9,-63,5.939573611,D1
2025-03-28T19:22:18.8352170+00:00,17,-61.5,4.868855021,D1
2025-03-28T19:22:19.2977120+00:00,9,-69.5,5.632777453,D1
2025-03-28T19:22:19.4543110+00:00,17,-64,2.825592611,D1
2025-03-28T19:22:19.9291730+00:00,9,-68,2.202796411,D1
2025-03-28T19:22:20.6503770+00:00,9,-64,1.975767255,D1
2025-03-28T19:22:21.3848680+00:00,9,-64,1.883728408,D1
2025-03-28T19:22:21.6213740+00:00,17,-68.5,0.012271846,D1
2025-03-28T19:22:22.0506100+00:00,9,-65.5,1.748738098,D1
2025-03-28T19:22:22.3420910+00:00,17,-70,6.142059075,D1
2025-03-28T19:22:22.7932310+00:00,9,-65.5,1.687378867,D1
2025-03-28T19:22:23.0280520+00:00,17,-70.5,5.694136685,D1
2025-03-28T19:22:23.4872480+00:00,9,-65.5,1.994175024,D1
2025-03-28T19:22:23.7658500+00:00,17,-70,6.031612458,D1
2025-03-28T19:22:24.4677560+00:00,9,-66.5,1.865320638,D1
2025-03-28T19:22:24.6085990+00:00,17,-70,0.024543693,D1
2025-03-28T19:22:25.2226870+00:00,9,-66.5,1.785553637,D1
2025-03-28T19:22:25.4150440+00:00,17,-70,6.043884304,D1
2025-03-28T19:22:25.8293710+00:00,9,-65.5,5.083612331,D1
2025-03-28T19:22:26.0398510+00:00,17,-68,5.967185265,D1
2025-03-28T19:22:26.4695030+00:00,9,-64,1.705786636,D1
2025-03-28T19:22:26.6817950+00:00,17,-67.5,6.065360035,D1
2025-03-28T19:22:27.2490500+00:00,9,-66,4.921010368,D1
2025-03-28T19:22:27.4242820+00:00,17,-67.5,5.663457069,D1
2025-03-28T19:22:27.8898950+00:00,9,-65.5,1.306951631,D1
2025-03-28T19:22:28.2588450+00:00,17,-70,0.171805848,D1
2025-03-28T19:22:28.7140780+00:00,9,-62.5,1.92667987,D1
2025-03-28T19:22:29.0125210+00:00,17,-71.5,0.582912699,D1
2025-03-28T19:22:29.4401050+00:00,9,-64,1.889864331,D1
2025-03-28T19:22:30.0603170+00:00,9,-63.5,1.024699166,D1
2025-03-28T19:22:30.3550310+00:00,17,-69,4.172427743,D1
2025-03-28T19:22:30.8180650+00:00,9,-62.5,0.300660234,D1
2025-03-28T19:22:31.6995590+00:00,17,-68,5.252350218,D1
2025-03-28T19:22:32.3010050+00:00,9,-65.5,6.264777538,D1
2025-03-28T19:22:32.4812640+00:00,17,-65.5,5.599029876,D1
2025-03-28T19:22:32.6542030+00:00,25,-62.5,4.325825822,D1
2025-03-28T19:22:33.0355790+00:00,9,-66,0.107378655,D1
2025-03-28T19:22:33.2886980+00:00,17,-70.5,5.019185138,D1
2025-03-28T19:22:33.4492550+00:00,25,-60.5,4.190835513,D1
2025-03-28T19:22:33.8092290+00:00,9,-65,3.798136431,D1
2025-03-28T19:22:34.1760340+00:00,17,-69,2.23961195,D1
2025-03-28T19:22:34.3436150+00:00,25,-62.5,3.969942279,D1
2025-03-28T19:22:34.7245770+00:00,9,-65,0.598252507,D1
2025-03-28T19:22:34.9602590+00:00,17,-68,5.755495916,D1
2025-03-28T19:22:35.4868020+00:00,9,-61.5,2.951379036,D1
2025-03-28T19:22:35.7021860+00:00,17,-65,4.982369599,D1
2025-03-28T19:22:35.9025430+00:00,25,-62.5,4.871922982,D1
2025-03-28T19:22:36.0165820+00:00,25,-62.5,4.546719055,D1
2025-03-28T19:22:36.3707680+00:00,9,-61,3.184544116,D1
2025-03-28T19:22:36.5759370+00:00,17,-65,4.749204519,D1
2025-03-28T19:22:36.7699630+00:00,25,-62.5,4.417864669,D1
2025-03-28T19:22:37.1518250+00:00,9,-61,2.988194575,D1
2025-03-28T19:22:37.3423640+00:00,17,-66.5,6.022408573,D1
2025-03-28T19:22:37.5573020+00:00,25,-64,4.752272481,D1
2025-03-28T19:22:37.9338910+00:00,9,-63,3.25203927,D1
2025-03-28T19:22:38.1483700+00:00,17,-67,5.829126994,D1
2025-03-28T19:22:38.3794150+00:00,25,-64,4.583534594,D1
2025-03-28T19:22:38.7475030+00:00,9,-61,3.117048961,D1
2025-03-28T19:22:38.9785840+00:00,17,-64.5,4.577398671,D1
2025-03-28T19:22:39.1522910+00:00,25,-63.5,4.740000635,D1
2025-03-28T19:22:39.5299570+00:00,9,-61,3.209087808,D1
2025-03-28T19:22:39.7245010+00:00,17,-67,5.789243493,D1
2025-03-28T19:22:40.0581570+00:00,25,-63,4.792155981,D1
2025-03-28T19:22:40.4306650+00:00,9,-62,2.736621726,D1
2025-03-28T19:22:40.8180020+00:00,17,-64.5,0.055223308,D1
2025-03-28T19:22:42.0236850+00:00,9,-71.5,0.693359316,D1
2025-03-28T19:22:49.8277840+00:00,9,-70,0.429514621,D1
2025-03-28T19:22:50.4601900+00:00,9,-70.5,0.21475731,D1
2025-03-28T19:22:51.1871640+00:00,9,-69,0.184077695,D1
2025-03-28T19:22:51.3727300+00:00,17,-67.5,0.343611696,D1
2025-03-28T19:22:52.0876090+00:00,9,-71,1.546252634,D1
2025-03-28T19:22:52.2040180+00:00,17,-71,2.104621641,D1
2025-03-28T19:22:52.7689510+00:00,9,-72.5,1.81009733,D1
2025-03-28T19:22:52.9642460+00:00,17,-70,1.294679785,D1
2025-03-28T19:22:54.9739520+00:00,9,-73,0.374291312,D1
2025-03-28T19:22:55.1381410+00:00,17,-68.5,4.356505438,D1
2025-03-28T19:22:55.6843480+00:00,9,-72.5,0.79767001,D1
2025-03-28T19:22:55.8572780+00:00,17,-71,3.902447124,D1
2025-03-28T19:22:56.0848940+00:00,25,-70.5,4.565126825,D1
2025-03-28T19:22:56.7095770+00:00,17,-70,0.411106851,D1
2025-03-28T19:22:57.4665810+00:00,17,-67,0.395767043,D1
2025-03-28T19:22:58.1039330+00:00,17,-67,0.44792239,D1
2025-03-28T19:22:58.7869200+00:00,17,-68.5,0.392699082,D1
2025-03-28T19:23:00.5400270+00:00,17,-72,0.938796242,D1
2025-03-28T19:23:00.9534950+00:00,9,-71.5,1.018563243,D1
2025-03-28T19:23:01.2497390+00:00,17,-70.5,1.484893403,D1
2025-03-28T19:23:02.0122260+00:00,17,-71,1.049242859,D1
2025-03-28T19:23:02.7042110+00:00,17,-70,4.221515128,D1
2025-03-28T19:23:04.2440800+00:00,17,-66,4.26446659,D1
2025-03-28T19:23:04.9997810+00:00,17,-69.5,0.23316508,D1
2025-03-28T19:23:05.5698910+00:00,17,-69,5.356660911,D1
2025-03-28T19:23:05.9485520+00:00,9,-60.5,4.595806441,D1
2025-03-28T19:23:06.1479760+00:00,17,-65.5,6.17273869,D1
2025-03-28T19:23:06.5657760+00:00,9,-59.5,5.17871914,D1
2025-03-28T19:23:06.7764340+00:00,17,-64.5,0.046019424,D1
2025-03-28T19:23:07.2963080+00:00,9,-59.5,5.166447294,D1
2025-03-28T19:23:07.5139920+00:00,17,-63.5,0.932660319,D1
2025-03-28T19:23:07.9718460+00:00,9,-61,4.835107443,D1
2025-03-28T19:23:08.1911600+00:00,17,-66.5,0.469398121,D1
2025-03-28T19:23:08.5990440+00:00,9,-60.5,4.933282214,D1
2025-03-28T19:23:08.8322290+00:00,17,-67.5,3.344078118,D1
2025-03-28T19:23:09.2504570+00:00,9,-62.5,5.025321061,D1
2025-03-28T19:23:09.4719660+00:00,17,-63,6.178874614,D1
2025-03-28T19:23:09.8770510+00:00,9,-61.5,5.41188422,D1
2025-03-28T19:23:10.0710400+00:00,17,-60,6.031612458,D1
2025-03-28T19:23:10.5244820+00:00,9,-59.5,5.264622064,D1
2025-03-28T19:23:10.7424500+00:00,17,-63,0.227029157,D1
2025-03-28T19:23:11.4541350+00:00,9,-61.5,5.283029833,D1
2025-03-28T19:23:11.5699700+00:00,17,-59,6.050020227,D1
2025-03-28T19:23:12.0288610+00:00,9,-62.5,5.890486225,D1
2025-03-28T19:23:12.3234790+00:00,17,-62.5,5.982525073,D1
2025-03-28T19:23:12.8094300+00:00,9,-61.5,5.85980661,D1
2025-03-28T19:23:12.9951530+00:00,17,-62,6.123651305,D1
2025-03-28T19:23:13.4228100+00:00,9,-61,5.29530168,D1
2025-03-28T19:23:13.6914200+00:00,17,-60.5,0.134990309,D1
2025-03-28T19:23:14.1712000+00:00,9,-63,4.687845288,D1
2025-03-28T19:23:14.3749070+00:00,17,-59,5.430291989,D1
2025-03-28T19:23:14.9087230+00:00,9,-69.5,1.196505015,D1
2025-03-28T19:23:15.1687410+00:00,9,-57.5,5.307573526,D1
2025-03-28T19:23:15.2992660+00:00,17,-71.5,2.276427489,D1
2025-03-28T19:23:15.7209770+00:00,9,-56.5,2.540272185,D1
2025-03-28T19:23:16.5170860+00:00,9,-56,5.117359908,D1
2025-03-28T19:23:16.7116240+00:00,17,-66.5,5.439495874,D1
2025-03-28T19:23:17.1284900+00:00,9,-59.5,2.245747873,D1
2025-03-28T19:23:17.5685230+00:00,17,-66,5.313709449,D1
2025-03-28T19:23:17.7047300+00:00,25,-70,6.270913461,D1
2025-03-28T19:23:18.0230080+00:00,9,-54.5,2.043262409,D1
2025-03-28T19:23:18.2270230+00:00,17,-68,5.21860264,D1
2025-03-28T19:23:18.7083290+00:00,1,-61.5,0.030679616,D1
2025-03-28T19:23:18.8468850+00:00,9,-55.5,1.975767255,D1
2025-03-28T19:23:19.0381610+00:00,9,-56,5.215534679,D1
2025-03-28T19:23:19.2488580+00:00,17,-66,5.442563835,D1
2025-03-28T19:23:19.7147680+00:00,9,-58.5,2.073942025,D1
2025-03-28T19:23:19.9429490+00:00,17,-65,5.657321146,D1
2025-03-28T19:23:20.4273870+00:00,9,-57.5,2.073942025,D1
2025-03-28T19:23:20.6879090+00:00,17,-73,0.595184546,D1
2025-03-28T19:23:20.9153870+00:00,25,-69.5,0.251572849,D1
2025-03-28T19:23:21.2879900+00:00,9,-56.5,1.975767255,D1
2025-03-28T19:23:21.5229810+00:00,17,-68.5,0.064427193,D1
2025-03-28T19:23:22.0248580+00:00,9,-57,1.988039101,D1
2025-03-28T19:23:22.2428930+00:00,17,-69,0.205553426,D1
2025-03-28T19:23:22.6681110+00:00,9,-58.5,1.877592484,D1
2025-03-28T19:23:22.9429730+00:00,9,-58,5.227806525,D1
2025-03-28T19:23:23.0851860+00:00,17,-69.5,0.064427193,D1
2025-03-28T19:23:23.5472450+00:00,9,-56.5,2.000310947,D1
2025-03-28T19:23:23.7671240+00:00,17,-68.5,6.092971689,D1
2025-03-28T19:23:24.2841250+00:00,9,-57,1.871456561,D1
2025-03-28T19:23:24.5053250+00:00,17,-64.5,0.012271846,D1
2025-03-28T19:23:24.9995390+00:00,9,-58,2.178252719,D1
2025-03-28T19:23:25.7075720+00:00,9,-56,2.037126486,D1
2025-03-28T19:23:26.4174970+00:00,9,-55.5,2.172116796,D1
2025-03-28T19:23:26.6908680+00:00,17,-71.5,4.460816131,D1
2025-03-28T19:23:26.8262600+00:00,17,-71,4.73079675,D1
2025-03-28T19:23:27.3771350+00:00,9,-58,2.816388727,D1
2025-03-28T19:23:27.5912170+00:00,17,-68,0.352815581,D1
2025-03-28T19:23:28.0622230+00:00,9,-72,4.301282129,D1
2025-03-28T19:23:28.2416980+00:00,17,-71,5.246214295,D1
2025-03-28T19:23:28.8248420+00:00,9,-69,6.215690153,D1
2025-03-28T19:23:29.0151000+00:00,17,-65.5,3.540427658,D1
2025-03-28T19:23:29.7673940+00:00,17,-61,4.215379205,D1
2025-03-28T19:23:30.4360740+00:00,17,-59.5,4.669437518,D1
2025-03-28T19:23:31.1321040+00:00,9,-72.5,1.417398248,D1
2025-03-28T19:23:31.2400790+00:00,17,-64,4.577398671,D1
2025-03-28T19:23:31.4309570+00:00,25,-70,4.129476281,D1
2025-03-28T19:23:31.9702660+00:00,17,-62.5,4.565126825,D1
2025-03-28T19:23:32.6839080+00:00,17,-62.5,4.276738437,D1
2025-03-28T19:23:33.3772450+00:00,17,-67,4.445476323,D1
2025-03-28T19:23:33.6976530+00:00,25,-71,0.589048623,D1
2025-03-28T19:23:34.2213680+00:00,17,-66.5,4.353437476,D1
2025-03-28T19:23:35.0363450+00:00,17,-62.5,4.71238898,D1
2025-03-28T19:23:35.5105110+00:00,9,-68,5.341321103,D1
2025-03-28T19:23:35.6797750+00:00,17,-66,4.298214168,D1
2025-03-28T19:23:36.3488130+00:00,9,-64,0.932660319,D1
2025-03-28T19:23:36.8752080+00:00,1,-57.5,6.148194998,D1
2025-03-28T19:23:37.0938070+00:00,9,-55.5,2.718213956,D1
2025-03-28T19:23:37.3324480+00:00,17,-66,1.509437095,D1
2025-03-28T19:23:37.8770090+00:00,9,-56.5,2.601631416,D1
2025-03-28T19:23:38.1617090+00:00,17,-69.5,0.036815539,D1
2025-03-28T19:23:38.4032560+00:00,1,-59.5,6.221826076,D1
2025-03-28T19:23:38.5665570+00:00,1,-59,6.142059075,D1
2025-03-28T19:23:38.7502030+00:00,9,-56,2.638446955,D1
2025-03-28T19:23:38.9345320+00:00,17,-63.5,1.049242859,D1
2025-03-28T19:23:39.4189750+00:00,9,-55.5,2.650718801,D1
2025-03-28T19:23:39.6077020+00:00,17,-65.5,0.374291312,D1
2025-03-28T19:23:39.9107070+00:00,1,-58.5,6.056156151,D1
2025-03-28T19:23:40.0839620+00:00,9,-55,2.362330413,D1
2025-03-28T19:23:40.3237650+00:00,17,-62.5,6.215690153,D1
2025-03-28T19:23:40.6745490+00:00,1,-59,0.239301003,D1
2025-03-28T19:23:40.8440900+00:00,9,-53.5,2.466641107,D1
2025-03-28T19:23:41.0584780+00:00,17,-62.5,0.951068088,D1
2025-03-28T19:23:41.4392750+00:00,1,-59,3.147728577,D1
2025-03-28T19:23:41.6204240+00:00,9,-55,2.208932335,D1
2025-03-28T19:23:41.8110940+00:00,17,-64,0.791534087,D1
2025-03-28T19:23:42.1255410+00:00,1,-59,6.068427997,D1
2025-03-28T19:23:42.3003140+00:00,9,-56.5,2.435961491,D1
2025-03-28T19:23:42.4771050+00:00,9,-55.5,5.350524988,D1
2025-03-28T19:23:42.6866380+00:00,17,-68.5,0.104310694,D1
2025-03-28T19:23:42.9411960+00:00,1,-58,6.203418306,D1
2025-03-28T19:23:43.2164390+00:00,9,-56,5.491651221,D1
2025-03-28T19:23:43.3770380+00:00,17,-63,0.852893318,D1
2025-03-28T19:23:43.8599230+00:00,9,-56,2.073942025,D1
2025-03-28T19:23:44.0446480+00:00,17,-64,1.288543862,D1
2025-03-28T19:23:44.7300960+00:00,9,-64.5,2.067806102,D1
2025-03-28T19:23:44.9177440+00:00,17,-65,1.877592484,D1
2025-03-28T19:23:45.7155790+00:00,9,-69.5,2.613903263,D1
2025-03-28T19:23:45.8311230+00:00,17,-64,3.380893656,D1
2025-03-28T19:23:46.7090120+00:00,17,-62.5,3.8165442,D1
2025-03-28T19:23:47.3798090+00:00,9,-69.5,5.847534763,D1
2025-03-28T19:23:47.7006310+00:00,17,-65,0.503145698,D1
2025-03-28T19:23:48.1552960+00:00,9,-68.5,5.503923067,D1
2025-03-28T19:23:48.3135520+00:00,17,-65,3.69996166,D1
2025-03-28T19:23:48.7823610+00:00,9,-69.5,2.429825568,D1
2025-03-28T19:23:48.9789770+00:00,17,-66,3.184544116,D1
2025-03-28T19:23:49.6115460+00:00,9,-70.5,5.694136685,D1
2025-03-28T19:23:49.7045010+00:00,17,-64.5,3.687689814,D1
2025-03-28T19:23:50.3362960+00:00,9,-69,5.614369684,D1
2025-03-28T19:23:50.4702960+00:00,17,-63.5,3.853359739,D1
2025-03-28T19:23:51.0271230+00:00,9,-70,5.166447294,D1
2025-03-28T19:23:51.1564620+00:00,17,-66.5,3.515883966,D1
2025-03-28T19:23:51.7160130+00:00,9,-70.5,5.589825991,D1
2025-03-28T19:23:51.8418550+00:00,17,-65,3.589515044,D1
2025-03-28T19:23:52.3275520+00:00,9,-67,2.859340189,D1
2025-03-28T19:23:52.5206000+00:00,17,-64.5,3.442252888,D1
2025-03-28T19:23:52.9988820+00:00,9,-69.5,5.792311455,D1
2025-03-28T19:23:53.1286700+00:00,17,-63.5,3.792000508,D1
2025-03-28T19:23:53.7321310+00:00,9,-69.5,5.915029918,D1
2025-03-28T19:23:53.8948190+00:00,17,-64,3.319534425,D1
2025-03-28T19:23:54.5381250+00:00,9,-69.5,6.025476535,D1
2025-03-28T19:23:54.8291670+00:00,17,-66,0.766990394,D1
2025-03-28T19:23:55.5098770+00:00,17,-71.5,0.073631078,D1
2025-03-28T19:23:56.0760520+00:00,9,-70.5,5.97638915,D1
2025-03-28T19:23:56.2111400+00:00,17,-67.5,1.383650671,D1
2025-03-28T19:23:56.7767980+00:00,9,-67.5,5.988660996,D1
2025-03-28T19:23:56.9441800+00:00,17,-64,0.969475858,D1
2025-03-28T19:23:57.7459110+00:00,17,-66,4.608078287,D1
2025-03-28T19:23:58.4097810+00:00,9,-69,5.51005899,D1
2025-03-28T19:23:58.6074420+00:00,17,-67,1.217980746,D1
2025-03-28T19:23:59.1445780+00:00,9,-68,5.721748339,D1
2025-03-28T19:23:59.3161900+00:00,17,-63.5,1.214912784,D1
2025-03-28T19:23:59.8927740+00:00,9,-67.5,5.473243451,D1
2025-03-28T19:24:00.0540230+00:00,17,-66,4.488427785,D1
2025-03-28T19:24:00.6093460+00:00,9,-67.5,5.589825991,D1
2025-03-28T19:24:00.8237790+00:00,17,-65.5,1.294679785,D1
2025-03-28T19:24:01.2972540+00:00,9,-66.5,5.399612373,D1
2025-03-28T19:24:01.5655200+00:00,17,-64.5,1.55852448,D1
2025-03-28T19:24:02.2300340+00:00,9,-67,5.546874529,D1
2025-03-28T19:24:02.4281070+00:00,17,-64,1.349903093,D1
2025-03-28T19:24:02.9177670+00:00,9,-66.5,5.33518518,D1
2025-03-28T19:24:03.0992570+00:00,17,-65.5,1.184233168,D1
2025-03-28T19:24:03.5787630+00:00,9,-66,5.605165799,D1
2025-03-28T19:24:03.7689070+00:00,17,-66,1.681242944,D1
2025-03-28T19:24:04.2123080+00:00,9,-66.5,2.261087681,D1
2025-03-28T19:24:04.3998280+00:00,17,-63.5,1.257864246,D1
2025-03-28T19:24:05.1824980+00:00,17,-69,2.288699336,D1
2025-03-28T19:24:05.6404200+00:00,9,-62,3.472932504,D1
2025-03-28T19:24:05.9309070+00:00,17,-60,0.153398079,D1
2025-03-28T19:24:06.4084130+00:00,9,-62.5,3.785864585,D1
2025-03-28T19:24:06.6034880+00:00,17,-59.5,0.110446617,D1
2025-03-28T19:24:07.0948980+00:00,9,-60.5,3.712233507,D1
2025-03-28T19:24:07.2851560+00:00,17,-59.5,0.177941771,D1
2025-03-28T19:24:07.7796500+00:00,9,-61.5,3.294990732,D1
2025-03-28T19:24:07.9877250+00:00,17,-60,0.263844696,D1
2025-03-28T19:24:08.4580530+00:00,9,-60,3.663146121,D1
2025-03-28T19:24:08.6662720+00:00,17,-58,6.270913461,D1
2025-03-28T19:24:09.3244230+00:00,9,-61.5,3.675417968,D1
2025-03-28T19:24:10.2285770+00:00,9,-63,0.552233084,D1
2025-03-28T19:24:10.3663880+00:00,17,-59.5,0.141126232,D1
2025-03-28T19:24:10.8671250+00:00,9,-61.5,3.945398586,D1
2025-03-28T19:24:11.0834240+00:00,17,-59,0.092038847,D1
2025-03-28T19:24:11.5053490+00:00,9,-60.5,3.448388811,D1
2025-03-28T19:24:11.7003420+00:00,17,-58.5,0.294524311,D1
2025-03-28T19:24:12.1611150+00:00,9,-61,3.71836943,D1
2025-03-28T19:24:12.3798440+00:00,17,-59.5,0.404970928,D1
2025-03-28T19:24:12.8908270+00:00,9,-60.5,3.595650967,D1
2025-03-28T19:24:13.1057550+00:00,17,-59.5,0.312932081,D1
2025-03-28T19:24:13.5351490+00:00,9,-60,3.558835428,D1
2025-03-28T19:24:13.7977080+00:00,9,-60.5,0.484737929,D1
2025-03-28T19:24:13.9459060+00:00,17,-60,0.23316508,D1
2025-03-28T19:24:14.4743030+00:00,9,-64.5,4.16629182,D1
2025-03-28T19:24:14.7775510+00:00,17,-73,4.552854978,D1
2025-03-28T19:24:15.9657300+00:00,9,-72,0.392699082,D1
2025-03-28T19:24:25.9250170+00:00,17,-66.5,0.997087512,D1
2025-03-28T19:24:26.4496900+00:00,9,-70,4.246058821,D1
2025-03-28T19:24:27.1382990+00:00,9,-66,4.626486056,D1
2025-03-28T19:24:27.7614990+00:00,9,-69,1.319223478,D1
2025-03-28T19:24:29.2179270+00:00,9,-69.5,1.141281706,D1
2025-03-28T19:24:29.4264550+00:00,9,-69.5,1.208776861,D1
2025-03-28T19:24:30.0860590+00:00,9,-69.5,1.073786552,D1
2025-03-28T19:24:30.7912380+00:00,9,-70.5,4.172427743,D1
2025-03-28T19:24:31.5508330+00:00,9,-70,0.975611781,D1
2025-03-28T19:24:32.2590980+00:00,9,-70,1.202640938,D1
2025-03-28T19:24:32.9683060+00:00,9,-70,0.809941856,D1
2025-03-28T19:24:33.8342380+00:00,9,-69,1.05231082,D1
2025-03-28T19:24:34.6110690+00:00,9,-69.5,0.91425255,D1
2025-03-28T19:24:35.3444150+00:00,9,-70,4.779884135,D1
2025-03-28T19:24:36.0372780+00:00,9,-70.5,1.607611866,D1
2025-03-28T19:24:36.8135910+00:00,9,-70.5,1.601475943,D1
2025-03-28T19:24:37.6421720+00:00,9,-67.5,1.512505057,D1
2025-03-28T19:24:39.3860830+00:00,17,-70,0.429514621,D1
2025-03-28T19:24:39.8901860+00:00,9,-71,4.289010283,D1
2025-03-28T19:24:40.1128670+00:00,17,-71,0.865165164,D1
2025-03-28T19:24:40.6532470+00:00,9,-70,0.478602006,D1
2025-03-28T19:24:40.8664230+00:00,17,-69.5,0.619728238,D1
2025-03-28T19:24:41.4513900+00:00,9,-70,0.171805848,D1
2025-03-28T19:24:41.6540470+00:00,17,-71.5,0.871301088,D1
2025-03-28T19:24:42.3499300+00:00,9,-69.5,0.429514621,D1
2025-03-28T19:24:42.5339010+00:00,17,-70.5,0.889708857,D1
2025-03-28T19:24:43.0575810+00:00,9,-70,0.34974762,D1
2025-03-28T19:24:43.2611680+00:00,17,-72,0.963339935,D1
2025-03-28T19:24:43.8318840+00:00,9,-70,0.337475773,D1
2025-03-28T19:24:44.0366180+00:00,17,-73.5,0.153398079,D1
2025-03-28T19:24:44.5276610+00:00,9,-71.5,0.674951547,D1
2025-03-28T19:24:44.6884870+00:00,17,-69.5,0.337475773,D1
2025-03-28T19:24:45.4038130+00:00,9,-71,0.852893318,D1
2025-03-28T19:24:45.5505760+00:00,17,-68,0.33133985,D1
2025-03-28T19:24:46.1262640+00:00,9,-72,0.533825314,D1
2025-03-28T19:24:46.2947990+00:00,17,-69.5,0.141126232,D1
2025-03-28T19:24:46.9010540+00:00,9,-71,0.638136008,D1
2025-03-28T19:24:47.1330010+00:00,17,-71,0.177941771,D1
2025-03-28T19:24:47.8362060+00:00,9,-71.5,0.343611696,D1
2025-03-28T19:24:48.0479770+00:00,17,-70.5,0.889708857,D1
2025-03-28T19:24:48.7231470+00:00,17,-67,0.190213618,D1
2025-03-28T19:24:48.9471110+00:00,17,-67,1.202640938,D1
2025-03-28T19:24:49.5499900+00:00,17,-73,5.688000761,D1
2025-03-28T19:24:50.3373670+00:00,25,-70,5.16031137,D1
2025-03-28T19:24:50.8968390+00:00,17,-64.5,4.571262748,D1
2025-03-28T19:24:51.5717690+00:00,17,-66,4.697049173,D1
2025-03-28T19:24:51.7898960+00:00,25,-69.5,5.694136685,D1
2025-03-28T19:24:52.8604200+00:00,17,-66,1.711922559,D1
2025-03-28T19:24:52.9394220+00:00,25,-70,5.62664153,D1
2025-03-28T19:24:53.4828850+00:00,17,-64.5,4.663301595,D1
2025-03-28T19:24:53.7020810+00:00,25,-70,2.313243028,D1
2025-03-28T19:24:54.2383570+00:00,17,-66,1.757941983,D1
2025-03-28T19:24:55.1833950+00:00,17,-65.5,4.746136558,D1
2025-03-28T19:24:55.9475790+00:00,17,-66.5,1.745670137,D1
2025-03-28T19:24:56.1886030+00:00,25,-71,5.405748297,D1
2025-03-28T19:24:56.9227590+00:00,17,-66.5,4.856583174,D1
2025-03-28T19:24:57.1619370+00:00,25,-71.5,5.503923067,D1
2025-03-28T19:24:58.3377320+00:00,17,-66.5,4.890330752,D1
2025-03-28T19:24:58.5812080+00:00,25,-70.5,5.571418222,D1
2025-03-28T19:24:59.1845250+00:00,17,-65.5,4.810563751,D1
2025-03-28T19:24:59.8519000+00:00,17,-65,4.755340442,D1
2025-03-28T19:25:00.6784830+00:00,17,-65,4.88726279,D1
2025-03-28T19:25:00.9422280+00:00,25,-71,5.233942448,D1
2025-03-28T19:25:01.7117250+00:00,17,-69,4.82897152,D1
2025-03-28T19:25:02.2377580+00:00,9,-69.5,1.570796327,D1
2025-03-28T19:25:02.4393060+00:00,17,-70,0.859029241,D1
2025-03-28T19:25:02.9036300+00:00,9,-71,0.220893233,D1
2025-03-28T19:25:03.1885160+00:00,17,-72,4.295146206,D1
2025-03-28T19:25:03.6799980+00:00,9,-71,5.908893995,D1
2025-03-28T19:25:03.8951440+00:00,17,-71.5,0.877437011,D1
2025-03-28T19:25:04.3926820+00:00,9,-68.5,6.007068765,D1
2025-03-28T19:25:04.6041430+00:00,9,-70,0.257708772,D1
2025-03-28T19:25:04.7954650+00:00,17,-70.5,4.080388896,D1
2025-03-28T19:25:05.3568260+00:00,9,-68,6.17273869,D1
2025-03-28T19:25:06.1766900+00:00,9,-71,3.730641276,D1
2025-03-28T19:25:06.4170550+00:00,17,-74,0.257708772,D1
2025-03-28T19:25:06.8813970+00:00,9,-71,0.202485464,D1
2025-03-28T19:25:07.5044870+00:00,9,-70.5,0.269980619,D1
2025-03-28T19:25:09.7746310+00:00,9,-70.5,0.515417545,D1
2025-03-28T19:25:10.5440940+00:00,9,-66,6.227961999,D1
2025-03-28T19:25:11.2497320+00:00,9,-69.5,0.049087385,D1
2025-03-28T19:25:12.0330110+00:00,9,-69,0.23316508,D1
2025-03-28T19:25:52.9981440+00:00,1,-59,5.97638915,D2
2025-03-28T19:25:53.1173570+00:00,9,-59,2.742757649,D2
2025-03-28T19:25:53.3084680+00:00,17,-55,5.399612373,D2
2025-03-28T19:25:53.6174950+00:00,1,-57,6.068427997,D2
2025-03-28T19:25:53.7938770+00:00,9,-59,3.761320892,D2
2025-03-28T19:25:54.0458780+00:00,17,-54,5.111223985,D2
2025-03-28T19:25:54.4848690+00:00,9,-57.5,2.871612035,D2
2025-03-28T19:25:54.7157920+00:00,17,-54,5.233942448,D2
2025-03-28T19:25:55.0237290+00:00,1,-60,5.896622149,D2
2025-03-28T19:25:55.2033280+00:00,9,-59.5,3.006602344,D2
2025-03-28T19:25:55.3849660+00:00,17,-54,5.203262833,D2
2025-03-28T19:25:55.7132410+00:00,1,-59,5.97638915,D2
2025-03-28T19:25:55.9337490+00:00,9,-61.5,3.227495578,D2
2025-03-28T19:25:56.1250680+00:00,17,-54,5.203262833,D2
2025-03-28T19:25:56.6375780+00:00,9,-61.5,3.006602344,D2
2025-03-28T19:25:56.8426660+00:00,9,-62,0.006135923,D2
2025-03-28T19:25:56.9886940+00:00,17,-54.5,5.227806525,D2
2025-03-28T19:25:57.3830180+00:00,1,-60,3.092505268,D2
2025-03-28T19:25:57.5299130+00:00,9,-60,3.393165503,D2
2025-03-28T19:25:57.7248710+00:00,17,-54.5,5.141903601,D2
2025-03-28T19:25:57.9873900+00:00,1,-59.5,6.099107613,D2
2025-03-28T19:25:58.1610240+00:00,9,-54.5,2.669126571,D2
2025-03-28T19:25:58.4198950+00:00,17,-54.5,5.056000677,D2
2025-03-28T19:25:58.7051950+00:00,1,-57.5,5.221670602,D2
2025-03-28T19:25:58.8946740+00:00,9,-57.5,3.436116965,D2
2025-03-28T19:25:59.0970200+00:00,17,-55.5,5.368932758,D2
2025-03-28T19:25:59.4198770+00:00,1,-58,5.632777453,D2
2025-03-28T19:25:59.6234040+00:00,9,-60,3.632466506,D2
2025-03-28T19:25:59.8302460+00:00,17,-56.5,5.479379374,D2
2025-03-28T19:26:00.3209980+00:00,9,-61,3.27044704,D2
2025-03-28T19:26:00.5144840+00:00,17,-52.5,5.141903601,D2
2025-03-28T19:26:00.7797810+00:00,17,-55.5,5.503923067,D2
2025-03-28T19:26:01.0651310+00:00,1,-55.5,0.257708772,D2
2025-03-28T19:26:01.2742370+00:00,9,-61.5,3.939262663,D2
2025-03-28T19:26:01.5203490+00:00,17,-58.5,5.694136685,D2
2025-03-28T19:26:02.1703110+00:00,9,-66.5,0.263844696,D2
2025-03-28T19:26:02.2218830+00:00,9,-66,3.522019889,D2
2025-03-28T19:26:02.3179260+00:00,17,-64,4.442408362,D2
2025-03-28T19:26:02.7280900+00:00,1,-58.5,5.608233761,D2
2025-03-28T19:26:02.8317120+00:00,9,-63,3.325670348,D2
2025-03-28T19:26:03.0581670+00:00,17,-58,0.312932081,D2
2025-03-28T19:26:03.3030490+00:00,1,-53.5,5.381204604,D2
2025-03-28T19:26:03.5359770+00:00,9,-64,0.306796158,D2
2025-03-28T19:26:03.7248600+00:00,17,-52.5,0.766990394,D2
2025-03-28T19:26:04.5137340+00:00,17,-65,0.024543693,D2
2025-03-28T19:26:04.6383490+00:00,17,-63,5.491651221,D2
2025-03-28T19:26:05.3426350+00:00,17,-40.5,4.786020058,D2
2025-03-28T19:26:05.5265560+00:00,25,-62,2.926835343,D2
2025-03-28T19:26:06.2116540+00:00,17,-41,4.841243367,D2
2025-03-28T19:26:06.3758420+00:00,25,-60.5,2.945243113,D2
2025-03-28T19:26:06.9573640+00:00,17,-41,4.835107443,D2
2025-03-28T19:26:07.1333110+00:00,25,-60.5,2.70594211,D2
2025-03-28T19:26:07.7751690+00:00,17,-41,4.822835597,D2
2025-03-28T19:26:07.9386130+00:00,25,-60.5,3.104777115,D2
2025-03-28T19:26:08.7445910+00:00,17,-41.5,4.859651136,D2
2025-03-28T19:26:08.9209570+00:00,25,-60.5,2.957514959,D2
2025-03-28T19:26:09.5025160+00:00,17,-42,4.96396183,D2
2025-03-28T19:26:09.6896800+00:00,25,-62.5,6.221826076,D2
2025-03-28T19:26:10.2604200+00:00,17,-44,4.736932673,D2
2025-03-28T19:26:10.4441240+00:00,25,-62.5,5.936505649,D2
2025-03-28T19:26:11.0087450+00:00,17,-43.5,4.632621979,D2
2025-03-28T19:26:11.1938840+00:00,25,-63,2.883883881,D2
2025-03-28T19:26:11.8231670+00:00,17,-42.5,4.608078287,D2
2025-03-28T19:26:11.9894660+00:00,25,-62,2.883883881,D2
2025-03-28T19:26:12.8362610+00:00,17,-42.5,4.706253057,D2
2025-03-28T19:26:13.0181230+00:00,25,-61.5,3.031146037,D2
2025-03-28T19:26:13.6847960+00:00,17,-43,4.657165672,D2
2025-03-28T19:26:13.8650360+00:00,25,-61.5,2.80411688,D2
2025-03-28T19:26:14.5117920+00:00,17,-42.5,4.84737929,D2
2025-03-28T19:26:15.8020020+00:00,17,-58.5,2.227340104,D2
2025-03-28T19:26:16.5857560+00:00,17,-55.5,1.374446786,D2
2025-03-28T19:26:17.5184290+00:00,17,-56.5,1.282407939,D2
2025-03-28T19:26:18.2316200+00:00,17,-57.5,1.644427405,D2
2025-03-28T19:26:18.4404620+00:00,25,-67.5,4.792155981,D2
2025-03-28T19:26:19.0022610+00:00,17,-58.5,1.448077864,D2
2025-03-28T19:26:19.2668130+00:00,25,-67,4.595806441,D2
2025-03-28T19:26:19.8559300+00:00,17,-57.5,1.435806017,D2
2025-03-28T19:26:20.7128270+00:00,17,-57,1.34376717,D2
2025-03-28T19:26:20.9187800+00:00,25,-66.5,1.340699209,D2
2025-03-28T19:26:21.4743980+00:00,17,-57.5,1.386718632,D2
2025-03-28T19:26:21.7771490+00:00,25,-66,1.512505057,D2
2025-03-28T19:26:22.3666720+00:00,17,-57,1.288543862,D2
2025-03-28T19:26:22.6705390+00:00,25,-67.5,1.46034971,D2
2025-03-28T19:26:23.2223260+00:00,17,-57,1.319223478,D2
2025-03-28T19:26:23.9166120+00:00,17,-57,1.104466167,D2
2025-03-28T19:26:24.1804770+00:00,17,-57,1.22718463,D2
2025-03-28T19:26:24.3584310+00:00,25,-68,4.792155981,D2
2025-03-28T19:26:24.9292280+00:00,17,-56.5,1.313087554,D2
2025-03-28T19:26:25.6675610+00:00,17,-57.5,1.67510702,D2
2025-03-28T19:26:26.4278010+00:00,17,-58,2.049398333,D2
2025-03-28T19:26:27.0212820+00:00,9,-69,0.859029241,D2
2025-03-28T19:26:27.2871960+00:00,17,-66.5,2.110757564,D2
2025-03-28T19:26:27.5333440+00:00,1,-59,0.282252465,D2
2025-03-28T19:26:27.6981880+00:00,9,-61.5,2.975922728,D2
2025-03-28T19:26:27.9140220+00:00,17,-64,1.55852448,D2
2025-03-28T19:26:28.0735880+00:00,17,-64.5,1.264000169,D2
2025-03-28T19:26:28.6144800+00:00,9,-63,3.773592738,D2
2025-03-28T19:26:28.8598730+00:00,17,-63.5,1.239456477,D2
2025-03-28T19:26:29.2676460+00:00,1,-59.5,6.221826076,D2
2025-03-28T19:26:29.3789180+00:00,9,-61,3.675417968,D2
2025-03-28T19:26:29.6339830+00:00,17,-67,1.398990479,D2
2025-03-28T19:26:29.9066450+00:00,1,-58,0.23316508,D2
2025-03-28T19:26:30.1160530+00:00,9,-61.5,3.515883966,D2
2025-03-28T19:26:30.3256080+00:00,17,-63,0.963339935,D2
2025-03-28T19:26:30.5989670+00:00,1,-59.5,0.030679616,D2
2025-03-28T19:26:30.7910980+00:00,9,-62,3.749049046,D2
2025-03-28T19:26:31.0314020+00:00,17,-63.5,1.12900986,D2
2025-03-28T19:26:31.3884510+00:00,1,-59,6.264777538,D2
2025-03-28T19:26:31.6183410+00:00,9,-61.5,3.460660657,D2
2025-03-28T19:26:31.8331150+00:00,17,-62.5,1.313087554,D2
2025-03-28T19:26:31.9936920+00:00,17,-64,1.325359401,D2
2025-03-28T19:26:32.2388060+00:00,1,-59,0.337475773,D2
2025-03-28T19:26:32.4371020+00:00,9,-62,3.25203927,D2
2025-03-28T19:26:32.6431700+00:00,17,-63,1.043106936,D2
2025-03-28T19:26:32.9660980+00:00,1,-59,0.380427235,D2
2025-03-28T19:26:33.0995220+00:00,9,-61.5,3.380893656,D2
2025-03-28T19:26:33.3102900+00:00,17,-63,1.208776861,D2
2025-03-28T19:26:33.6019770+00:00,1,-58.5,0.128854386,D2
2025-03-28T19:26:33.8126950+00:00,9,-62,3.657010198,D2
2025-03-28T19:26:34.0337240+00:00,17,-63.5,1.398990479,D2
2025-03-28T19:26:34.3302450+00:00,1,-59,6.007068765,D2
2025-03-28T19:26:34.6168610+00:00,9,-63,0.159534002,D2
2025-03-28T19:26:34.7578240+00:00,17,-62,0.852893318,D2
2025-03-28T19:26:35.0199430+00:00,1,-59,0.055223308,D2
2025-03-28T19:26:35.2690650+00:00,9,-61,3.080233422,D2
2025-03-28T19:26:35.5170610+00:00,17,-63,1.018563243,D2
2025-03-28T19:26:35.9037950+00:00,1,-58,0.337475773,D2
2025-03-28T19:26:36.1151730+00:00,9,-62,3.319534425,D2
2025-03-28T19:26:36.3559220+00:00,17,-63,0.981747704,D2
2025-03-28T19:26:36.8034230+00:00,1,-59.5,0.177941771,D2
2025-03-28T19:26:36.9792930+00:00,9,-61,3.577243197,D2
2025-03-28T19:26:37.2433460+00:00,17,-65,3.061825653,D2
2025-03-28T19:26:37.8462970+00:00,9,-71.5,0.417242774,D2
2025-03-28T19:26:38.1000070+00:00,17,-62.5,5.773903686,D2
2025-03-28T19:26:38.6635700+00:00,17,-54.5,4.135612204,D2
2025-03-28T19:26:38.9093440+00:00,1,-54,5.098952139,D2
2025-03-28T19:26:39.3753030+00:00,17,-45.5,3.350214041,D2
2025-03-28T19:26:39.6321720+00:00,1,-58.5,2.208932335,D2
2025-03-28T19:26:39.8273530+00:00,1,-56.5,5.344389065,D2
2025-03-28T19:26:40.1840290+00:00,17,-45.5,3.27044704,D2
2025-03-28T19:26:40.5620120+00:00,1,-55.5,2.417553722,D2
2025-03-28T19:26:41.0633830+00:00,17,-45.5,3.288854809,D2
2025-03-28T19:26:41.3862930+00:00,1,-57,5.424156066,D2
2025-03-28T19:26:41.8304200+00:00,17,-46,3.301126656,D2
2025-03-28T19:26:42.5849320+00:00,17,-45.5,3.233631501,D2
2025-03-28T19:26:42.8545370+00:00,1,-57.5,5.632777453,D2
2025-03-28T19:26:43.2928040+00:00,17,-45.5,3.294990732,D2
2025-03-28T19:26:43.5729990+00:00,1,-57,5.338253142,D2
2025-03-28T19:26:43.6873710+00:00,1,-57,5.430291989,D2
2025-03-28T19:26:44.1300060+00:00,17,-45.5,3.27044704,D2
2025-03-28T19:26:44.3925930+00:00,1,-57.5,5.730952224,D2
2025-03-28T19:26:44.8142360+00:00,17,-45.5,3.362485887,D2
2025-03-28T19:26:45.1032830+00:00,1,-56.5,1.945087639,D2
2025-03-28T19:26:45.4543190+00:00,17,-46,3.27044704,D2
2025-03-28T19:26:45.6902650+00:00,1,-54.5,5.148039524,D2
2025-03-28T19:26:46.1216350+00:00,17,-45.5,3.411573272,D2
2025-03-28T19:26:46.5040930+00:00,1,-55.5,5.233942448,D2
2025-03-28T19:26:46.8807350+00:00,17,-45.5,3.184544116,D2
2025-03-28T19:26:47.2003230+00:00,1,-56.5,1.871456561,D2
2025-03-28T19:26:47.8406160+00:00,17,-45,6.221826076,D2
2025-03-28T19:26:48.0915450+00:00,1,-56.5,4.798291905,D2
2025-03-28T19:26:48.4700690+00:00,17,-44.5,2.957514959,D2
2025-03-28T19:26:48.7857680+00:00,1,-58,5.0621366,D2
2025-03-28T19:26:49.2046980+00:00,17,-45.5,3.36862181,D2
2025-03-28T19:26:49.5896800+00:00,1,-57,4.976233676,D2
2025-03-28T19:26:49.8495210+00:00,9,-65,4.758408404,D2
2025-03-28T19:26:50.0349980+00:00,17,-61.5,6.086835766,D2
2025-03-28T19:26:50.5315520+00:00,9,-59,0.239301003,D2
2025-03-28T19:26:50.8538980+00:00,17,-64.5,4.638757903,D2
2025-03-28T19:26:51.1565110+00:00,1,-58,3.969942279,D2
2025-03-28T19:26:51.3449700+00:00,9,-64.5,0.576776776,D2
2025-03-28T19:26:51.5324550+00:00,9,-66.5,0.926524396,D2
2025-03-28T19:26:52.0510820+00:00,1,-60,4.651029749,D2
2025-03-28T19:26:52.1993250+00:00,9,-62.5,0.582912699,D2
2025-03-28T19:26:52.8247950+00:00,1,-59,1.441941941,D2
2025-03-28T19:26:53.1073180+00:00,9,-65,0.674951547,D2
2025-03-28T19:26:53.5929300+00:00,1,-58.5,4.503767593,D2
2025-03-28T19:26:53.7631590+00:00,9,-64.5,0.809941856,D2
2025-03-28T19:26:54.3463000+00:00,1,-59.5,4.485359824,D2
2025-03-28T19:26:54.4970700+00:00,9,-64.5,0.760854471,D2
2025-03-28T19:26:54.7651870+00:00,17,-68,1.306951631,D2
2025-03-28T19:26:55.2076740+00:00,9,-62.5,0.766990394,D2
2025-03-28T19:26:55.4184620+00:00,9,-64.5,0.668815624,D2
2025-03-28T19:26:55.5813440+00:00,17,-62.5,4.405592823,D2
2025-03-28T19:26:56.0974300+00:00,9,-65,0.56450493,D2
2025-03-28T19:26:56.3266880+00:00,17,-63.5,4.362641361,D2
2025-03-28T19:26:56.7674950+00:00,1,-59,4.620350133,D2
2025-03-28T19:26:57.1507180+00:00,17,-63,4.583534594,D2
2025-03-28T19:26:57.7043410+00:00,9,-62.5,0.601320469,D2
2025-03-28T19:26:57.9097550+00:00,17,-62.5,4.49763167,D2
2025-03-28T19:26:58.4053290+00:00,9,-62.5,0.44792239,D2
2025-03-28T19:26:58.7437760+00:00,17,-62.5,4.28287436,D2
2025-03-28T19:26:59.1516220+00:00,9,-62.5,0.497009775,D2
2025-03-28T19:26:59.3218860+00:00,9,-64,0.404970928,D2
2025-03-28T19:26:59.4910570+00:00,17,-63,4.442408362,D2
2025-03-28T19:27:00.0845690+00:00,9,-63.5,0.478602006,D2
2025-03-28T19:27:00.2470620+00:00,17,-63,4.503767593,D2
2025-03-28T19:27:00.7760300+00:00,9,-62.5,0.834485549,D2
2025-03-28T19:27:00.9810230+00:00,17,-63,5.252350218,D2
2025-03-28T19:27:01.5779080+00:00,9,-64.5,1.006291397,D2
2025-03-28T19:27:02.2316900+00:00,9,-63,1.006291397,D2
2025-03-28T19:27:02.4551670+00:00,17,-64,4.835107443,D2
2025-03-28T19:27:02.9149300+00:00,9,-64,5.565282298,D2
2025-03-28T19:27:03.6273500+00:00,9,-60.5,2.417553722,D2
2025-03-28T19:27:03.8544980+00:00,17,-62,4.976233676,D2
2025-03-28T19:27:04.2931750+00:00,9,-65,1.564660404,D2
2025-03-28T19:27:04.4888930+00:00,17,-61,5.086680293,D2
2025-03-28T19:27:04.9005740+00:00,9,-64.5,1.098330244,D2
2025-03-28T19:27:05.1376640+00:00,17,-60.5,4.417864669,D2
2025-03-28T19:27:05.6852850+00:00,9,-67,1.260932208,D2
2025-03-28T19:27:05.9183160+00:00,17,-60.5,5.0621366,D2
2025-03-28T19:27:06.6373460+00:00,17,-62,4.957825906,D2
2025-03-28T19:27:07.2411260+00:00,9,-65,1.638291481,D2
2025-03-28T19:27:07.4386550+00:00,17,-61.5,4.865787059,D2
2025-03-28T19:27:07.8772110+00:00,9,-64,1.01242732,D2
2025-03-28T19:27:08.1214600+00:00,17,-64.5,4.921010368,D2
2025-03-28T19:27:08.5966330+00:00,9,-63,0.625864161,D2
2025-03-28T19:27:08.8236930+00:00,17,-60,4.96396183,D2
2025-03-28T19:27:09.3053130+00:00,9,-63,1.883728408,D2
2025-03-28T19:27:09.5161560+00:00,17,-61.5,4.430136515,D2
2025-03-28T19:27:10.2699140+00:00,9,-67,1.356039016,D2
2025-03-28T19:27:10.4488050+00:00,17,-61.5,4.687845288,D2
2025-03-28T19:27:11.2573210+00:00,9,-68,4.595806441,D2
2025-03-28T19:27:11.4277980+00:00,17,-63,4.82897152,D2
2025-03-28T19:27:11.9427660+00:00,9,-66.5,1.208776861,D2
2025-03-28T19:27:12.1221330+00:00,17,-62,4.626486056,D2
2025-03-28T19:27:12.9282840+00:00,9,-63,1.061514705,D2
2025-03-28T19:27:13.1989210+00:00,17,-63,4.841243367,D2
2025-03-28T19:27:13.6633660+00:00,9,-65,5.344389065,D2
2025-03-28T19:27:13.8540820+00:00,17,-57.5,5.129631755,D2
2025-03-28T19:27:14.5302960+00:00,17,-71,3.423845119,D2
2025-03-28T19:27:15.2944150+00:00,17,-55.5,5.638913376,D2
2025-03-28T19:27:15.9745850+00:00,17,-56,5.148039524,D2
2025-03-28T19:27:16.6204490+00:00,17,-58.5,5.215534679,D2
2025-03-28T19:27:17.3787940+00:00,17,-56.5,5.025321061,D2
2025-03-28T19:27:18.0548050+00:00,17,-58,5.006913292,D2
2025-03-28T19:27:19.0114100+00:00,17,-56,1.969631332,D2
2025-03-28T19:27:19.6298900+00:00,17,-57,4.976233676,D2
2025-03-28T19:27:20.3590680+00:00,17,-55.5,5.52846676,D2
2025-03-28T19:27:21.0964710+00:00,17,-57.5,5.203262833,D2
2025-03-28T19:27:21.8361620+00:00,17,-57.5,5.123495832,D2
2025-03-28T19:27:22.9299010+00:00,17,-57.5,5.240078371,D2
2025-03-28T19:27:23.6845580+00:00,17,-56.5,5.491651221,D2
2025-03-28T19:27:24.3494670+00:00,17,-56,5.29530168,D2
2025-03-28T19:27:24.9724160+00:00,17,-55.5,5.283029833,D2
2025-03-28T19:27:25.5947610+00:00,17,-53.5,5.129631755,D2
2025-03-28T19:27:26.3722170+00:00,17,-54,5.258486141,D2
2025-03-28T19:27:26.7311630+00:00,17,-55.5,5.651185223,D2
2025-03-28T19:27:27.2747960+00:00,17,-63.5,6.07456392,D2
2025-03-28T19:27:27.9565070+00:00,17,-58,5.098952139,D2
2025-03-28T19:27:28.4586240+00:00,9,-65.5,1.233320553,D2
2025-03-28T19:27:28.6872400+00:00,17,-64,4.798291905,D2
2025-03-28T19:27:30.7461510+00:00,17,-56,2.767301341,D2
2025-03-28T19:27:40.5633990+00:00,17,-68,1.040038974,D2
2025-03-28T19:27:41.2219610+00:00,17,-65,0.082834963,D2
2025-03-28T19:27:41.7154560+00:00,9,-61.5,1.724194406,D2
2025-03-28T19:27:42.4435290+00:00,9,-59,1.509437095,D2
2025-03-28T19:27:43.1259900+00:00,9,-59,1.405126402,D2
2025-03-28T19:27:43.7541580+00:00,9,-58.5,1.540116711,D2
2025-03-28T19:27:44.4477160+00:00,9,-59,1.484893403,D2
2025-03-28T19:27:45.1933040+00:00,9,-58,1.380582709,D2
2025-03-28T19:27:45.4823390+00:00,17,-68,4.568194786,D2
2025-03-28T19:27:45.9203000+00:00,9,-58.5,1.135145783,D2
2025-03-28T19:27:46.2122200+00:00,9,-58.5,1.306951631,D2
2025-03-28T19:27:46.3588500+00:00,17,-64.5,4.387185053,D2
2025-03-28T19:27:46.7711890+00:00,9,-58.5,1.491029326,D2
2025-03-28T19:27:47.4286580+00:00,9,-58.5,1.368310863,D2
2025-03-28T19:27:48.0749680+00:00,9,-59.5,1.466485633,D2
2025-03-28T19:27:48.4232150+00:00,17,-70.5,0.527689391,D2
2025-03-28T19:27:48.8383050+00:00,9,-59.5,1.883728408,D2
2025-03-28T19:27:49.1361040+00:00,17,-64,4.071185011,D2
2025-03-28T19:27:49.8021140+00:00,17,-61,3.724505353,D2
2025-03-28T19:27:50.1842930+00:00,1,-56.5,1.300815708,D2
2025-03-28T19:27:50.5450740+00:00,17,-50,6.203418306,D2
2025-03-28T19:27:50.9146640+00:00,1,-56,1.441941941,D2
2025-03-28T19:27:51.1198090+00:00,9,-64,5.35359295,D2
2025-03-28T19:27:51.3022230+00:00,17,-49,5.902758072,D2
2025-03-28T19:27:51.5397810+00:00,1,-55,1.414330286,D2
2025-03-28T19:27:51.7637580+00:00,9,-63.5,5.368932758,D2
2025-03-28T19:27:51.9833870+00:00,17,-48.5,5.810719225,D2
2025-03-28T19:27:52.2569610+00:00,1,-54.5,1.322291439,D2
2025-03-28T19:27:52.5340020+00:00,9,-64.5,5.448699759,D2
2025-03-28T19:27:52.7071720+00:00,17,-48.5,5.847534763,D2
2025-03-28T19:27:52.9644430+00:00,1,-54,4.353437476,D2
2025-03-28T19:27:53.2082390+00:00,9,-64.5,5.29530168,D2
2025-03-28T19:27:53.4328030+00:00,17,-49,5.712544454,D2
2025-03-28T19:27:53.8239730+00:00,1,-56.5,4.577398671,D2
2025-03-28T19:27:54.0980640+00:00,1,-55,1.405126402,D2
2025-03-28T19:27:54.1925430+00:00,9,-63.5,2.420621683,D2
2025-03-28T19:27:54.3808280+00:00,17,-50,5.97638915,D2
2025-03-28T19:27:54.6922030+00:00,1,-56,1.319223478,D2
2025-03-28T19:27:54.9148420+00:00,9,-63.5,5.482447336,D2
2025-03-28T19:27:55.1385500+00:00,17,-50,5.988660996,D2
2025-03-28T19:27:55.4064970+00:00,1,-54.5,4.331961745,D2
2025-03-28T19:27:55.6227700+00:00,9,-63.5,5.562214337,D2
2025-03-28T19:27:55.8316900+00:00,17,-50,5.994796919,D2
2025-03-28T19:27:56.0989740+00:00,1,-54.5,1.22718463,D2
2025-03-28T19:27:56.4210540+00:00,9,-64.5,5.540738606,D2
2025-03-28T19:27:56.5693440+00:00,17,-49.5,5.970253226,D2
2025-03-28T19:27:56.8370000+00:00,1,-55,1.294679785,D2
2025-03-28T19:27:57.1419260+00:00,9,-64,5.350524988,D2
2025-03-28T19:27:57.2960970+00:00,17,-49,5.865942533,D2
2025-03-28T19:27:57.5399150+00:00,1,-54,1.40205844,D2
2025-03-28T19:27:57.7882660+00:00,9,-64,5.491651221,D2
2025-03-28T19:27:57.9406050+00:00,9,-64.5,2.448233337,D2
2025-03-28T19:27:58.1273700+00:00,17,-50,6.068427997,D2
2025-03-28T19:27:58.4314790+00:00,1,-56.5,1.331495324,D2
2025-03-28T19:27:58.6265550+00:00,9,-65,5.577554145,D2
2025-03-28T19:27:58.8416780+00:00,17,-50,6.080699843,D2
2025-03-28T19:27:59.1384590+00:00,1,-56.5,4.589670517,D2
2025-03-28T19:27:59.5175940+00:00,17,-55,5.964117303,D2
2025-03-28T19:27:59.8404810+00:00,1,-59.5,1.994175024,D2
2025-03-28T19:28:00.2317520+00:00,17,-64.5,5.651185223,D2
2025-03-28T19:28:00.8784330+00:00,17,-56.5,0.760854471,D2
2025-03-28T19:28:01.5985790+00:00,17,-52,0.276116542,D2
2025-03-28T19:28:01.8680080+00:00,25,-62,2.386874106,D2
2025-03-28T19:28:02.5291010+00:00,17,-50,0.134990309,D2
2025-03-28T19:28:02.7002800+00:00,25,-61.5,2.350058567,D2
2025-03-28T19:28:03.2638300+00:00,17,-50,0.09817477,D2
2025-03-28T19:28:03.4491400+00:00,25,-62,1.902136177,D2
2025-03-28T19:28:04.1309010+00:00,17,-50,0.055223308,D2
2025-03-28T19:28:04.3111390+00:00,25,-61.5,2.227340104,D2
2025-03-28T19:28:04.8979350+00:00,17,-49.5,0.042951462,D2
2025-03-28T19:28:05.0618800+00:00,25,-61.5,2.405281875,D2
2025-03-28T19:28:05.8763720+00:00,17,-49.5,0.128854386,D2
2025-03-28T19:28:06.0118410+00:00,25,-62,2.080077948,D2
2025-03-28T19:28:06.6056870+00:00,17,-50,0.092038847,D2
2025-03-28T19:28:06.7943340+00:00,25,-62,2.245747873,D2
2025-03-28T19:28:07.4564130+00:00,17,-50.5,0.288388388,D2
2025-03-28T19:28:07.6511520+00:00,25,-63,2.227340104,D2
2025-03-28T19:28:08.2320380+00:00,17,-52,0.153398079,D2
2025-03-28T19:28:08.4200800+00:00,25,-61,2.227340104,D2
2025-03-28T19:28:09.0551610+00:00,17,-54,6.203418306,D2
2025-03-28T19:28:09.8899390+00:00,17,-66.5,0.846757395,D2
2025-03-28T19:28:10.3065900+00:00,9,-65,0.046019424,D2
2025-03-28T19:28:10.5349530+00:00,17,-65.5,4.930214252,D2
2025-03-28T19:28:10.9464410+00:00,9,-59,0.055223308,D2
2025-03-28T19:28:11.1536330+00:00,17,-63,0.165669925,D2
2025-03-28T19:28:11.5570900+00:00,9,-59,0.601320469,D2
2025-03-28T19:28:11.8052920+00:00,17,-64.5,5.964117303,D2
2025-03-28T19:28:12.2237830+00:00,9,-59.5,0.809941856,D2
2025-03-28T19:28:12.4632330+00:00,17,-64,6.111379459,D2
2025-03-28T19:28:13.0669840+00:00,9,-59.5,0.699495239,D2
2025-03-28T19:28:13.2907040+00:00,17,-63.5,6.264777538,D2
2025-03-28T19:28:13.6115500+00:00,17,-64.5,6.270913461,D2
2025-03-28T19:28:13.9026810+00:00,9,-59,0.435650544,D2
2025-03-28T19:28:14.1790070+00:00,17,-63.5,0.012271846,D2
2025-03-28T19:28:14.7045890+00:00,9,-60,0.558369007,D2
2025-03-28T19:28:14.9828630+00:00,17,-63,5.927301764,D2
2025-03-28T19:28:15.4872090+00:00,9,-60,0.619728238,D2
2025-03-28T19:28:15.7505190+00:00,17,-63,0.257708772,D2
2025-03-28T19:28:16.3068010+00:00,9,-60,0.717903009,D2
2025-03-28T19:28:16.5082100+00:00,17,-62,0.312932081,D2
2025-03-28T19:28:17.0280080+00:00,9,-60.5,0.809941856,D2
2025-03-28T19:28:17.2556190+00:00,17,-63,6.105243536,D2
2025-03-28T19:28:17.5999530+00:00,17,-63,0.042951462,D2
2025-03-28T19:28:17.9017930+00:00,9,-60,0.398835005,D2
2025-03-28T19:28:18.1627250+00:00,17,-64,0.021475731,D2
2025-03-28T19:28:18.5970560+00:00,9,-59.5,0.650407854,D2
2025-03-28T19:28:18.8586140+00:00,17,-64,0,D2
2025-03-28T19:28:19.3421750+00:00,9,-60,0.656543777,D2
2025-03-28T19:28:19.6057580+00:00,17,-64,6.154330921,D2
2025-03-28T19:28:20.1145490+00:00,9,-59.5,0.711767086,D2
2025-03-28T19:28:20.3839960+00:00,17,-63.5,0.208621387,D2
2025-03-28T19:28:20.7862110+00:00,9,-59.5,0.533825314,D2
2025-03-28T19:28:21.0385860+00:00,17,-62,0.589048623,D2
2025-03-28T19:28:21.6788610+00:00,9,-60,0.742446701,D2
2025-03-28T19:28:21.9778460+00:00,17,-62,0.276116542,D2
2025-03-28T19:28:22.4877270+00:00,9,-60,0.650407854,D2
2025-03-28T19:28:22.6704770+00:00,17,-62,6.178874614,D2
2025-03-28T19:28:23.1688150+00:00,9,-59.5,0.736310778,D2
2025-03-28T19:28:23.4565410+00:00,17,-64,5.945709534,D2
2025-03-28T19:28:23.8656390+00:00,9,-61.5,0.079767001,D2
2025-03-28T19:28:24.1611540+00:00,17,-67,4.414796708,D2
2025-03-28T19:28:24.8484840+00:00,17,-69.5,2.877747958,D2
2025-03-28T19:28:25.3657570+00:00,9,-70.5,0.724038932,D2
2025-03-28T19:28:25.5570250+00:00,17,-69.5,0.177941771,D2
2025-03-28T19:28:26.0170450+00:00,9,-69.5,0.644271931,D2
2025-03-28T19:28:26.7126670+00:00,9,-70,0.68108747,D2
2025-03-28T19:28:27.2905000+00:00,9,-69.5,0.490873852,D2
2025-03-28T19:28:27.5151230+00:00,17,-70.5,0.11658254,D2
2025-03-28T19:28:27.9713410+00:00,9,-69.5,3.681553891,D2
2025-03-28T19:28:28.6307120+00:00,9,-68.5,3.331806271,D2
2025-03-28T19:28:28.9420430+00:00,17,-72.5,0.355883543,D2
2025-03-28T19:28:29.7138720+00:00,17,-69.5,1.257864246,D2
2025-03-28T19:28:30.1114660+00:00,9,-68,0.469398121,D2
2025-03-28T19:28:30.3218880+00:00,17,-68.5,3.896311201,D2
2025-03-28T19:28:30.7778100+00:00,9,-68.5,0.411106851,D2
2025-03-28T19:28:30.9594590+00:00,17,-68.5,3.696893699,D2
2025-03-28T19:28:31.4005390+00:00,9,-69,0.619728238,D2
2025-03-28T19:28:31.6436590+00:00,17,-67.5,0.665747662,D2
2025-03-28T19:28:32.1300360+00:00,9,-69.5,0.294524311,D2
2025-03-28T19:28:32.7769290+00:00,9,-70,0.840621472,D2
2025-03-28T19:28:32.9589180+00:00,17,-68,3.604854852,D2
2025-03-28T19:28:33.1457100+00:00,17,-68.5,0.362019466,D2
2025-03-28T19:28:33.5817370+00:00,9,-69,4.055845203,D2
2025-03-28T19:28:33.7727810+00:00,17,-67,0.377359274,D2
2025-03-28T19:28:34.2715370+00:00,9,-68.5,0.558369007,D2
2025-03-28T19:28:34.4668250+00:00,17,-70.5,0.736310778,D2
2025-03-28T19:28:34.9500650+00:00,9,-67.5,0.576776776,D2
2025-03-28T19:28:35.1048800+00:00,17,-64,2.730485802,D2
2025-03-28T19:28:35.6351480+00:00,9,-72,5.362796834,D2
2025-03-28T19:28:35.7342150+00:00,9,-70.5,4.571262748,D2
2025-03-28T19:28:35.8375160+00:00,17,-64,2.914563497,D2
2025-03-28T19:28:36.3382270+00:00,9,-68,1.291611823,D2
2025-03-28T19:28:36.4918740+00:00,17,-64,3.012738267,D2
2025-03-28T19:28:37.2779580+00:00,17,-61.5,3.393165503,D2
2025-03-28T19:28:37.8634570+00:00,9,-68,3.804272354,D2
2025-03-28T19:28:38.0176150+00:00,17,-66,0.702563201,D2
2025-03-28T19:28:38.5432900+00:00,9,-70.5,4.111068512,D2
2025-03-28T19:28:38.7050880+00:00,17,-66.5,3.715301468,D2
2025-03-28T19:28:39.2894950+00:00,9,-69,0.711767086,D2
2025-03-28T19:28:39.4259460+00:00,17,-65,3.859495662,D2
2025-03-28T19:28:39.8997730+00:00,9,-63.5,0.773126317,D2
2025-03-28T19:28:40.1867220+00:00,17,-66,4.187767551,D2
2025-03-28T19:28:40.6414140+00:00,9,-69,0.834485549,D2
2025-03-28T19:28:40.8017330+00:00,17,-64.5,4.246058821,D2
2025-03-28T19:28:40.9649050+00:00,17,-66.5,4.055845203,D2
2025-03-28T19:30:56.6554470+00:00,9,-62.5,2.012582794,L1
2025-03-28T19:30:57.3034710+00:00,9,-64,1.178097245,L1
2025-03-28T19:30:58.0476820+00:00,9,-61,1.22718463,L1
2025-03-28T19:30:58.6837560+00:00,9,-63,1.441941941,L1
2025-03-28T19:30:59.3271840+00:00,9,-62.5,1.024699166,L1
2025-03-28T19:30:59.8174410+00:00,9,-64.5,1.36217494,L1
2025-03-28T19:31:00.5702580+00:00,9,-62,1.840776945,L1
2025-03-28T19:31:01.1877140+00:00,9,-60,1.441941941,L1
2025-03-28T19:31:01.7185580+00:00,9,-62.5,1.264000169,L1
2025-03-28T19:31:02.6046180+00:00,9,-63.5,1.349903093,L1
2025-03-28T19:31:02.8692530+00:00,17,-71,1.656699251,L1
2025-03-28T19:31:03.3047120+00:00,9,-61.5,1.564660404,L1
2025-03-28T19:31:03.9996110+00:00,9,-62,1.01242732,L1
2025-03-28T19:31:04.2568120+00:00,9,-62,1.147417629,L1
2025-03-28T19:31:04.8059130+00:00,9,-62,0.693359316,L1
2025-03-28T19:31:05.4661460+00:00,9,-62,1.251728323,L1
2025-03-28T19:31:05.9591650+00:00,9,-61,1.429670094,L1
2025-03-28T19:31:06.7394520+00:00,9,-69,5.013049215,L1
2025-03-28T19:31:07.0396840+00:00,17,-68,0.957204012,L1
2025-03-28T19:31:07.3755570+00:00,9,-63.5,0.165669925,L1
2025-03-28T19:31:07.5815010+00:00,17,-66,5.387340527,L1
2025-03-28T19:31:08.0237140+00:00,9,-65,0.766990394,L1
2025-03-28T19:31:08.1433070+00:00,9,-64.5,0.846757395,L1
2025-03-28T19:31:08.3402500+00:00,17,-66,5.086680293,L1
2025-03-28T19:31:09.0016890+00:00,9,-64,1.01242732,L1
2025-03-28T19:31:09.1131770+00:00,17,-65,4.982369599,L1
2025-03-28T19:31:09.6875690+00:00,9,-63,0.987883627,L1
2025-03-28T19:31:09.9008660+00:00,17,-66,5.092816216,L1
2025-03-28T19:31:10.2424620+00:00,25,-72,5.503923067,L1
2025-03-28T19:31:10.5943450+00:00,9,-61.5,1.043106936,L1
2025-03-28T19:31:10.7726410+00:00,17,-67.5,5.043728831,L1
2025-03-28T19:31:11.2730040+00:00,9,-62.5,1.178097245,L1
2025-03-28T19:31:11.4784710+00:00,17,-65.5,5.157243409,L1
2025-03-28T19:31:12.0795080+00:00,9,-64,1.079922475,L1
2025-03-28T19:31:12.2897120+00:00,17,-65.5,1.948155601,L1
2025-03-28T19:31:12.7402980+00:00,9,-64,0.975611781,L1
2025-03-28T19:31:12.9565720+00:00,17,-66,5.105088062,L1
2025-03-28T19:31:13.3639900+00:00,9,-64,0.89584478,L1
2025-03-28T19:31:13.5800960+00:00,17,-65.5,5.157243409,L1
2025-03-28T19:31:14.0536800+00:00,9,-63,1.208776861,L1
2025-03-28T19:31:14.2703200+00:00,17,-65.5,5.013049215,L1
2025-03-28T19:31:14.7818800+00:00,9,-63,1.024699166,L1
2025-03-28T19:31:15.0078590+00:00,17,-65.5,5.049864754,L1
2025-03-28T19:31:15.5531940+00:00,9,-65,1.043106936,L1
2025-03-28T19:31:15.7516720+00:00,17,-65,1.902136177,L1
2025-03-28T19:31:16.1949770+00:00,1,-60,5.135767678,L1
2025-03-28T19:31:16.3296990+00:00,9,-64,0.865165164,L1
2025-03-28T19:31:16.5440340+00:00,17,-66,5.29530168,L1
2025-03-28T19:31:17.1672040+00:00,9,-67,0.905048665,L1
2025-03-28T19:31:17.3495060+00:00,17,-64.5,4.859651136,L1
2025-03-28T19:31:17.8319840+00:00,9,-65.5,0.60438843,L1
2025-03-28T19:31:17.9992650+00:00,17,-64,3.985282087,L1
2025-03-28T19:31:18.2799120+00:00,1,-59,4.835107443,L1
2025-03-28T19:31:18.5065710+00:00,9,-65,2.202796411,L1
2025-03-28T19:31:18.6850460+00:00,17,-62,4.356505438,L1
2025-03-28T19:31:19.1614610+00:00,9,-63,2.153709026,L1
2025-03-28T19:31:19.4012640+00:00,17,-63.5,5.209398756,L1
2025-03-28T19:31:19.7263670+00:00,1,-58,1.945087639,L1
2025-03-28T19:31:20.0611600+00:00,9,-64.5,2.104621641,L1
2025-03-28T19:31:20.2358380+00:00,17,-63,5.258486141,L1
2025-03-28T19:31:20.7719450+00:00,9,-65,2.000310947,L1
2025-03-28T19:31:20.9306840+00:00,17,-62.5,4.921010368,L1
2025-03-28T19:31:21.3859220+00:00,1,-60,4.94555406,L1
2025-03-28T19:31:21.5826700+00:00,9,-64.5,5.135767678,L1
2025-03-28T19:31:21.7806690+00:00,17,-63,1.767145868,L1
2025-03-28T19:31:22.1255340+00:00,1,-58,1.619883712,L1
2025-03-28T19:31:22.3543680+00:00,9,-65.5,5.264622064,L1
2025-03-28T19:31:22.5064200+00:00,17,-63,4.835107443,L1
2025-03-28T19:31:22.8694110+00:00,25,-72,6.264777538,L1
2025-03-28T19:31:23.0254430+00:00,1,-58.5,1.92667987,L1
2025-03-28T19:31:23.1638480+00:00,9,-65.5,2.626175109,L1
2025-03-28T19:31:23.3711410+00:00,17,-63.5,4.853515213,L1
2025-03-28T19:31:23.9975920+00:00,9,-65,2.080077948,L1
2025-03-28T19:31:24.1997740+00:00,17,-62.5,4.914874444,L1
2025-03-28T19:31:24.7362900+00:00,9,-65,2.276427489,L1
2025-03-28T19:31:24.9312850+00:00,17,-63.5,4.902602598,L1
2025-03-28T19:31:25.2777700+00:00,1,-59.5,5.27689391,L1
2025-03-28T19:31:25.6162080+00:00,9,-65,5.313709449,L1
2025-03-28T19:31:25.7288780+00:00,17,-63.5,4.736932673,L1
2025-03-28T19:31:26.1683510+00:00,1,-58.5,1.938951716,L1
2025-03-28T19:31:26.3674540+00:00,9,-65.5,5.424156066,L1
2025-03-28T19:31:26.5442710+00:00,17,-62,5.227806525,L1
2025-03-28T19:31:27.0367900+00:00,1,-58.5,1.816233253,L1
2025-03-28T19:31:27.2237660+00:00,9,-65.5,2.208932335,L1
2025-03-28T19:31:27.3891290+00:00,17,-63,4.970097753,L1
2025-03-28T19:31:27.7650650+00:00,17,-63,4.951689983,L1
2025-03-28T19:31:27.9848410+00:00,1,-56,4.957825906,L1
2025-03-28T19:31:28.0874630+00:00,9,-65.5,1.773281791,L1
2025-03-28T19:31:28.3875190+00:00,1,-58.5,5.068272523,L1
2025-03-28T19:31:28.6437630+00:00,9,-66.5,5.350524988,L1
2025-03-28T19:31:29.2327310+00:00,9,-71,1.306951631,L1
2025-03-28T19:31:30.3357930+00:00,25,-69.5,0.77926224,L1
2025-03-28T19:31:31.2345140+00:00,25,-67.5,0.196349541,L1
2025-03-28T19:31:32.0645200+00:00,17,-71,0.809941856,L1
2025-03-28T19:31:32.2698270+00:00,25,-70,1.061514705,L1
2025-03-28T19:31:32.9080390+00:00,17,-73,4.350369514,L1
2025-03-28T19:31:33.0642850+00:00,25,-70.5,4.215379205,L1
2025-03-28T19:31:33.8207320+00:00,17,-70.5,3.877903432,L1
2025-03-28T19:31:33.9800220+00:00,25,-70,1.055378782,L1
2025-03-28T19:31:34.8584930+00:00,25,-69,0.736310778,L1
2025-03-28T19:31:36.5224640+00:00,25,-69,0.687223393,L1
2025-03-28T19:31:37.3658470+00:00,25,-70,0.632000085,L1
2025-03-28T19:31:37.9537730+00:00,17,-71,1.092194321,L1
2025-03-28T19:31:38.6463770+00:00,17,-69.5,4.203107359,L1
2025-03-28T19:31:39.5144910+00:00,17,-71,4.221515128,L1
2025-03-28T19:31:41.1636740+00:00,25,-69.5,0.227029157,L1
2025-03-28T19:31:44.7683950+00:00,17,-62.5,3.497476196,L1
2025-03-28T19:31:44.9770080+00:00,25,-68,0.650407854,L1
2025-03-28T19:31:45.5380570+00:00,9,-70,0.889708857,L1
2025-03-28T19:31:45.6464480+00:00,17,-60.5,3.69996166,L1
2025-03-28T19:31:46.2475620+00:00,9,-68,0.073631078,L1
2025-03-28T19:31:46.3872140+00:00,17,-61.5,4.16629182,L1
2025-03-28T19:31:46.6574370+00:00,25,-69.5,4.086524819,L1
2025-03-28T19:31:47.2903760+00:00,9,-69,0.061359232,L1
2025-03-28T19:31:47.4580010+00:00,17,-61.5,3.411573272,L1
2025-03-28T19:31:47.6678610+00:00,25,-69,4.123340358,L1
2025-03-28T19:31:48.2340450+00:00,9,-69,0.012271846,L1
2025-03-28T19:31:48.3385640+00:00,17,-62.5,3.83495197,L1
2025-03-28T19:31:48.5571160+00:00,25,-70,3.969942279,L1
2025-03-28T19:31:48.9976400+00:00,9,-69,0.061359232,L1
2025-03-28T19:31:49.1371010+00:00,17,-61.5,3.620194659,L1
2025-03-28T19:31:49.7239410+00:00,9,-69.5,6.258641615,L1
2025-03-28T19:31:49.8505910+00:00,17,-60.5,3.687689814,L1
2025-03-28T19:31:50.1109320+00:00,25,-69.5,4.074252973,L1
2025-03-28T19:31:50.7217730+00:00,9,-70,0.049087385,L1
2025-03-28T19:31:50.8325050+00:00,17,-62.5,3.669282045,L1
2025-03-28T19:31:51.5033190+00:00,9,-69.5,6.178874614,L1
2025-03-28T19:31:51.6278820+00:00,17,-62,3.841087893,L1
2025-03-28T19:31:52.2380600+00:00,9,-68,6.252505691,L1
2025-03-28T19:31:52.4296180+00:00,17,-61,3.755184969,L1
2025-03-28T19:31:53.1488060+00:00,17,-61.5,3.798136431,L1
2025-03-28T19:31:53.7135020+00:00,9,-69.5,0.018407769,L1
2025-03-28T19:31:53.8585920+00:00,17,-62,4.068117049,L1
2025-03-28T19:31:54.0628030+00:00,25,-69.5,4.307418052,L1
2025-03-28T19:31:54.6402090+00:00,9,-70.5,0.312932081,L1
2025-03-28T19:31:54.7571440+00:00,17,-61,3.331806271,L1
2025-03-28T19:31:55.6297660+00:00,9,-68.5,0.110446617,L1
2025-03-28T19:31:55.8227550+00:00,17,-61.5,3.522019889,L1
2025-03-28T19:31:56.3774950+00:00,9,-69.5,0.067495155,L1
2025-03-28T19:31:56.5662240+00:00,17,-61,3.785864585,L1
2025-03-28T19:31:57.3287120+00:00,17,-61.5,3.914718971,L1
2025-03-28T19:31:58.0038090+00:00,17,-61.5,3.657010198,L1
2025-03-28T19:31:58.2596110+00:00,25,-70.5,4.301282129,L1
2025-03-28T19:31:58.6887020+00:00,9,-69.5,6.160466844,L1
2025-03-28T19:31:58.8162910+00:00,17,-61.5,3.871767509,L1
2025-03-28T19:31:59.0268890+00:00,17,-62,3.902447124,L1
2025-03-28T19:31:59.4205000+00:00,9,-69,0,L1
2025-03-28T19:31:59.5752980+00:00,17,-61,3.571107274,L1
2025-03-28T19:32:00.1090730+00:00,9,-69,0.239301003,L1
2025-03-28T19:32:00.2527410+00:00,17,-62,3.436116965,L1
2025-03-28T19:32:00.7349010+00:00,9,-68.5,0,L1
2025-03-28T19:32:00.8697040+00:00,17,-62,3.650874275,L1
2025-03-28T19:32:01.0827010+00:00,25,-67.5,0.975611781,L1
2025-03-28T19:32:01.5492270+00:00,9,-70,3.675417968,L1
2025-03-28T19:32:01.6726780+00:00,17,-63,4.141748127,L1
2025-03-28T19:32:01.9478340+00:00,25,-69,3.669282045,L1
2025-03-28T19:32:02.3948620+00:00,9,-70.5,4.043573357,L1
2025-03-28T19:32:02.5494530+00:00,17,-62.5,3.638602429,L1
2025-03-28T19:32:03.8297180+00:00,17,-66.5,4.304350091,L1
2025-03-28T19:32:04.3498160+00:00,9,-70,4.693981211,L1
2025-03-28T19:32:04.5168760+00:00,17,-63,3.307262579,L1
2025-03-28T19:32:04.8328210+00:00,25,-69,4.239922898,L1
2025-03-28T19:32:14.1222070+00:00,9,-70.5,1.214912784,L1
2025-03-28T19:32:14.2507750+00:00,17,-60,6.246369768,L1
2025-03-28T19:32:14.4223700+00:00,25,-63.5,3.522019889,L1
2025-03-28T19:32:14.6731260+00:00,25,-64.5,6.270913461,L1
2025-03-28T19:32:14.9279930+00:00,1,-56.5,3.920854894,L1
2025-03-28T19:32:14.9987040+00:00,9,-62.5,1.392854555,L1
2025-03-28T19:32:15.2477820+00:00,17,-58,6.252505691,L1
2025-03-28T19:32:15.4584260+00:00,25,-63,3.712233507,L1
2025-03-28T19:32:15.7230450+00:00,1,-59,0.981747704,L1
2025-03-28T19:32:15.9104260+00:00,9,-65,2.018718717,L1
2025-03-28T19:32:16.1017170+00:00,17,-58.5,6.197282383,L1
2025-03-28T19:32:16.3039520+00:00,25,-64,3.325670348,L1
2025-03-28T19:32:16.5864460+00:00,1,-58.5,1.018563243,L1
2025-03-28T19:32:16.7352740+00:00,9,-64,1.748738098,L1
2025-03-28T19:32:16.9677510+00:00,17,-58,6.19114646,L1
2025-03-28T19:32:17.1556580+00:00,25,-62,3.362485887,L1
2025-03-28T19:32:17.4623970+00:00,1,-59,0.68108747,L1
2025-03-28T19:32:17.6433810+00:00,9,-62.5,1.932815793,L1
2025-03-28T19:32:17.8431720+00:00,17,-58,6.062292074,L1
2025-03-28T19:32:18.0815980+00:00,25,-63.5,2.662990648,L1
2025-03-28T19:32:18.3599510+00:00,1,-59,0.638136008,L1
2025-03-28T19:32:18.6606290+00:00,1,-57,0.932660319,L1
2025-03-28T19:32:18.8609790+00:00,9,-63,1.705786636,L1
2025-03-28T19:32:18.9549350+00:00,17,-59,6.019340612,L1
2025-03-28T19:32:19.1718450+00:00,25,-63,3.325670348,L1
2025-03-28T19:32:19.4763530+00:00,1,-60,4.04970928,L1
2025-03-28T19:32:19.7256820+00:00,9,-63.5,4.767612289,L1
2025-03-28T19:32:19.8802340+00:00,17,-59.5,0.104310694,L1
2025-03-28T19:32:20.0657100+00:00,25,-64,3.657010198,L1
2025-03-28T19:32:20.3226390+00:00,1,-58.5,3.841087893,L1
2025-03-28T19:32:20.5173100+00:00,9,-61.5,1.589204096,L1
2025-03-28T19:32:20.7226940+00:00,17,-58.5,0.239301003,L1
2025-03-28T19:32:20.9041220+00:00,25,-63,3.534291735,L1
2025-03-28T19:32:21.3069050+00:00,9,-64,1.779417714,L1
2025-03-28T19:32:21.5164080+00:00,17,-59.5,0.171805848,L1
2025-03-28T19:32:21.6796020+00:00,25,-62.5,3.614058736,L1
2025-03-28T19:32:22.1408220+00:00,9,-63,1.748738098,L1
2025-03-28T19:32:22.3409520+00:00,17,-58.5,6.240233845,L1
2025-03-28T19:32:22.4685910+00:00,17,-59.5,0.144194194,L1
2025-03-28T19:32:22.6570140+00:00,25,-62.5,3.442252888,L1
2025-03-28T19:32:24.4157260+00:00,17,-66,1.521708942,L1
2025-03-28T19:32:24.6194760+00:00,25,-66.5,4.84737929,L1
2025-03-28T19:32:25.4555590+00:00,17,-66.5,0.202485464,L1
2025-03-28T19:32:26.1918600+00:00,17,-62,2.607767339,L1
2025-03-28T19:32:26.3942220+00:00,17,-63.5,5.307573526,L1
2025-03-28T19:32:26.9717730+00:00,17,-64,2.417553722,L1
2025-03-28T19:32:27.6562370+00:00,17,-65,2.08314591,L1
2025-03-28T19:32:28.3122910+00:00,17,-64,2.245747873,L1
2025-03-28T19:32:28.8819200+00:00,9,-71,1.773281791,L1
2025-03-28T19:32:29.0218970+00:00,17,-65.5,5.031456984,L1
2025-03-28T19:32:29.5574410+00:00,9,-69.5,1.589204096,L1
2025-03-28T19:32:29.7295030+00:00,17,-67,5.016117176,L1
2025-03-28T19:32:30.5839890+00:00,9,-70,2.000310947,L1
2025-03-28T19:32:30.7178160+00:00,17,-68,4.960893868,L1
2025-03-28T19:32:31.2584540+00:00,9,-70,1.583068173,L1
2025-03-28T19:32:31.4240700+00:00,17,-67,5.046796792,L1
2025-03-28T19:32:31.9306250+00:00,9,-70,1.448077864,L1
2025-03-28T19:32:32.0760570+00:00,17,-67,4.853515213,L1
2025-03-28T19:32:32.7609830+00:00,17,-67,5.092816216,L1
2025-03-28T19:32:33.2372720+00:00,9,-70.5,4.258330667,L1
2025-03-28T19:32:33.4166880+00:00,17,-65,5.028389023,L1
2025-03-28T19:32:33.8876990+00:00,9,-69.5,3.920854894,L1
2025-03-28T19:32:34.0192940+00:00,17,-63,1.34376717,L1
2025-03-28T19:32:34.1931630+00:00,17,-60.5,0.269980619,L1
2025-03-28T19:32:34.8768040+00:00,17,-60.5,5.190990986,L1
2025-03-28T19:32:35.4802690+00:00,9,-67.5,5.166447294,L1
2025-03-28T19:32:35.5853050+00:00,17,-67.5,0.95413605,L1
2025-03-28T19:32:35.7219400+00:00,17,-67,3.95153451,L1
2025-03-28T19:32:36.1450130+00:00,9,-70,3.417709195,L1
2025-03-28T19:32:36.2699440+00:00,17,-63.5,1.877592484,L1
2025-03-28T19:32:36.8532980+00:00,9,-65.5,0.944932165,L1
2025-03-28T19:32:37.7389180+00:00,17,-71.5,0.104310694,L1
2025-03-28T19:32:42.0674990+00:00,9,-72,5.215534679,L1
2025-03-28T19:32:46.0289160+00:00,17,-71.5,0.865165164,L1
2025-03-28T19:32:46.7818540+00:00,17,-71,1.073786552,L1
2025-03-28T19:32:48.9271540+00:00,17,-72,0.773126317,L1
2025-03-28T19:32:49.6457960+00:00,17,-71,4.129476281,L1
2025-03-28T19:32:50.4277360+00:00,17,-71.5,0.987883627,L1
2025-03-28T19:32:51.6512580+00:00,17,-71.5,0.6626797,L1
2025-03-28T19:32:52.3411610+00:00,17,-71.5,0.724038932,L1
2025-03-28T19:32:53.2254980+00:00,17,-72.5,0.497009775,L1
2025-03-28T19:32:54.4997660+00:00,9,-73,5.037592907,L1
2025-03-28T19:32:54.6600810+00:00,17,-72.5,1.104466167,L1
2025-03-28T19:32:57.1298660+00:00,9,-69.5,2.080077948,L1
2025-03-28T19:32:57.9437020+00:00,9,-71.5,5.350524988,L1
2025-03-28T19:32:59.3523360+00:00,9,-63.5,1.374446786,L1
2025-03-28T19:33:00.1888150+00:00,9,-68,1.448077864,L1
2025-03-28T19:33:00.7882140+00:00,9,-66.5,1.570796327,L1
2025-03-28T19:33:01.6206850+00:00,9,-67.5,1.552388557,L1
2025-03-28T19:33:01.8177710+00:00,17,-70.5,5.190990986,L1
2025-03-28T19:33:02.2576600+00:00,9,-67.5,1.656699251,L1
2025-03-28T19:33:03.0947050+00:00,9,-65.5,1.853048792,L1
2025-03-28T19:33:03.7668730+00:00,9,-67,4.78908802,L1
2025-03-28T19:33:04.4255120+00:00,9,-64.5,1.822369176,L1
2025-03-28T19:33:05.1372560+00:00,9,-66,1.466485633,L1
2025-03-28T19:33:06.0435460+00:00,9,-67,1.632155558,L1
2025-03-28T19:33:06.7046800+00:00,9,-67,5.013049215,L1
2025-03-28T19:33:07.3608960+00:00,9,-66,1.711922559,L1
2025-03-28T19:33:08.0494240+00:00,9,-66.5,1.687378867,L1
2025-03-28T19:33:08.7956820+00:00,9,-67.5,5.006913292,L1
2025-03-28T19:33:09.6532360+00:00,9,-67,4.942486099,L1
2025-03-28T19:33:10.3090780+00:00,9,-67,1.764077906,L1
2025-03-28T19:33:10.9993860+00:00,9,-66.5,1.859184715,L1
2025-03-28T19:33:11.5599430+00:00,9,-66,4.899534637,L1
2025-03-28T19:33:12.1104040+00:00,9,-66.5,1.638291481,L1
2025-03-28T19:33:12.7353770+00:00,9,-65,1.398990479,L1
2025-03-28T19:33:13.5765280+00:00,9,-66,1.270136092,L1
2025-03-28T19:33:14.2220450+00:00,9,-66.5,4.638757903,L1
2025-03-28T19:33:14.4169120+00:00,17,-70.5,4.859651136,L1
2025-03-28T19:33:14.9148630+00:00,9,-66,0.073631078,L1
2025-03-28T19:33:15.4998960+00:00,1,-58.5,5.822991071,L1
2025-03-28T19:33:16.1868530+00:00,25,-72.5,0.693359316,L1
2025-03-28T19:33:16.9577130+00:00,25,-72,0.539961237,L1
2025-03-28T19:33:17.2245340+00:00,25,-71.5,0.337475773,L1
2025-03-28T19:33:19.8391720+00:00,25,-72,3.945398586,L1
2025-03-28T19:33:29.2914570+00:00,25,-72.5,0.754718548,L1
2025-03-28T19:33:32.4045350+00:00,9,-69.5,1.552388557,L1
2025-03-28T19:33:33.1588030+00:00,9,-66.5,4.970097753,L1
2025-03-28T19:33:33.6568540+00:00,9,-68,4.822835597,L1
2025-03-28T19:33:34.3954900+00:00,9,-67.5,5.148039524,L1
2025-03-28T19:33:34.9519890+00:00,9,-67.5,5.111223985,L1
2025-03-28T19:33:35.6057980+00:00,9,-68,5.074408446,L1
2025-03-28T19:33:36.2465670+00:00,9,-67.5,5.114291947,L1
2025-03-28T19:33:36.9817830+00:00,9,-68.5,5.117359908,L1
2025-03-28T19:33:37.6797380+00:00,9,-67,1.856116753,L1
2025-03-28T19:33:38.2382410+00:00,9,-67.5,4.957825906,L1
2025-03-28T19:33:38.8885860+00:00,9,-68,5.135767678,L1
2025-03-28T19:33:39.5618190+00:00,9,-68,1.889864331,L1
2025-03-28T19:33:40.1588890+00:00,9,-67.5,4.967029791,L1
2025-03-28T19:33:41.8540360+00:00,9,-67.5,5.135767678,L1
2025-03-28T19:33:42.5862800+00:00,9,-68,4.957825906,L1
2025-03-28T19:33:43.2415160+00:00,9,-68.5,4.957825906,L1
2025-03-28T19:33:43.9931120+00:00,9,-68.5,1.705786636,L1
2025-03-28T19:33:44.7604670+00:00,9,-67,5.123495832,L1
2025-03-28T19:33:45.4585260+00:00,9,-60.5,5.804583301,L1
2025-03-28T19:33:46.0776760+00:00,9,-67.5,0.589048623,L1
2025-03-28T19:33:46.5837540+00:00,9,-62.5,0.012271846,L1
2025-03-28T19:33:47.5559310+00:00,17,-71,0.030679616,L1
2025-03-28T19:33:48.2192640+00:00,17,-73.5,0.018407769,L1
2025-03-28T19:33:50.0898050+00:00,9,-72,0.122718463,L1
2025-03-28T19:33:55.8068540+00:00,9,-70.5,0.294524311,L1
2025-03-28T19:33:56.5206160+00:00,9,-64,0.742446701,L1
2025-03-28T19:33:57.4701570+00:00,17,-66,1.438873979,L1
2025-03-28T19:33:58.3046630+00:00,9,-71.5,4.786020058,L1
2025-03-28T19:33:58.4283710+00:00,17,-64.5,1.491029326,L1
2025-03-28T19:33:58.9236460+00:00,9,-70.5,4.798291905,L1
2025-03-28T19:33:59.0709320+00:00,17,-66,4.635689941,L1
2025-03-28T19:33:59.7465600+00:00,9,-71,5.056000677,L1
2025-03-28T19:33:59.8928730+00:00,17,-64.5,1.282407939,L1
2025-03-28T19:34:00.5408630+00:00,9,-70.5,4.835107443,L1
2025-03-28T19:34:00.6645310+00:00,17,-64,1.319223478,L1
2025-03-28T19:34:01.2363760+00:00,9,-71.5,2.073942025,L1
2025-03-28T19:34:01.3581740+00:00,17,-64,1.291611823,L1
2025-03-28T19:34:01.9109720+00:00,9,-70.5,1.656699251,L1
2025-03-28T19:34:02.0620200+00:00,17,-64.5,1.242524438,L1
2025-03-28T19:34:02.5455360+00:00,9,-70.5,5.043728831,L1
2025-03-28T19:34:02.6750550+00:00,17,-64,1.135145783,L1
2025-03-28T19:34:03.2045070+00:00,9,-71.5,1.214912784,L1
2025-03-28T19:34:03.3306720+00:00,17,-65,1.346835132,L1
2025-03-28T19:34:03.8790500+00:00,9,-71.5,0.809941856,L1
2025-03-28T19:34:04.4674010+00:00,9,-70.5,1.043106936,L1
2025-03-28T19:34:04.5968140+00:00,17,-63.5,1.34376717,L1
2025-03-28T19:34:05.1847660+00:00,9,-72,4.393320977,L1
2025-03-28T19:34:05.2972980+00:00,17,-65,1.503301172,L1
2025-03-28T19:34:05.8500530+00:00,9,-72.5,1.668971097,L1
2025-03-28T19:34:05.9790250+00:00,17,-65.5,4.669437518,L1
2025-03-28T19:34:06.4969700+00:00,9,-70,4.871922982,L1
2025-03-28T19:34:06.6524740+00:00,17,-63.5,1.294679785,L1
2025-03-28T19:34:07.3326730+00:00,9,-71.5,5.074408446,L1
2025-03-28T19:34:07.4725570+00:00,17,-66,4.577398671,L1
2025-03-28T19:34:08.8148860+00:00,9,-72,1.073786552,L1
2025-03-28T19:34:09.5642580+00:00,9,-70.5,0.251572849,L1
2025-03-28T19:34:10.2422050+00:00,9,-68,3.730641276,L1
2025-03-28T19:34:10.8644630+00:00,9,-69,3.607922813,L1
2025-03-28T19:34:11.5627480+00:00,9,-68.5,0.46633016,L1
2025-03-28T19:34:12.3248140+00:00,9,-69,0.582912699,L1
2025-03-28T19:34:13.0116600+00:00,9,-70.5,0.6626797,L1
2025-03-28T19:34:13.6224810+00:00,9,-70,0.423378697,L1
2025-03-28T19:34:14.2759620+00:00,9,-71,3.749049046,L1
2025-03-28T19:34:15.0333530+00:00,9,-69,0.601320469,L1
2025-03-28T19:34:15.6367430+00:00,9,-70,0.613592315,L1
2025-03-28T19:34:16.2519300+00:00,9,-71,0.515417545,L1
2025-03-28T19:34:16.7524920+00:00,9,-67.5,0.886640895,L1
2025-03-28T19:34:18.0339380+00:00,9,-67,0.380427235,L1
2025-03-28T19:34:18.3561460+00:00,17,-66,6.148194998,L1
2025-03-28T19:34:18.8254920+00:00,9,-70,5.559146375,L1
2025-03-28T19:34:18.9940200+00:00,17,-69,0.484737929,L1
2025-03-28T19:34:19.5237550+00:00,9,-69,0.44792239,L1
2025-03-28T19:34:19.7126900+00:00,17,-69.5,0.79767001,L1
2025-03-28T19:34:19.8259250+00:00,17,-69.5,0.325203927,L1
2025-03-28T19:34:20.5185280+00:00,17,-66.5,0.220893233,L1
2025-03-28T19:34:21.1258820+00:00,9,-68,0.625864161,L1
2025-03-28T19:34:21.2654340+00:00,17,-65,2.982058652,L1
2025-03-28T19:34:21.7737480+00:00,9,-68,0.460194236,L1
2025-03-28T19:34:21.9309280+00:00,17,-67,0.589048623,L1
2025-03-28T19:34:22.4818150+00:00,9,-70,0.472466083,L1
2025-03-28T19:34:22.6068290+00:00,17,-65,3.227495578,L1
2025-03-28T19:34:23.2374460+00:00,9,-70,0.754718548,L1
2025-03-28T19:34:23.3810500+00:00,17,-66.5,0.392699082,L1
2025-03-28T19:34:23.9907790+00:00,9,-70,0.625864161,L1
2025-03-28T19:34:24.1506700+00:00,17,-66.5,0.450990352,L1
2025-03-28T19:34:24.6857420+00:00,9,-70,0.570640853,L1
2025-03-28T19:34:24.8297960+00:00,17,-64,3.742913122,L1
2025-03-28T19:34:25.3915750+00:00,9,-70.5,0.533825314,L1
2025-03-28T19:34:25.5339680+00:00,17,-65.5,0.217825272,L1
2025-03-28T19:34:26.1154420+00:00,9,-69,0.288388388,L1
2025-03-28T19:34:26.2720430+00:00,17,-65,3.043417883,L1
2025-03-28T19:34:26.7723860+00:00,9,-69,4.246058821,L1
2025-03-28T19:34:26.9343440+00:00,17,-63,1.951223562,L1
2025-03-28T19:34:27.7020960+00:00,17,-66,5.97638915,L1
2025-03-28T19:34:28.3655380+00:00,17,-64,3.117048961,L1
2025-03-28T19:34:29.0635900+00:00,17,-62,3.344078118,L1
2025-03-28T19:34:29.6880940+00:00,17,-62,3.000466421,L1
2025-03-28T19:34:30.3742600+00:00,17,-62,2.797980957,L1
2025-03-28T19:34:31.0417020+00:00,17,-62.5,2.368466336,L1
2025-03-28T19:34:31.8507030+00:00,17,-63,2.564815877,L1
2025-03-28T19:34:32.5104170+00:00,17,-63,2.755029495,L1
2025-03-28T19:34:33.1375210+00:00,17,-61.5,3.049553806,L1
2025-03-28T19:34:33.7486560+00:00,17,-61.5,2.896155728,L1
2025-03-28T19:34:34.4063660+00:00,17,-61,3.006602344,L1
2025-03-28T19:34:35.2716060+00:00,17,-61,3.190680039,L1
2025-03-28T19:34:35.5225560+00:00,17,-62,0.263844696,L1
2025-03-28T19:34:36.0527950+00:00,17,-62,3.074097499,L1
2025-03-28T19:34:36.6915070+00:00,17,-61.5,3.344078118,L1
2025-03-28T19:34:37.3802410+00:00,17,-65.5,0.297592273,L1
2025-03-28T19:34:38.6279120+00:00,9,-70,0.171805848,L1
2025-03-28T19:34:38.7467120+00:00,17,-67.5,0.981747704,L1
2025-03-28T19:34:39.3043930+00:00,9,-70.5,6.277049384,L1
2025-03-28T19:34:39.4495610+00:00,9,-70,0.092038847,L1
2025-03-28T19:34:39.5830300+00:00,17,-67,1.316155516,L1
2025-03-28T19:34:40.0438570+00:00,9,-69.5,6.227961999,L1
2025-03-28T19:34:40.5979540+00:00,9,-70,6.234097922,L1
2025-03-28T19:34:41.1613240+00:00,9,-71.5,5.884350302,L1
2025-03-28T19:34:41.2767350+00:00,17,-65,4.26446659,L1
2025-03-28T19:34:41.8277900+00:00,9,-69.5,5.638913376,L1
2025-03-28T19:34:42.0015260+00:00,17,-68,4.433204477,L1
2025-03-28T19:34:42.6283460+00:00,9,-71,5.792311455,L1
2025-03-28T19:34:43.1088240+00:00,9,-68,6.043884304,L1
2025-03-28T19:34:43.3879490+00:00,17,-68,1.132077821,L1
2025-03-28T19:34:43.8528150+00:00,9,-68.5,0.134990309,L1
2025-03-28T19:34:44.0674660+00:00,17,-72,1.521708942,L1
2025-03-28T19:34:44.5900350+00:00,9,-71,5.890486225,L1
2025-03-28T19:34:45.3187180+00:00,17,-66,1.564660404,L1
2025-03-28T19:34:45.9035620+00:00,9,-72,5.97638915,L1
2025-03-28T19:34:46.3337800+00:00,9,-70,5.749359993,L1
2025-03-28T19:34:46.4982850+00:00,17,-66.5,4.724660827,L1
2025-03-28T19:34:47.0696490+00:00,9,-71.5,0.153398079,L1
2025-03-28T19:34:47.3123940+00:00,17,-66,1.567728365,L1
2025-03-28T19:34:47.8403230+00:00,9,-72.5,5.74322407,L1
2025-03-28T19:34:47.9531940+00:00,17,-64.5,4.595806441,L1
2025-03-28T19:34:48.4386290+00:00,9,-71.5,6.203418306,L1
2025-03-28T19:34:48.5905480+00:00,17,-66.5,4.871922982,L1
2025-03-28T19:35:44.9993290+00:00,9,-71,4.976233676,L2
2025-03-28T19:35:49.0329990+00:00,9,-66.5,1.089126359,L2
2025-03-28T19:35:49.7865880+00:00,9,-70,4.031301511,L2
2025-03-28T19:35:50.4005840+00:00,9,-68,0.911184588,L2
2025-03-28T19:35:51.1265480+00:00,9,-70.5,1.491029326,L2
2025-03-28T19:35:53.0747170+00:00,1,-59,2.178252719,L2
2025-03-28T19:35:53.8075900+00:00,1,-58.5,5.669592992,L2
2025-03-28T19:35:54.4149030+00:00,25,-71.5,4.675573441,L2
2025-03-28T19:35:54.6236130+00:00,1,-59.5,5.221670602,L2
2025-03-28T19:35:55.7796480+00:00,1,-58,5.589825991,L2
2025-03-28T19:35:59.1459560+00:00,1,-60.5,4.939418137,L2
2025-03-28T19:36:00.7100860+00:00,1,-58.5,2.270291566,L2
2025-03-28T19:36:01.3835170+00:00,1,-59.5,5.080544369,L2
2025-03-28T19:36:01.9180350+00:00,1,-59,2.245747873,L2
2025-03-28T19:36:02.5218800+00:00,25,-71.5,4.135612204,L2
2025-03-28T19:36:03.3487900+00:00,1,-59,1.859184715,L2
2025-03-28T19:36:04.0645280+00:00,1,-59,5.190990986,L2
2025-03-28T19:36:04.2494190+00:00,1,-59,5.264622064,L2
2025-03-28T19:36:04.9126920+00:00,1,-59.5,1.840776945,L2
2025-03-28T19:36:07.1146360+00:00,1,-59,5.0621366,L2
2025-03-28T19:36:07.8672890+00:00,1,-58.5,2.25801972,L2
2025-03-28T19:36:08.6625060+00:00,1,-59,5.491651221,L2
2025-03-28T19:36:09.9848760+00:00,1,-58.5,5.381204604,L2
2025-03-28T19:36:11.1791640+00:00,1,-59.5,5.246214295,L2
2025-03-28T19:36:13.2400460+00:00,9,-70,4.368777284,L2
2025-03-28T19:36:13.3459020+00:00,17,-70.5,2.47277703,L2
2025-03-28T19:36:13.8318560+00:00,9,-64.5,5.460971605,L2
2025-03-28T19:36:14.0720760+00:00,17,-70,5.988660996,L2
2025-03-28T19:36:14.5346860+00:00,9,-62.5,4.896466675,L2
2025-03-28T19:36:15.2014270+00:00,9,-64,5.013049215,L2
2025-03-28T19:36:15.4139430+00:00,17,-67,0.184077695,L2
2025-03-28T19:36:15.9489140+00:00,9,-61.5,5.049864754,L2
2025-03-28T19:36:16.1932640+00:00,17,-68,5.755495916,L2
2025-03-28T19:36:16.7048310+00:00,9,-63,5.227806525,L2
2025-03-28T19:36:16.9123170+00:00,17,-67.5,0.193281579,L2
2025-03-28T19:36:17.3576910+00:00,9,-62.5,5.129631755,L2
2025-03-28T19:36:17.5806380+00:00,17,-68.5,5.997864881,L2
2025-03-28T19:36:18.0431580+00:00,9,-63.5,5.17871914,L2
2025-03-28T19:36:18.2812490+00:00,17,-69.5,6.099107613,L2
2025-03-28T19:36:18.6436890+00:00,9,-63,5.325981296,L2
2025-03-28T19:36:18.8646480+00:00,17,-68.5,2.620039186,L2
2025-03-28T19:36:19.3157840+00:00,9,-64,5.246214295,L2
2025-03-28T19:36:19.5011640+00:00,17,-68,6.138991113,L2
2025-03-28T19:36:20.0997840+00:00,9,-63,5.123495832,L2
2025-03-28T19:36:20.3367270+00:00,17,-69,6.031612458,L2
2025-03-28T19:36:20.8007850+00:00,9,-64,5.430291989,L2
2025-03-28T19:36:21.0206190+00:00,17,-68,6.188078498,L2
2025-03-28T19:36:21.5118260+00:00,9,-64.5,5.249282256,L2
2025-03-28T19:36:21.6837620+00:00,17,-65,5.614369684,L2
2025-03-28T19:36:22.1524870+00:00,9,-63.5,5.0621366,L2
2025-03-28T19:36:22.3628990+00:00,17,-69,0.009203885,L2
2025-03-28T19:36:22.7958800+00:00,9,-63,5.737088147,L2
2025-03-28T19:36:23.0554820+00:00,17,-69,6.000932842,L2
2025-03-28T19:36:23.5241440+00:00,9,-63,5.516194913,L2
2025-03-28T19:36:23.8019700+00:00,9,-64,5.381204604,L2
2025-03-28T19:36:23.9928630+00:00,17,-68.5,6.080699843,L2
2025-03-28T19:36:24.3344160+00:00,9,-63,5.301437603,L2
2025-03-28T19:36:24.8566460+00:00,9,-63,5.399612373,L2
2025-03-28T19:36:25.1097910+00:00,17,-69.5,6.025476535,L2
2025-03-28T19:36:25.5752800+00:00,9,-61.5,4.896466675,L2
2025-03-28T19:36:25.7934880+00:00,17,-69.5,0.128854386,L2
2025-03-28T19:36:26.2107480+00:00,9,-62.5,4.632621979,L2
2025-03-28T19:36:26.7248630+00:00,9,-62,4.718524904,L2
2025-03-28T19:36:26.9694930+00:00,17,-69.5,6.025476535,L2
2025-03-28T19:36:27.4513110+00:00,9,-67.5,1.494097287,L2
2025-03-28T19:36:40.2100370+00:00,17,-68,0.567572892,L2
2025-03-28T19:36:41.6265970+00:00,17,-71,0.484737929,L2
2025-03-28T19:36:42.4331310+00:00,17,-71,3.515883966,L2
2025-03-28T19:36:44.0325410+00:00,17,-69,0.44792239,L2
2025-03-28T19:36:44.7389740+00:00,17,-70,6.056156151,L2
2025-03-28T19:36:47.8108130+00:00,17,-70,0.687223393,L2
2025-03-28T19:36:50.4109170+00:00,17,-67.5,3.638602429,L2
2025-03-28T19:36:51.7980160+00:00,17,-67,1.067650628,L2
2025-03-28T19:36:52.4280610+00:00,17,-66,3.871767509,L2
2025-03-28T19:36:53.1891890+00:00,17,-67,0.911184588,L2
2025-03-28T19:36:53.8294830+00:00,17,-66.5,0.79767001,L2
2025-03-28T19:36:54.0583270+00:00,25,-69.5,4.644893826,L2
2025-03-28T19:36:54.5952320+00:00,17,-66.5,0.883572934,L2
2025-03-28T19:36:55.4145750+00:00,17,-68,4.270602513,L2
2025-03-28T19:36:56.0365030+00:00,17,-67.5,4.276738437,L2
2025-03-28T19:36:56.2337220+00:00,25,-69,4.835107443,L2
2025-03-28T19:36:56.9495950+00:00,25,-69.5,4.706253057,L2
2025-03-28T19:36:57.5672410+00:00,17,-69,0.89584478,L2
2025-03-28T19:36:58.1993430+00:00,17,-67,4.025165587,L2
2025-03-28T19:37:01.7143250+00:00,17,-66,4.123340358,L2
2025-03-28T19:37:01.9084060+00:00,25,-71,2.221204181,L2
2025-03-28T19:37:02.5410700+00:00,17,-66.5,4.101864627,L2
2025-03-28T19:37:03.2998880+00:00,17,-63,3.742913122,L2
2025-03-28T19:37:03.9827910+00:00,17,-64.5,3.896311201,L2
2025-03-28T19:37:04.6897590+00:00,17,-71,1.147417629,L2
2025-03-28T19:37:05.1473510+00:00,9,-69,4.331961745,L2
2025-03-28T19:37:05.9891020+00:00,9,-70,5.872078456,L2
2025-03-28T19:37:06.1874110+00:00,25,-69.5,0.883572934,L2
2025-03-28T19:37:06.6191770+00:00,9,-69.5,0.171805848,L2
2025-03-28T19:37:06.8095260+00:00,9,-68,6.117515382,L2
2025-03-28T19:37:07.3770410+00:00,9,-66.5,2.865476112,L2
2025-03-28T19:37:07.9986990+00:00,9,-64.5,2.448233337,L2
2025-03-28T19:37:08.6595340+00:00,9,-67,5.835262917,L2
2025-03-28T19:37:09.4517310+00:00,9,-68.5,0.165669925,L2
2025-03-28T19:37:09.9249300+00:00,9,-69.5,6.062292074,L2
2025-03-28T19:37:10.5043320+00:00,9,-66.5,2.549476069,L2
2025-03-28T19:37:10.6770150+00:00,9,-67.5,6.160466844,L2
2025-03-28T19:37:11.3474210+00:00,9,-69,6.123651305,L2
2025-03-28T19:37:12.0583780+00:00,9,-69,0.202485464,L2
2025-03-28T19:37:12.4190130+00:00,25,-71,3.890175278,L2
2025-03-28T19:37:12.8686470+00:00,9,-67.5,6.252505691,L2
2025-03-28T19:37:13.4967610+00:00,9,-67.5,6.212622191,L2
2025-03-28T19:37:15.0086120+00:00,9,-66,5.905826033,L2
2025-03-28T19:37:15.7006730+00:00,9,-65.5,0.46633016,L2
2025-03-28T19:37:16.0839270+00:00,25,-70.5,1.043106936,L2
2025-03-28T19:37:16.5514960+00:00,9,-70,0.202485464,L2
2025-03-28T19:37:17.0586780+00:00,9,-67,5.694136685,L2
2025-03-28T19:37:17.6028900+00:00,9,-68,6.148194998,L2
2025-03-28T19:37:18.3015640+00:00,9,-67,6.007068765,L2
2025-03-28T19:37:18.5732180+00:00,9,-67.5,5.921165841,L2
2025-03-28T19:37:19.0694770+00:00,9,-67.5,0.079767001,L2
2025-03-28T19:37:19.7338750+00:00,9,-65.5,5.669592992,L2
2025-03-28T19:37:20.1803390+00:00,25,-69,3.93312674,L2
2025-03-28T19:37:21.8739800+00:00,9,-67.5,0.282252465,L2
2025-03-28T19:37:22.6036450+00:00,9,-62.5,5.608233761,L2
2025-03-28T19:37:23.3360410+00:00,9,-62.5,6.197282383,L2
2025-03-28T19:37:24.0373320+00:00,9,-62,6.037748381,L2
2025-03-28T19:37:24.6682080+00:00,9,-62.5,0.042951462,L2
2025-03-28T19:37:25.4270680+00:00,9,-62,0.024543693,L2
2025-03-28T19:37:26.0887450+00:00,9,-62.5,6.185010537,L2
2025-03-28T19:37:26.3129620+00:00,9,-63,6.227961999,L2
2025-03-28T19:37:26.8065430+00:00,9,-62,5.786175532,L2
2025-03-28T19:37:27.5024880+00:00,9,-63,6.056156151,L2
2025-03-28T19:37:28.1185450+00:00,9,-62.5,6.19114646,L2
2025-03-28T19:37:28.6387850+00:00,9,-64,0.024543693,L2
2025-03-28T19:37:29.3003770+00:00,9,-63.5,0.134990309,L2
2025-03-28T19:37:30.0172110+00:00,9,-64,6.111379459,L2
2025-03-28T19:37:30.2364310+00:00,9,-64,0.21475731,L2
2025-03-28T19:37:30.8487420+00:00,9,-62,0.202485464,L2
2025-03-28T19:37:32.2375470+00:00,9,-65,5.635845415,L2
2025-03-28T19:37:32.8917370+00:00,9,-64,5.939573611,L2
2025-03-28T19:37:33.6051840+00:00,9,-64.5,6.037748381,L2
2025-03-28T19:37:34.4215400+00:00,9,-65,5.694136685,L2
2025-03-28T19:37:35.2309020+00:00,9,-63.5,5.553010452,L2
2025-03-28T19:37:35.8470830+00:00,9,-63.5,5.448699759,L2
2025-03-28T19:37:36.5359380+00:00,9,-65.5,5.80151534,L2
2025-03-28T19:37:37.1908090+00:00,9,-66,5.927301764,L2
2025-03-28T19:37:37.7227190+00:00,9,-66,5.884350302,L2
2025-03-28T19:37:38.4676080+00:00,9,-65,5.586758029,L2
2025-03-28T19:37:39.6050860+00:00,9,-65,5.798447378,L2
2025-03-28T19:37:40.2490130+00:00,9,-64,5.973321188,L2
2025-03-28T19:37:40.7655830+00:00,9,-64.5,6.031612458,L2
2025-03-28T19:37:41.4562920+00:00,9,-63,0.404970928,L2
2025-03-28T19:37:42.1795310+00:00,9,-68.5,6.080699843,L2
2025-03-28T19:37:43.6520930+00:00,17,-70,3.681553891,L2
2025-03-28T19:37:45.0074050+00:00,17,-71,0.699495239,L2
2025-03-28T19:37:45.6429270+00:00,17,-68,0.362019466,L2
2025-03-28T19:37:45.8418700+00:00,17,-70,0.417242774,L2
2025-03-28T19:37:46.0692520+00:00,25,-72,5.356660911,L2
2025-03-28T19:37:46.6336120+00:00,17,-70,3.479068427,L2
2025-03-28T19:37:46.8134910+00:00,25,-72,5.313709449,L2
2025-03-28T19:37:47.4278640+00:00,17,-69,0.104310694,L2
2025-03-28T19:37:48.1282180+00:00,17,-70.5,0.521553468,L2
2025-03-28T19:37:48.8459170+00:00,17,-70,3.982214125,L2
2025-03-28T19:37:51.8211510+00:00,17,-71,0.355883543,L2
2025-03-28T19:37:52.0764580+00:00,25,-71.5,5.902758072,L2
2025-03-28T19:37:52.6269990+00:00,17,-69,4.114136473,L2
2025-03-28T19:37:54.0679060+00:00,17,-69.5,0.693359316,L2
2025-03-28T19:37:55.0326150+00:00,9,-71,4.61421421,L2
2025-03-28T19:37:55.6723860+00:00,9,-67,0.926524396,L2
2025-03-28T19:37:56.3596340+00:00,9,-67.5,0.813009818,L2
2025-03-28T19:37:57.0464580+00:00,9,-69,0.957204012,L2
2025-03-28T19:37:57.7499360+00:00,9,-68.5,1.01242732,L2
2025-03-28T19:37:58.5027250+00:00,9,-71,0.539961237,L2
2025-03-28T19:37:59.2402650+00:00,9,-71,0.859029241,L2
2025-03-28T19:37:59.6935130+00:00,9,-69,0.288388388,L2
2025-03-28T19:38:00.3442600+00:00,9,-69,3.761320892,L2
2025-03-28T19:38:01.1076550+00:00,9,-71,0.656543777,L2
2025-03-28T19:38:01.8732890+00:00,9,-71,0.705631162,L2
2025-03-28T19:38:05.8302820+00:00,9,-67.5,5.951845457,L2
2025-03-28T19:38:06.4308790+00:00,9,-70.5,0.429514621,L2
2025-03-28T19:38:06.9088320+00:00,9,-60,1.69351479,L2
2025-03-28T19:38:07.3251920+00:00,25,-69,2.178252719,L2
2025-03-28T19:38:07.6664080+00:00,9,-63,1.521708942,L2
2025-03-28T19:38:08.1309250+00:00,25,-68,1.865320638,L2
2025-03-28T19:38:08.4958990+00:00,9,-62.5,2.055534256,L2
2025-03-28T19:38:08.7451420+00:00,17,-69,0.147262156,L2
2025-03-28T19:38:08.9115720+00:00,25,-70.5,5.190990986,L2
2025-03-28T19:38:09.4131280+00:00,9,-62.5,2.147573103,L2
2025-03-28T19:38:09.6611740+00:00,17,-68.5,6.209554229,L2
2025-03-28T19:38:09.8763300+00:00,25,-69.5,1.79168956,L2
2025-03-28T19:38:10.2552960+00:00,9,-62,1.877592484,L2
2025-03-28T19:38:10.5096220+00:00,17,-70,5.767767762,L2
2025-03-28T19:38:11.0218180+00:00,9,-62,1.650563328,L2
2025-03-28T19:38:11.2533200+00:00,17,-71,0.042951462,L2
2025-03-28T19:38:11.4532910+00:00,25,-69,5.27689391,L2
2025-03-28T19:38:11.8331190+00:00,9,-63.5,4.838175405,L2
2025-03-28T19:38:12.0370680+00:00,17,-70,0.073631078,L2
2025-03-28T19:38:12.1930060+00:00,25,-69.5,5.184855063,L2
2025-03-28T19:38:12.6079270+00:00,9,-62.5,1.803961407,L2
2025-03-28T19:38:12.8638900+00:00,17,-70.5,6.166602767,L2
2025-03-28T19:38:13.1709390+00:00,25,-69.5,4.970097753,L2
2025-03-28T19:38:13.5386440+00:00,9,-63.5,1.491029326,L2
2025-03-28T19:38:13.7601250+00:00,17,-69.5,6.264777538,L2
2025-03-28T19:38:13.9634530+00:00,25,-69,5.264622064,L2
2025-03-28T19:38:14.3539580+00:00,9,-62.5,1.742602175,L2
2025-03-28T19:38:14.5987080+00:00,17,-69.5,0.024543693,L2
2025-03-28T19:38:14.7765010+00:00,25,-69.5,5.123495832,L2
2025-03-28T19:38:15.1683780+00:00,9,-62.5,1.589204096,L2
2025-03-28T19:38:15.3742420+00:00,17,-67.5,0.018407769,L2
2025-03-28T19:38:15.6286100+00:00,25,-69,5.019185138,L2
2025-03-28T19:38:16.0423890+00:00,9,-62,1.613747789,L2
2025-03-28T19:38:16.2633240+00:00,17,-67.5,6.178874614,L2
2025-03-28T19:38:16.4471860+00:00,25,-70,5.000777369,L2
2025-03-28T19:38:16.8271130+00:00,9,-61.5,1.607611866,L2
2025-03-28T19:38:17.0979800+00:00,9,-62.5,1.718058482,L2
2025-03-28T19:38:17.2611200+00:00,17,-67,0.263844696,L2
2025-03-28T19:38:17.4117170+00:00,25,-69.5,1.754874021,L2
2025-03-28T19:38:17.7908330+00:00,9,-62.5,1.638291481,L2
2025-03-28T19:38:18.0257390+00:00,17,-68,0.44792239,L2
2025-03-28T19:38:18.2202590+00:00,25,-69,1.742602175,L2
2025-03-28T19:38:18.6044920+00:00,9,-62,1.730330329,L2
2025-03-28T19:38:18.8659520+00:00,17,-71,3.227495578,L2
2025-03-28T19:38:19.0270490+00:00,25,-70,4.816699674,L2
2025-03-28T19:38:19.4527800+00:00,9,-63.5,1.797825483,L2
2025-03-28T19:38:19.6994940+00:00,17,-70.5,0.190213618,L2
2025-03-28T19:38:19.8741840+00:00,25,-69,1.889864331,L2
2025-03-28T19:38:20.2446180+00:00,9,-63,1.883728408,L2
2025-03-28T19:38:20.4935790+00:00,17,-69.5,3.859495662,L2
2025-03-28T19:38:20.6665020+00:00,25,-70.5,2.110757564,L2
2025-03-28T19:38:21.1795200+00:00,9,-64,5.151107486,L2
2025-03-28T19:38:21.5548060+00:00,25,-68.5,4.657165672,L2
2025-03-28T19:38:21.9506090+00:00,9,-64,2.110757564,L2
2025-03-28T19:38:22.1701860+00:00,17,-70,2.92069942,L2
2025-03-28T19:38:22.3923250+00:00,25,-69,2.386874106,L2
2025-03-28T19:38:22.8195800+00:00,9,-64,1.441941941,L2
2025-03-28T19:38:23.2762730+00:00,25,-70,5.418020143,L2
2025-03-28T19:38:23.5962110+00:00,9,-61,2.37460226,L2
2025-03-28T19:38:23.8127160+00:00,17,-65,1.595340019,L2
2025-03-28T19:38:24.3200340+00:00,9,-68,2.853204265,L2
2025-03-28T19:38:24.4673180+00:00,17,-59.5,2.834796496,L2
2025-03-28T19:38:24.6963660+00:00,25,-68,0.165669925,L2
2025-03-28T19:38:24.9103050+00:00,25,-69.5,0.570640853,L2
2025-03-28T19:38:25.1636930+00:00,9,-63.5,0.042951462,L2
2025-03-28T19:38:25.3642160+00:00,17,-55.5,4.350369514,L2
2025-03-28T19:38:25.5797480+00:00,25,-66,0.632000085,L2
2025-03-28T19:38:26.0103820+00:00,9,-66,0.920388473,L2
2025-03-28T19:38:26.1769770+00:00,17,-57,4.792155981,L2
2025-03-28T19:38:26.4443780+00:00,25,-68.5,0.552233084,L2
2025-03-28T19:38:26.8355610+00:00,9,-63.5,1.135145783,L2
2025-03-28T19:38:27.0262640+00:00,17,-56,4.871922982,L2
2025-03-28T19:38:27.4930120+00:00,9,-63.5,1.159689476,L2
2025-03-28T19:38:27.6718710+00:00,17,-56.5,4.970097753,L2
2025-03-28T19:38:27.8603450+00:00,25,-67,1.141281706,L2
2025-03-28T19:38:28.3008880+00:00,9,-65,1.141281706,L2
2025-03-28T19:38:28.4899010+00:00,17,-55.5,4.908738521,L2
2025-03-28T19:38:28.8090280+00:00,25,-68,4.356505438,L2
2025-03-28T19:38:29.1780500+00:00,9,-63,0.89584478,L2
2025-03-28T19:38:29.3782170+00:00,17,-56.5,4.994641445,L2
2025-03-28T19:38:29.6502080+00:00,25,-65,0.883572934,L2
2025-03-28T19:38:30.0540630+00:00,9,-63,1.196505015,L2
2025-03-28T19:38:30.2694770+00:00,17,-57,4.896466675,L2
2025-03-28T19:38:30.5419850+00:00,25,-67.5,3.657010198,L2
2025-03-28T19:38:30.8818000+00:00,9,-62.5,0.760854471,L2
2025-03-28T19:38:31.0974730+00:00,17,-58.5,4.951689983,L2
2025-03-28T19:38:31.3053530+00:00,25,-66.5,3.8165442,L2
2025-03-28T19:38:31.6573000+00:00,9,-61.5,0.77926224,L2
2025-03-28T19:38:31.8577350+00:00,17,-56.5,4.583534594,L2
2025-03-28T19:38:32.1729840+00:00,25,-70.5,1.233320553,L2
2025-03-28T19:38:32.5162840+00:00,9,-60.5,0.521553468,L2
2025-03-28T19:38:32.6995720+00:00,9,-65.5,0.674951547,L2
2025-03-28T19:38:32.8794400+00:00,17,-61.5,4.988505522,L2
2025-03-28T19:38:33.3450740+00:00,9,-64,1.607611866,L2
2025-03-28T19:38:33.5819760+00:00,17,-68,1.564660404,L2
2025-03-28T19:38:34.0778430+00:00,9,-65.5,2.015650755,L2
2025-03-28T19:38:34.2734130+00:00,17,-67,1.264000169,L2
2025-03-28T19:38:34.8216410+00:00,9,-67.5,5.902758072,L2
2025-03-28T19:38:34.9634110+00:00,17,-65.5,1.015495282,L2
2025-03-28T19:38:35.4152290+00:00,9,-65,6.056156151,L2
2025-03-28T19:38:35.5776380+00:00,17,-63.5,1.2455924,L2
2025-03-28T19:38:36.1900410+00:00,9,-65,2.994330498,L2
2025-03-28T19:38:36.3642490+00:00,17,-64.5,1.178097245,L2
2025-03-28T19:38:36.6207330+00:00,17,-64.5,0.877437011,L2
2025-03-28T19:38:37.0738580+00:00,9,-66.5,5.847534763,L2
2025-03-28T19:38:37.2147790+00:00,17,-64.5,1.405126402,L2
2025-03-28T19:38:37.7763380+00:00,9,-68,2.423689645,L2
2025-03-28T19:38:37.9210200+00:00,17,-63.5,1.503301172,L2
2025-03-28T19:38:38.4872860+00:00,9,-62,2.902291651,L2
2025-03-28T19:38:38.6848750+00:00,17,-63,1.595340019,L2
2025-03-28T19:38:39.2820420+00:00,9,-66.5,5.737088147,L2
2025-03-28T19:38:39.4555000+00:00,17,-69.5,5.522330836,L2
2025-03-28T19:38:40.1659030+00:00,9,-70.5,5.896622149,L2
2025-03-28T19:38:40.2642180+00:00,17,-68,0.573708815,L2
2025-03-28T19:38:40.5221200+00:00,17,-64.5,0.263844696,L2
2025-03-28T19:38:40.9299470+00:00,9,-70.5,3.877903432,L2
2025-03-28T19:38:41.1186300+00:00,17,-68,1.006291397,L2
2025-03-28T19:38:41.6264670+00:00,9,-66.5,4.951689983,L2
2025-03-28T19:38:41.8558360+00:00,17,-70.5,4.577398671,L2
2025-03-28T19:38:42.5396210+00:00,17,-70.5,1.613747789,L2
2025-03-28T19:38:43.2349350+00:00,17,-67,0.334407812,L2
2025-03-28T19:38:43.8914710+00:00,17,-67,0.733242817,L2
2025-03-28T19:38:44.6228560+00:00,17,-67.5,0.834485549,L2
2025-03-28T19:38:45.3650630+00:00,17,-69,0.177941771,L2
2025-03-28T19:38:46.6960650+00:00,17,-68,3.785864585,L2
2025-03-28T19:38:47.2566800+00:00,9,-67,0.766990394,L2
2025-03-28T19:38:47.4028100+00:00,17,-67.5,0.411106851,L2
2025-03-28T19:38:47.8752340+00:00,9,-69.5,1.313087554,L2
2025-03-28T19:38:48.0461260+00:00,17,-68,0.441786467,L2
2025-03-28T19:38:48.6287260+00:00,9,-70.5,1.2455924,L2
2025-03-28T19:38:48.8749660+00:00,17,-69.5,0.141126232,L2
2025-03-28T19:38:49.4560770+00:00,9,-70,0.134990309,L2
2025-03-28T19:38:49.5712170+00:00,17,-66,0.990951589,L2
2025-03-28T19:38:50.1178840+00:00,9,-68.5,0.288388388,L2
2025-03-28T19:38:50.2943880+00:00,17,-68,0.806873894,L2
2025-03-28T19:38:51.0308340+00:00,17,-67.5,6.19114646,L2
2025-03-28T19:38:52.6173940+00:00,17,-70.5,0.717903009,L2
2025-03-28T19:38:53.3490760+00:00,17,-67,1.310019593,L2
2025-03-28T19:38:53.9589350+00:00,17,-67.5,0.892776819,L2
2025-03-28T19:38:54.4845420+00:00,9,-70.5,4.344233591,L2
2025-03-28T19:38:54.6651730+00:00,17,-64,5.95798138,L2
2025-03-28T19:38:55.3681720+00:00,17,-70.5,0.46633016,L2
2025-03-28T19:38:55.9639610+00:00,9,-70,5.031456984,L2
2025-03-28T19:38:56.3214080+00:00,17,-66.5,0.607456392,L2
2025-03-28T19:38:56.7764490+00:00,9,-71.5,5.41188422,L2
2025-03-28T19:38:56.9404160+00:00,17,-69,0.938796242,L2
2025-03-28T19:38:57.4238830+00:00,9,-71,1.945087639,L2
2025-03-28T19:38:57.6371370+00:00,17,-69.5,0.785398163,L2
